INFO:     Will watch for changes in these directories: ['/home/mekanhan/github/learning/plate_recognition/backend']
INFO:     Uvicorn running on http://0.0.0.0:8001 (Press CTRL+C to quit)
INFO:     Started reloader process [1884864] using WatchFiles
INFO:     Started server process [1884866]
INFO:     Waiting for application startup.
2025-07-25 16:59:55,320 INFO sqlalchemy.engine.Engine BEGIN (implicit)
2025-07-25 16:59:55,320 INFO sqlalchemy.engine.Engine PRAGMA main.table_info("cameras")
2025-07-25 16:59:55,320 INFO sqlalchemy.engine.Engine [raw sql] ()
2025-07-25 16:59:55,321 INFO sqlalchemy.engine.Engine COMMIT
INFO:     Application startup complete.
2025-07-25 16:59:55,753 INFO sqlalchemy.engine.Engine BEGIN (implicit)
2025-07-25 16:59:55,757 INFO sqlalchemy.engine.Engine SELECT cameras.id, cameras.name, cameras.ip_address, cameras.port, cameras.connection_type, cameras.stream_path, cameras.location, cameras.username, cameras.password, cameras.status, cameras.created_at, cameras.updated_at, cameras.enabled 
FROM cameras ORDER BY cameras.created_at DESC
 LIMIT ? OFFSET ?
2025-07-25 16:59:55,757 INFO sqlalchemy.engine.Engine [generated in 0.00014s] (100, 0)
2025-07-25 16:59:55,760 INFO sqlalchemy.engine.Engine BEGIN (implicit)
2025-07-25 16:59:55,760 INFO sqlalchemy.engine.Engine SELECT cameras.id, cameras.name, cameras.ip_address, cameras.port, cameras.connection_type, cameras.stream_path, cameras.location, cameras.username, cameras.password, cameras.status, cameras.created_at, cameras.updated_at, cameras.enabled 
FROM cameras ORDER BY cameras.created_at DESC
 LIMIT ? OFFSET ?
2025-07-25 16:59:55,760 INFO sqlalchemy.engine.Engine [cached since 0.003379s ago] (100, 0)
2025-07-25 16:59:55,760 INFO sqlalchemy.engine.Engine BEGIN (implicit)
2025-07-25 16:59:55,760 INFO sqlalchemy.engine.Engine SELECT cameras.id, cameras.name, cameras.ip_address, cameras.port, cameras.connection_type, cameras.stream_path, cameras.location, cameras.username, cameras.password, cameras.status, cameras.created_at, cameras.updated_at, cameras.enabled 
FROM cameras ORDER BY cameras.created_at DESC
 LIMIT ? OFFSET ?
2025-07-25 16:59:55,760 INFO sqlalchemy.engine.Engine [cached since 0.003984s ago] (100, 0)
2025-07-25 16:59:55,761 INFO sqlalchemy.engine.Engine SELECT cameras.id, cameras.name, cameras.ip_address, cameras.port, cameras.connection_type, cameras.stream_path, cameras.location, cameras.username, cameras.password, cameras.status, cameras.created_at, cameras.updated_at, cameras.enabled 
FROM cameras
2025-07-25 16:59:55,761 INFO sqlalchemy.engine.Engine [generated in 0.00010s] ()
2025-07-25 16:59:55,761 INFO sqlalchemy.engine.Engine BEGIN (implicit)
2025-07-25 16:59:55,762 INFO sqlalchemy.engine.Engine SELECT cameras.id, cameras.name, cameras.ip_address, cameras.port, cameras.connection_type, cameras.stream_path, cameras.location, cameras.username, cameras.password, cameras.status, cameras.created_at, cameras.updated_at, cameras.enabled 
FROM cameras ORDER BY cameras.created_at DESC
 LIMIT ? OFFSET ?
2025-07-25 16:59:55,762 INFO sqlalchemy.engine.Engine [cached since 0.005117s ago] (100, 0)
2025-07-25 16:59:55,762 INFO sqlalchemy.engine.Engine SELECT cameras.id, cameras.name, cameras.ip_address, cameras.port, cameras.connection_type, cameras.stream_path, cameras.location, cameras.username, cameras.password, cameras.status, cameras.created_at, cameras.updated_at, cameras.enabled 
FROM cameras
2025-07-25 16:59:55,763 INFO sqlalchemy.engine.Engine [cached since 0.001388s ago] ()
2025-07-25 16:59:55,764 INFO sqlalchemy.engine.Engine ROLLBACK
2025-07-25 16:59:55,765 INFO sqlalchemy.engine.Engine SELECT cameras.id, cameras.name, cameras.ip_address, cameras.port, cameras.connection_type, cameras.stream_path, cameras.location, cameras.username, cameras.password, cameras.status, cameras.created_at, cameras.updated_at, cameras.enabled 
FROM cameras
2025-07-25 16:59:55,765 INFO sqlalchemy.engine.Engine [cached since 0.003622s ago] ()
2025-07-25 16:59:55,766 INFO sqlalchemy.engine.Engine SELECT cameras.id, cameras.name, cameras.ip_address, cameras.port, cameras.connection_type, cameras.stream_path, cameras.location, cameras.username, cameras.password, cameras.status, cameras.created_at, cameras.updated_at, cameras.enabled 
FROM cameras
2025-07-25 16:59:55,766 INFO sqlalchemy.engine.Engine [cached since 0.004454s ago] ()
INFO:     127.0.0.1:58992 - "GET /api/v1/cameras/ HTTP/1.1" 200 OK
2025-07-25 16:59:55,767 INFO sqlalchemy.engine.Engine ROLLBACK
2025-07-25 16:59:55,767 INFO sqlalchemy.engine.Engine BEGIN (implicit)
2025-07-25 16:59:55,767 INFO sqlalchemy.engine.Engine SELECT cameras.id, cameras.name, cameras.ip_address, cameras.port, cameras.connection_type, cameras.stream_path, cameras.location, cameras.username, cameras.password, cameras.status, cameras.created_at, cameras.updated_at, cameras.enabled 
FROM cameras ORDER BY cameras.created_at DESC
 LIMIT ? OFFSET ?
2025-07-25 16:59:55,767 INFO sqlalchemy.engine.Engine [cached since 0.01091s ago] (100, 0)
2025-07-25 16:59:55,768 INFO sqlalchemy.engine.Engine ROLLBACK
INFO:     127.0.0.1:59008 - "GET /api/v1/cameras/ HTTP/1.1" 200 OK
INFO:     127.0.0.1:58994 - "GET /api/v1/cameras/ HTTP/1.1" 200 OK
2025-07-25 16:59:55,769 INFO sqlalchemy.engine.Engine BEGIN (implicit)
2025-07-25 16:59:55,769 INFO sqlalchemy.engine.Engine SELECT cameras.id, cameras.name, cameras.ip_address, cameras.port, cameras.connection_type, cameras.stream_path, cameras.location, cameras.username, cameras.password, cameras.status, cameras.created_at, cameras.updated_at, cameras.enabled 
FROM cameras ORDER BY cameras.created_at DESC
 LIMIT ? OFFSET ?
2025-07-25 16:59:55,769 INFO sqlalchemy.engine.Engine [cached since 0.0129s ago] (100, 0)
2025-07-25 16:59:55,770 INFO sqlalchemy.engine.Engine BEGIN (implicit)
2025-07-25 16:59:55,770 INFO sqlalchemy.engine.Engine SELECT cameras.id, cameras.name, cameras.ip_address, cameras.port, cameras.connection_type, cameras.stream_path, cameras.location, cameras.username, cameras.password, cameras.status, cameras.created_at, cameras.updated_at, cameras.enabled 
FROM cameras ORDER BY cameras.created_at DESC
 LIMIT ? OFFSET ?
2025-07-25 16:59:55,770 INFO sqlalchemy.engine.Engine [cached since 0.01374s ago] (100, 0)
2025-07-25 16:59:55,771 INFO sqlalchemy.engine.Engine SELECT cameras.id, cameras.name, cameras.ip_address, cameras.port, cameras.connection_type, cameras.stream_path, cameras.location, cameras.username, cameras.password, cameras.status, cameras.created_at, cameras.updated_at, cameras.enabled 
FROM cameras
2025-07-25 16:59:55,771 INFO sqlalchemy.engine.Engine [cached since 0.00997s ago] ()
2025-07-25 16:59:55,772 INFO sqlalchemy.engine.Engine ROLLBACK
INFO:     127.0.0.1:59020 - "GET /api/v1/cameras/ HTTP/1.1" 200 OK
2025-07-25 16:59:55,773 INFO sqlalchemy.engine.Engine SELECT cameras.id, cameras.name, cameras.ip_address, cameras.port, cameras.connection_type, cameras.stream_path, cameras.location, cameras.username, cameras.password, cameras.status, cameras.created_at, cameras.updated_at, cameras.enabled 
FROM cameras
2025-07-25 16:59:55,774 INFO sqlalchemy.engine.Engine [cached since 0.01234s ago] ()
2025-07-25 16:59:55,774 INFO sqlalchemy.engine.Engine BEGIN (implicit)
2025-07-25 16:59:55,775 INFO sqlalchemy.engine.Engine SELECT cameras.id, cameras.name, cameras.ip_address, cameras.port, cameras.connection_type, cameras.stream_path, cameras.location, cameras.username, cameras.password, cameras.status, cameras.created_at, cameras.updated_at, cameras.enabled 
FROM cameras ORDER BY cameras.created_at DESC
 LIMIT ? OFFSET ?
2025-07-25 16:59:55,775 INFO sqlalchemy.engine.Engine [cached since 0.01821s ago] (100, 0)
2025-07-25 16:59:55,776 INFO sqlalchemy.engine.Engine SELECT cameras.id, cameras.name, cameras.ip_address, cameras.port, cameras.connection_type, cameras.stream_path, cameras.location, cameras.username, cameras.password, cameras.status, cameras.created_at, cameras.updated_at, cameras.enabled 
FROM cameras
2025-07-25 16:59:55,776 INFO sqlalchemy.engine.Engine [cached since 0.01451s ago] ()
2025-07-25 16:59:55,776 INFO sqlalchemy.engine.Engine ROLLBACK
2025-07-25 16:59:55,778 INFO sqlalchemy.engine.Engine SELECT cameras.id, cameras.name, cameras.ip_address, cameras.port, cameras.connection_type, cameras.stream_path, cameras.location, cameras.username, cameras.password, cameras.status, cameras.created_at, cameras.updated_at, cameras.enabled 
FROM cameras
2025-07-25 16:59:55,778 INFO sqlalchemy.engine.Engine [cached since 0.01648s ago] ()
INFO:     127.0.0.1:58992 - "GET /api/v1/cameras/ HTTP/1.1" 200 OK
2025-07-25 16:59:55,779 INFO sqlalchemy.engine.Engine ROLLBACK
2025-07-25 16:59:55,779 INFO sqlalchemy.engine.Engine BEGIN (implicit)
2025-07-25 16:59:55,780 INFO sqlalchemy.engine.Engine SELECT cameras.id, cameras.name, cameras.ip_address, cameras.port, cameras.connection_type, cameras.stream_path, cameras.location, cameras.username, cameras.password, cameras.status, cameras.created_at, cameras.updated_at, cameras.enabled 
FROM cameras ORDER BY cameras.created_at DESC
 LIMIT ? OFFSET ?
2025-07-25 16:59:55,780 INFO sqlalchemy.engine.Engine [cached since 0.02327s ago] (100, 0)
2025-07-25 16:59:55,780 INFO sqlalchemy.engine.Engine ROLLBACK
2025-07-25 16:59:55,781 INFO sqlalchemy.engine.Engine ROLLBACK
2025-07-25 16:59:55,782 INFO sqlalchemy.engine.Engine BEGIN (implicit)
2025-07-25 16:59:55,783 INFO sqlalchemy.engine.Engine SELECT cameras.id, cameras.name, cameras.ip_address, cameras.port, cameras.connection_type, cameras.stream_path, cameras.location, cameras.username, cameras.password, cameras.status, cameras.created_at, cameras.updated_at, cameras.enabled 
FROM cameras 
WHERE cameras.id = ?
2025-07-25 16:59:55,783 INFO sqlalchemy.engine.Engine [generated in 0.00019s] (4,)
INFO:     127.0.0.1:59008 - "GET /api/v1/cameras/ HTTP/1.1" 200 OK
2025-07-25 16:59:55,785 INFO sqlalchemy.engine.Engine BEGIN (implicit)
2025-07-25 16:59:55,785 INFO sqlalchemy.engine.Engine SELECT cameras.id, cameras.name, cameras.ip_address, cameras.port, cameras.connection_type, cameras.stream_path, cameras.location, cameras.username, cameras.password, cameras.status, cameras.created_at, cameras.updated_at, cameras.enabled 
FROM cameras 
WHERE cameras.id = ?
2025-07-25 16:59:55,785 INFO sqlalchemy.engine.Engine [cached since 0.002415s ago] (3,)
INFO:     127.0.0.1:58994 - "GET /api/v1/cameras/ HTTP/1.1" 200 OK
2025-07-25 16:59:55,787 INFO sqlalchemy.engine.Engine SELECT cameras.id, cameras.name, cameras.ip_address, cameras.port, cameras.connection_type, cameras.stream_path, cameras.location, cameras.username, cameras.password, cameras.status, cameras.created_at, cameras.updated_at, cameras.enabled 
FROM cameras
2025-07-25 16:59:55,787 INFO sqlalchemy.engine.Engine [cached since 0.02606s ago] ()
INFO:     127.0.0.1:59020 - "GET /api/v1/cameras/ HTTP/1.1" 200 OK
2025-07-25 16:59:55,788 INFO sqlalchemy.engine.Engine BEGIN (implicit)
2025-07-25 16:59:55,788 INFO sqlalchemy.engine.Engine SELECT cameras.id, cameras.name, cameras.ip_address, cameras.port, cameras.connection_type, cameras.stream_path, cameras.location, cameras.username, cameras.password, cameras.status, cameras.created_at, cameras.updated_at, cameras.enabled 
FROM cameras ORDER BY cameras.created_at DESC
 LIMIT ? OFFSET ?
2025-07-25 16:59:55,788 INFO sqlalchemy.engine.Engine [cached since 0.03201s ago] (100, 0)
2025-07-25 16:59:55,791 INFO sqlalchemy.engine.Engine BEGIN (implicit)
2025-07-25 16:59:55,792 INFO sqlalchemy.engine.Engine SELECT cameras.id, cameras.name, cameras.ip_address, cameras.port, cameras.connection_type, cameras.stream_path, cameras.location, cameras.username, cameras.password, cameras.status, cameras.created_at, cameras.updated_at, cameras.enabled 
FROM cameras ORDER BY cameras.created_at DESC
 LIMIT ? OFFSET ?
2025-07-25 16:59:55,792 INFO sqlalchemy.engine.Engine [cached since 0.03531s ago] (100, 0)
2025-07-25 16:59:55,792 INFO sqlalchemy.engine.Engine SELECT cameras.id, cameras.name, cameras.ip_address, cameras.port, cameras.connection_type, cameras.stream_path, cameras.location, cameras.username, cameras.password, cameras.status, cameras.created_at, cameras.updated_at, cameras.enabled 
FROM cameras
2025-07-25 16:59:55,793 INFO sqlalchemy.engine.Engine [cached since 0.03139s ago] ()
2025-07-25 16:59:55,793 INFO sqlalchemy.engine.Engine ROLLBACK
2025-07-25 16:59:55,794 INFO sqlalchemy.engine.Engine BEGIN (implicit)
2025-07-25 16:59:55,794 INFO sqlalchemy.engine.Engine SELECT cameras.id, cameras.name, cameras.ip_address, cameras.port, cameras.connection_type, cameras.stream_path, cameras.location, cameras.username, cameras.password, cameras.status, cameras.created_at, cameras.updated_at, cameras.enabled 
FROM cameras ORDER BY cameras.created_at DESC
 LIMIT ? OFFSET ?
2025-07-25 16:59:55,794 INFO sqlalchemy.engine.Engine [cached since 0.03746s ago] (100, 0)
INFO:     127.0.0.1:58992 - "GET /api/v1/cameras/ HTTP/1.1" 200 OK
2025-07-25 16:59:55,796 INFO sqlalchemy.engine.Engine ROLLBACK
2025-07-25 16:59:55,797 INFO sqlalchemy.engine.Engine SELECT cameras.id, cameras.name, cameras.ip_address, cameras.port, cameras.connection_type, cameras.stream_path, cameras.location, cameras.username, cameras.password, cameras.status, cameras.created_at, cameras.updated_at, cameras.enabled 
FROM cameras
2025-07-25 16:59:55,797 INFO sqlalchemy.engine.Engine [cached since 0.03562s ago] ()
2025-07-25 16:59:55,798 INFO sqlalchemy.engine.Engine BEGIN (implicit)
2025-07-25 16:59:55,798 INFO sqlalchemy.engine.Engine SELECT cameras.id, cameras.name, cameras.ip_address, cameras.port, cameras.connection_type, cameras.stream_path, cameras.location, cameras.username, cameras.password, cameras.status, cameras.created_at, cameras.updated_at, cameras.enabled 
FROM cameras ORDER BY cameras.created_at DESC
 LIMIT ? OFFSET ?
2025-07-25 16:59:55,798 INFO sqlalchemy.engine.Engine [cached since 0.0418s ago] (100, 0)
INFO:     127.0.0.1:58994 - "GET /api/v1/cameras/ HTTP/1.1" 200 OK
2025-07-25 16:59:55,800 INFO sqlalchemy.engine.Engine BEGIN (implicit)
2025-07-25 16:59:55,800 INFO sqlalchemy.engine.Engine SELECT cameras.id, cameras.name, cameras.ip_address, cameras.port, cameras.connection_type, cameras.stream_path, cameras.location, cameras.username, cameras.password, cameras.status, cameras.created_at, cameras.updated_at, cameras.enabled 
FROM cameras 
WHERE cameras.id = ?
2025-07-25 16:59:55,800 INFO sqlalchemy.engine.Engine [cached since 0.01709s ago] (4,)
2025-07-25 16:59:55,802 INFO sqlalchemy.engine.Engine SELECT cameras.id, cameras.name, cameras.ip_address, cameras.port, cameras.connection_type, cameras.stream_path, cameras.location, cameras.username, cameras.password, cameras.status, cameras.created_at, cameras.updated_at, cameras.enabled 
FROM cameras
2025-07-25 16:59:55,802 INFO sqlalchemy.engine.Engine [cached since 0.04082s ago] ()
2025-07-25 16:59:55,806 INFO sqlalchemy.engine.Engine BEGIN (implicit)
2025-07-25 16:59:55,807 INFO sqlalchemy.engine.Engine SELECT cameras.id, cameras.name, cameras.ip_address, cameras.port, cameras.connection_type, cameras.stream_path, cameras.location, cameras.username, cameras.password, cameras.status, cameras.created_at, cameras.updated_at, cameras.enabled 
FROM cameras ORDER BY cameras.created_at DESC
 LIMIT ? OFFSET ?
2025-07-25 16:59:55,807 INFO sqlalchemy.engine.Engine [cached since 0.0503s ago] (100, 0)
2025-07-25 16:59:55,807 INFO sqlalchemy.engine.Engine SELECT cameras.id, cameras.name, cameras.ip_address, cameras.port, cameras.connection_type, cameras.stream_path, cameras.location, cameras.username, cameras.password, cameras.status, cameras.created_at, cameras.updated_at, cameras.enabled 
FROM cameras
2025-07-25 16:59:55,807 INFO sqlalchemy.engine.Engine [cached since 0.04603s ago] ()
2025-07-25 16:59:55,807 INFO sqlalchemy.engine.Engine BEGIN (implicit)
2025-07-25 16:59:55,808 INFO sqlalchemy.engine.Engine SELECT cameras.id, cameras.name, cameras.ip_address, cameras.port, cameras.connection_type, cameras.stream_path, cameras.location, cameras.username, cameras.password, cameras.status, cameras.created_at, cameras.updated_at, cameras.enabled 
FROM cameras 
WHERE cameras.id = ?
2025-07-25 16:59:55,808 INFO sqlalchemy.engine.Engine [cached since 0.02452s ago] (3,)
2025-07-25 16:59:55,808 INFO sqlalchemy.engine.Engine ROLLBACK
2025-07-25 16:59:55,808 INFO sqlalchemy.engine.Engine BEGIN (implicit)
2025-07-25 16:59:55,808 INFO sqlalchemy.engine.Engine SELECT cameras.id, cameras.name, cameras.ip_address, cameras.port, cameras.connection_type, cameras.stream_path, cameras.location, cameras.username, cameras.password, cameras.status, cameras.created_at, cameras.updated_at, cameras.enabled 
FROM cameras 
WHERE cameras.id = ?
2025-07-25 16:59:55,808 INFO sqlalchemy.engine.Engine [cached since 0.0254s ago] (4,)
2025-07-25 16:59:55,809 INFO sqlalchemy.engine.Engine BEGIN (implicit)
2025-07-25 16:59:55,809 INFO sqlalchemy.engine.Engine SELECT cameras.id, cameras.name, cameras.ip_address, cameras.port, cameras.connection_type, cameras.stream_path, cameras.location, cameras.username, cameras.password, cameras.status, cameras.created_at, cameras.updated_at, cameras.enabled 
FROM cameras 
WHERE cameras.id = ?
2025-07-25 16:59:55,809 INFO sqlalchemy.engine.Engine [cached since 0.02612s ago] (3,)
2025-07-25 16:59:55,810 INFO sqlalchemy.engine.Engine ROLLBACK
INFO:     127.0.0.1:59008 - "GET /api/v1/cameras/ HTTP/1.1" 200 OK
2025-07-25 16:59:55,813 INFO sqlalchemy.engine.Engine BEGIN (implicit)
2025-07-25 16:59:55,813 INFO sqlalchemy.engine.Engine SELECT cameras.id, cameras.name, cameras.ip_address, cameras.port, cameras.connection_type, cameras.stream_path, cameras.location, cameras.username, cameras.password, cameras.status, cameras.created_at, cameras.updated_at, cameras.enabled 
FROM cameras ORDER BY cameras.created_at DESC
 LIMIT ? OFFSET ?
2025-07-25 16:59:55,813 INFO sqlalchemy.engine.Engine [cached since 0.05675s ago] (100, 0)
INFO:     127.0.0.1:59020 - "GET /api/v1/cameras/ HTTP/1.1" 200 OK
2025-07-25 16:59:55,815 INFO sqlalchemy.engine.Engine SELECT cameras.id, cameras.name, cameras.ip_address, cameras.port, cameras.connection_type, cameras.stream_path, cameras.location, cameras.username, cameras.password, cameras.status, cameras.created_at, cameras.updated_at, cameras.enabled 
FROM cameras
2025-07-25 16:59:55,815 INFO sqlalchemy.engine.Engine [cached since 0.05392s ago] ()
2025-07-25 16:59:55,815 INFO sqlalchemy.engine.Engine ROLLBACK
2025-07-25 16:59:55,817 INFO sqlalchemy.engine.Engine BEGIN (implicit)
2025-07-25 16:59:55,817 INFO sqlalchemy.engine.Engine SELECT cameras.id, cameras.name, cameras.ip_address, cameras.port, cameras.connection_type, cameras.stream_path, cameras.location, cameras.username, cameras.password, cameras.status, cameras.created_at, cameras.updated_at, cameras.enabled 
FROM cameras ORDER BY cameras.created_at DESC
 LIMIT ? OFFSET ?
2025-07-25 16:59:55,817 INFO sqlalchemy.engine.Engine [cached since 0.06036s ago] (100, 0)
INFO:     127.0.0.1:58992 - "GET /api/v1/cameras/ HTTP/1.1" 200 OK
2025-07-25 16:59:55,820 INFO sqlalchemy.engine.Engine BEGIN (implicit)
2025-07-25 16:59:55,820 INFO sqlalchemy.engine.Engine SELECT cameras.id, cameras.name, cameras.ip_address, cameras.port, cameras.connection_type, cameras.stream_path, cameras.location, cameras.username, cameras.password, cameras.status, cameras.created_at, cameras.updated_at, cameras.enabled 
FROM cameras ORDER BY cameras.created_at DESC
 LIMIT ? OFFSET ?
2025-07-25 16:59:55,820 INFO sqlalchemy.engine.Engine [cached since 0.06349s ago] (100, 0)
2025-07-25 16:59:55,820 INFO sqlalchemy.engine.Engine SELECT cameras.id, cameras.name, cameras.ip_address, cameras.port, cameras.connection_type, cameras.stream_path, cameras.location, cameras.username, cameras.password, cameras.status, cameras.created_at, cameras.updated_at, cameras.enabled 
FROM cameras
2025-07-25 16:59:55,820 INFO sqlalchemy.engine.Engine [cached since 0.05927s ago] ()
2025-07-25 16:59:55,821 INFO sqlalchemy.engine.Engine ROLLBACK
2025-07-25 16:59:55,821 INFO sqlalchemy.engine.Engine SELECT cameras.id, cameras.name, cameras.ip_address, cameras.port, cameras.connection_type, cameras.stream_path, cameras.location, cameras.username, cameras.password, cameras.status, cameras.created_at, cameras.updated_at, cameras.enabled 
FROM cameras
2025-07-25 16:59:55,822 INFO sqlalchemy.engine.Engine [cached since 0.06047s ago] ()
INFO:     127.0.0.1:58994 - "GET /api/v1/cameras/ HTTP/1.1" 200 OK
2025-07-25 16:59:55,823 INFO sqlalchemy.engine.Engine ROLLBACK
2025-07-25 16:59:55,824 INFO sqlalchemy.engine.Engine BEGIN (implicit)
2025-07-25 16:59:55,824 INFO sqlalchemy.engine.Engine SELECT cameras.id, cameras.name, cameras.ip_address, cameras.port, cameras.connection_type, cameras.stream_path, cameras.location, cameras.username, cameras.password, cameras.status, cameras.created_at, cameras.updated_at, cameras.enabled 
FROM cameras ORDER BY cameras.created_at DESC
 LIMIT ? OFFSET ?
2025-07-25 16:59:55,824 INFO sqlalchemy.engine.Engine [cached since 0.06746s ago] (100, 0)
2025-07-25 16:59:55,825 INFO sqlalchemy.engine.Engine SELECT cameras.id, cameras.name, cameras.ip_address, cameras.port, cameras.connection_type, cameras.stream_path, cameras.location, cameras.username, cameras.password, cameras.status, cameras.created_at, cameras.updated_at, cameras.enabled 
FROM cameras
2025-07-25 16:59:55,825 INFO sqlalchemy.engine.Engine [cached since 0.06367s ago] ()
INFO:     127.0.0.1:59008 - "GET /api/v1/cameras/ HTTP/1.1" 200 OK
2025-07-25 16:59:55,825 INFO sqlalchemy.engine.Engine ROLLBACK
2025-07-25 16:59:55,826 INFO sqlalchemy.engine.Engine BEGIN (implicit)
2025-07-25 16:59:55,827 INFO sqlalchemy.engine.Engine SELECT cameras.id, cameras.name, cameras.ip_address, cameras.port, cameras.connection_type, cameras.stream_path, cameras.location, cameras.username, cameras.password, cameras.status, cameras.created_at, cameras.updated_at, cameras.enabled 
FROM cameras ORDER BY cameras.created_at DESC
 LIMIT ? OFFSET ?
2025-07-25 16:59:55,827 INFO sqlalchemy.engine.Engine [cached since 0.07037s ago] (100, 0)
INFO:     127.0.0.1:59020 - "GET /api/v1/cameras/ HTTP/1.1" 200 OK
2025-07-25 16:59:55,828 INFO sqlalchemy.engine.Engine ROLLBACK
2025-07-25 16:59:55,828 INFO sqlalchemy.engine.Engine SELECT cameras.id, cameras.name, cameras.ip_address, cameras.port, cameras.connection_type, cameras.stream_path, cameras.location, cameras.username, cameras.password, cameras.status, cameras.created_at, cameras.updated_at, cameras.enabled 
FROM cameras
2025-07-25 16:59:55,828 INFO sqlalchemy.engine.Engine [cached since 0.06698s ago] ()
2025-07-25 16:59:55,829 INFO sqlalchemy.engine.Engine BEGIN (implicit)
2025-07-25 16:59:55,829 INFO sqlalchemy.engine.Engine SELECT cameras.id, cameras.name, cameras.ip_address, cameras.port, cameras.connection_type, cameras.stream_path, cameras.location, cameras.username, cameras.password, cameras.status, cameras.created_at, cameras.updated_at, cameras.enabled 
FROM cameras ORDER BY cameras.created_at DESC
 LIMIT ? OFFSET ?
2025-07-25 16:59:55,829 INFO sqlalchemy.engine.Engine [cached since 0.0727s ago] (100, 0)
INFO:     127.0.0.1:58992 - "GET /api/v1/cameras/ HTTP/1.1" 200 OK
2025-07-25 16:59:55,831 INFO sqlalchemy.engine.Engine SELECT cameras.id, cameras.name, cameras.ip_address, cameras.port, cameras.connection_type, cameras.stream_path, cameras.location, cameras.username, cameras.password, cameras.status, cameras.created_at, cameras.updated_at, cameras.enabled 
FROM cameras
2025-07-25 16:59:55,831 INFO sqlalchemy.engine.Engine [cached since 0.07005s ago] ()
2025-07-25 16:59:55,832 INFO sqlalchemy.engine.Engine BEGIN (implicit)
2025-07-25 16:59:55,832 INFO sqlalchemy.engine.Engine SELECT cameras.id, cameras.name, cameras.ip_address, cameras.port, cameras.connection_type, cameras.stream_path, cameras.location, cameras.username, cameras.password, cameras.status, cameras.created_at, cameras.updated_at, cameras.enabled 
FROM cameras ORDER BY cameras.created_at DESC
 LIMIT ? OFFSET ?
2025-07-25 16:59:55,832 INFO sqlalchemy.engine.Engine [cached since 0.076s ago] (100, 0)
2025-07-25 16:59:55,833 INFO sqlalchemy.engine.Engine SELECT cameras.id, cameras.name, cameras.ip_address, cameras.port, cameras.connection_type, cameras.stream_path, cameras.location, cameras.username, cameras.password, cameras.status, cameras.created_at, cameras.updated_at, cameras.enabled 
FROM cameras
2025-07-25 16:59:55,833 INFO sqlalchemy.engine.Engine [cached since 0.07182s ago] ()
2025-07-25 16:59:55,834 INFO sqlalchemy.engine.Engine ROLLBACK
INFO:     127.0.0.1:58994 - "GET /api/v1/cameras/ HTTP/1.1" 200 OK
2025-07-25 16:59:55,836 INFO sqlalchemy.engine.Engine SELECT cameras.id, cameras.name, cameras.ip_address, cameras.port, cameras.connection_type, cameras.stream_path, cameras.location, cameras.username, cameras.password, cameras.status, cameras.created_at, cameras.updated_at, cameras.enabled 
FROM cameras
2025-07-25 16:59:55,836 INFO sqlalchemy.engine.Engine [cached since 0.07474s ago] ()
2025-07-25 16:59:55,836 INFO sqlalchemy.engine.Engine BEGIN (implicit)
2025-07-25 16:59:55,837 INFO sqlalchemy.engine.Engine SELECT cameras.id, cameras.name, cameras.ip_address, cameras.port, cameras.connection_type, cameras.stream_path, cameras.location, cameras.username, cameras.password, cameras.status, cameras.created_at, cameras.updated_at, cameras.enabled 
FROM cameras ORDER BY cameras.created_at DESC
 LIMIT ? OFFSET ?
2025-07-25 16:59:55,837 INFO sqlalchemy.engine.Engine [cached since 0.08029s ago] (100, 0)
2025-07-25 16:59:55,837 INFO sqlalchemy.engine.Engine ROLLBACK
2025-07-25 16:59:55,838 INFO sqlalchemy.engine.Engine ROLLBACK
INFO:     127.0.0.1:59020 - "GET /api/v1/cameras/ HTTP/1.1" 200 OK
INFO:     127.0.0.1:59008 - "GET /api/v1/cameras/ HTTP/1.1" 200 OK
2025-07-25 16:59:55,840 INFO sqlalchemy.engine.Engine ROLLBACK
2025-07-25 16:59:55,840 INFO sqlalchemy.engine.Engine BEGIN (implicit)
2025-07-25 16:59:55,840 INFO sqlalchemy.engine.Engine SELECT cameras.id, cameras.name, cameras.ip_address, cameras.port, cameras.connection_type, cameras.stream_path, cameras.location, cameras.username, cameras.password, cameras.status, cameras.created_at, cameras.updated_at, cameras.enabled 
FROM cameras ORDER BY cameras.created_at DESC
 LIMIT ? OFFSET ?
2025-07-25 16:59:55,840 INFO sqlalchemy.engine.Engine [cached since 0.08384s ago] (100, 0)
2025-07-25 16:59:55,841 INFO sqlalchemy.engine.Engine BEGIN (implicit)
2025-07-25 16:59:55,841 INFO sqlalchemy.engine.Engine SELECT cameras.id, cameras.name, cameras.ip_address, cameras.port, cameras.connection_type, cameras.stream_path, cameras.location, cameras.username, cameras.password, cameras.status, cameras.created_at, cameras.updated_at, cameras.enabled 
FROM cameras ORDER BY cameras.created_at DESC
 LIMIT ? OFFSET ?
2025-07-25 16:59:55,841 INFO sqlalchemy.engine.Engine [cached since 0.08436s ago] (100, 0)
2025-07-25 16:59:55,841 INFO sqlalchemy.engine.Engine SELECT cameras.id, cameras.name, cameras.ip_address, cameras.port, cameras.connection_type, cameras.stream_path, cameras.location, cameras.username, cameras.password, cameras.status, cameras.created_at, cameras.updated_at, cameras.enabled 
FROM cameras
2025-07-25 16:59:55,841 INFO sqlalchemy.engine.Engine [cached since 0.08003s ago] ()
INFO:     127.0.0.1:58992 - "GET /api/v1/cameras/ HTTP/1.1" 200 OK
2025-07-25 16:59:55,843 INFO sqlalchemy.engine.Engine BEGIN (implicit)
2025-07-25 16:59:55,843 INFO sqlalchemy.engine.Engine SELECT cameras.id, cameras.name, cameras.ip_address, cameras.port, cameras.connection_type, cameras.stream_path, cameras.location, cameras.username, cameras.password, cameras.status, cameras.created_at, cameras.updated_at, cameras.enabled 
FROM cameras ORDER BY cameras.created_at DESC
 LIMIT ? OFFSET ?
2025-07-25 16:59:55,844 INFO sqlalchemy.engine.Engine [cached since 0.08705s ago] (100, 0)
2025-07-25 16:59:55,845 INFO sqlalchemy.engine.Engine SELECT cameras.id, cameras.name, cameras.ip_address, cameras.port, cameras.connection_type, cameras.stream_path, cameras.location, cameras.username, cameras.password, cameras.status, cameras.created_at, cameras.updated_at, cameras.enabled 
FROM cameras
2025-07-25 16:59:55,845 INFO sqlalchemy.engine.Engine [cached since 0.08414s ago] ()
2025-07-25 16:59:55,846 INFO sqlalchemy.engine.Engine SELECT cameras.id, cameras.name, cameras.ip_address, cameras.port, cameras.connection_type, cameras.stream_path, cameras.location, cameras.username, cameras.password, cameras.status, cameras.created_at, cameras.updated_at, cameras.enabled 
FROM cameras
2025-07-25 16:59:55,846 INFO sqlalchemy.engine.Engine [cached since 0.08495s ago] ()
2025-07-25 16:59:55,847 INFO sqlalchemy.engine.Engine SELECT cameras.id, cameras.name, cameras.ip_address, cameras.port, cameras.connection_type, cameras.stream_path, cameras.location, cameras.username, cameras.password, cameras.status, cameras.created_at, cameras.updated_at, cameras.enabled 
FROM cameras
2025-07-25 16:59:55,847 INFO sqlalchemy.engine.Engine [cached since 0.08557s ago] ()
2025-07-25 16:59:55,847 INFO sqlalchemy.engine.Engine ROLLBACK
INFO:     127.0.0.1:58994 - "GET /api/v1/cameras/ HTTP/1.1" 200 OK
2025-07-25 16:59:55,849 INFO sqlalchemy.engine.Engine ROLLBACK
2025-07-25 16:59:55,850 INFO sqlalchemy.engine.Engine BEGIN (implicit)
2025-07-25 16:59:55,850 INFO sqlalchemy.engine.Engine SELECT cameras.id, cameras.name, cameras.ip_address, cameras.port, cameras.connection_type, cameras.stream_path, cameras.location, cameras.username, cameras.password, cameras.status, cameras.created_at, cameras.updated_at, cameras.enabled 
FROM cameras ORDER BY cameras.created_at DESC
 LIMIT ? OFFSET ?
2025-07-25 16:59:55,850 INFO sqlalchemy.engine.Engine [cached since 0.09365s ago] (100, 0)
2025-07-25 16:59:55,851 INFO sqlalchemy.engine.Engine ROLLBACK
2025-07-25 16:59:55,851 INFO sqlalchemy.engine.Engine ROLLBACK
INFO:     127.0.0.1:59008 - "GET /api/v1/cameras/ HTTP/1.1" 200 OK
2025-07-25 16:59:55,853 INFO sqlalchemy.engine.Engine BEGIN (implicit)
2025-07-25 16:59:55,853 INFO sqlalchemy.engine.Engine SELECT cameras.id, cameras.name, cameras.ip_address, cameras.port, cameras.connection_type, cameras.stream_path, cameras.location, cameras.username, cameras.password, cameras.status, cameras.created_at, cameras.updated_at, cameras.enabled 
FROM cameras ORDER BY cameras.created_at DESC
 LIMIT ? OFFSET ?
2025-07-25 16:59:55,853 INFO sqlalchemy.engine.Engine [cached since 0.09661s ago] (100, 0)
INFO:     127.0.0.1:58992 - "GET /api/v1/cameras/ HTTP/1.1" 200 OK
INFO:     127.0.0.1:59020 - "GET /api/v1/cameras/ HTTP/1.1" 200 OK
2025-07-25 16:59:55,854 INFO sqlalchemy.engine.Engine SELECT cameras.id, cameras.name, cameras.ip_address, cameras.port, cameras.connection_type, cameras.stream_path, cameras.location, cameras.username, cameras.password, cameras.status, cameras.created_at, cameras.updated_at, cameras.enabled 
FROM cameras
2025-07-25 16:59:55,854 INFO sqlalchemy.engine.Engine [cached since 0.0931s ago] ()
2025-07-25 16:59:55,855 INFO sqlalchemy.engine.Engine BEGIN (implicit)
2025-07-25 16:59:55,855 INFO sqlalchemy.engine.Engine SELECT cameras.id, cameras.name, cameras.ip_address, cameras.port, cameras.connection_type, cameras.stream_path, cameras.location, cameras.username, cameras.password, cameras.status, cameras.created_at, cameras.updated_at, cameras.enabled 
FROM cameras ORDER BY cameras.created_at DESC
 LIMIT ? OFFSET ?
2025-07-25 16:59:55,855 INFO sqlalchemy.engine.Engine [cached since 0.09854s ago] (100, 0)
2025-07-25 16:59:55,855 INFO sqlalchemy.engine.Engine BEGIN (implicit)
2025-07-25 16:59:55,856 INFO sqlalchemy.engine.Engine SELECT cameras.id, cameras.name, cameras.ip_address, cameras.port, cameras.connection_type, cameras.stream_path, cameras.location, cameras.username, cameras.password, cameras.status, cameras.created_at, cameras.updated_at, cameras.enabled 
FROM cameras ORDER BY cameras.created_at DESC
 LIMIT ? OFFSET ?
2025-07-25 16:59:55,856 INFO sqlalchemy.engine.Engine [cached since 0.09923s ago] (100, 0)
2025-07-25 16:59:55,858 INFO sqlalchemy.engine.Engine SELECT cameras.id, cameras.name, cameras.ip_address, cameras.port, cameras.connection_type, cameras.stream_path, cameras.location, cameras.username, cameras.password, cameras.status, cameras.created_at, cameras.updated_at, cameras.enabled 
FROM cameras
2025-07-25 16:59:55,858 INFO sqlalchemy.engine.Engine [cached since 0.09658s ago] ()
2025-07-25 16:59:55,858 INFO sqlalchemy.engine.Engine SELECT cameras.id, cameras.name, cameras.ip_address, cameras.port, cameras.connection_type, cameras.stream_path, cameras.location, cameras.username, cameras.password, cameras.status, cameras.created_at, cameras.updated_at, cameras.enabled 
FROM cameras
2025-07-25 16:59:55,858 INFO sqlalchemy.engine.Engine [cached since 0.09706s ago] ()
2025-07-25 16:59:55,859 INFO sqlalchemy.engine.Engine ROLLBACK
2025-07-25 16:59:55,859 INFO sqlalchemy.engine.Engine SELECT cameras.id, cameras.name, cameras.ip_address, cameras.port, cameras.connection_type, cameras.stream_path, cameras.location, cameras.username, cameras.password, cameras.status, cameras.created_at, cameras.updated_at, cameras.enabled 
FROM cameras
2025-07-25 16:59:55,859 INFO sqlalchemy.engine.Engine [cached since 0.09792s ago] ()
INFO:     127.0.0.1:58994 - "GET /api/v1/cameras/ HTTP/1.1" 200 OK
2025-07-25 16:59:55,861 INFO sqlalchemy.engine.Engine ROLLBACK
2025-07-25 16:59:55,862 INFO sqlalchemy.engine.Engine ROLLBACK
2025-07-25 16:59:55,862 INFO sqlalchemy.engine.Engine BEGIN (implicit)
2025-07-25 16:59:55,862 INFO sqlalchemy.engine.Engine SELECT cameras.id, cameras.name, cameras.ip_address, cameras.port, cameras.connection_type, cameras.stream_path, cameras.location, cameras.username, cameras.password, cameras.status, cameras.created_at, cameras.updated_at, cameras.enabled 
FROM cameras ORDER BY cameras.created_at DESC
 LIMIT ? OFFSET ?
2025-07-25 16:59:55,863 INFO sqlalchemy.engine.Engine [cached since 0.1061s ago] (100, 0)
2025-07-25 16:59:55,863 INFO sqlalchemy.engine.Engine ROLLBACK
INFO:     127.0.0.1:59008 - "GET /api/v1/cameras/ HTTP/1.1" 200 OK
2025-07-25 16:59:55,864 INFO sqlalchemy.engine.Engine BEGIN (implicit)
2025-07-25 16:59:55,865 INFO sqlalchemy.engine.Engine SELECT cameras.id, cameras.name, cameras.ip_address, cameras.port, cameras.connection_type, cameras.stream_path, cameras.location, cameras.username, cameras.password, cameras.status, cameras.created_at, cameras.updated_at, cameras.enabled 
FROM cameras ORDER BY cameras.created_at DESC
 LIMIT ? OFFSET ?
2025-07-25 16:59:55,865 INFO sqlalchemy.engine.Engine [cached since 0.1081s ago] (100, 0)
INFO:     127.0.0.1:59020 - "GET /api/v1/cameras/ HTTP/1.1" 200 OK
INFO:     127.0.0.1:58992 - "GET /api/v1/cameras/ HTTP/1.1" 200 OK
2025-07-25 16:59:55,866 INFO sqlalchemy.engine.Engine SELECT cameras.id, cameras.name, cameras.ip_address, cameras.port, cameras.connection_type, cameras.stream_path, cameras.location, cameras.username, cameras.password, cameras.status, cameras.created_at, cameras.updated_at, cameras.enabled 
FROM cameras
2025-07-25 16:59:55,866 INFO sqlalchemy.engine.Engine [cached since 0.1047s ago] ()
2025-07-25 16:59:55,866 INFO sqlalchemy.engine.Engine BEGIN (implicit)
2025-07-25 16:59:55,867 INFO sqlalchemy.engine.Engine SELECT cameras.id, cameras.name, cameras.ip_address, cameras.port, cameras.connection_type, cameras.stream_path, cameras.location, cameras.username, cameras.password, cameras.status, cameras.created_at, cameras.updated_at, cameras.enabled 
FROM cameras ORDER BY cameras.created_at DESC
 LIMIT ? OFFSET ?
2025-07-25 16:59:55,867 INFO sqlalchemy.engine.Engine [cached since 0.1105s ago] (100, 0)
2025-07-25 16:59:55,868 INFO sqlalchemy.engine.Engine BEGIN (implicit)
2025-07-25 16:59:55,868 INFO sqlalchemy.engine.Engine SELECT cameras.id, cameras.name, cameras.ip_address, cameras.port, cameras.connection_type, cameras.stream_path, cameras.location, cameras.username, cameras.password, cameras.status, cameras.created_at, cameras.updated_at, cameras.enabled 
FROM cameras ORDER BY cameras.created_at DESC
 LIMIT ? OFFSET ?
2025-07-25 16:59:55,868 INFO sqlalchemy.engine.Engine [cached since 0.1116s ago] (100, 0)
2025-07-25 16:59:55,869 INFO sqlalchemy.engine.Engine SELECT cameras.id, cameras.name, cameras.ip_address, cameras.port, cameras.connection_type, cameras.stream_path, cameras.location, cameras.username, cameras.password, cameras.status, cameras.created_at, cameras.updated_at, cameras.enabled 
FROM cameras
2025-07-25 16:59:55,869 INFO sqlalchemy.engine.Engine [cached since 0.1083s ago] ()
2025-07-25 16:59:55,870 INFO sqlalchemy.engine.Engine ROLLBACK
2025-07-25 16:59:55,871 INFO sqlalchemy.engine.Engine SELECT cameras.id, cameras.name, cameras.ip_address, cameras.port, cameras.connection_type, cameras.stream_path, cameras.location, cameras.username, cameras.password, cameras.status, cameras.created_at, cameras.updated_at, cameras.enabled 
FROM cameras
2025-07-25 16:59:55,871 INFO sqlalchemy.engine.Engine [cached since 0.11s ago] ()
2025-07-25 16:59:55,871 INFO sqlalchemy.engine.Engine SELECT cameras.id, cameras.name, cameras.ip_address, cameras.port, cameras.connection_type, cameras.stream_path, cameras.location, cameras.username, cameras.password, cameras.status, cameras.created_at, cameras.updated_at, cameras.enabled 
FROM cameras
2025-07-25 16:59:55,872 INFO sqlalchemy.engine.Engine [cached since 0.1104s ago] ()
INFO:     127.0.0.1:58994 - "GET /api/v1/cameras/ HTTP/1.1" 200 OK
2025-07-25 16:59:55,873 INFO sqlalchemy.engine.Engine BEGIN (implicit)
2025-07-25 16:59:55,873 INFO sqlalchemy.engine.Engine SELECT cameras.id, cameras.name, cameras.ip_address, cameras.port, cameras.connection_type, cameras.stream_path, cameras.location, cameras.username, cameras.password, cameras.status, cameras.created_at, cameras.updated_at, cameras.enabled 
FROM cameras ORDER BY cameras.created_at DESC
 LIMIT ? OFFSET ?
2025-07-25 16:59:55,873 INFO sqlalchemy.engine.Engine [cached since 0.117s ago] (100, 0)
2025-07-25 16:59:55,874 INFO sqlalchemy.engine.Engine ROLLBACK
2025-07-25 16:59:55,875 INFO sqlalchemy.engine.Engine ROLLBACK
2025-07-25 16:59:55,875 INFO sqlalchemy.engine.Engine ROLLBACK
INFO:     127.0.0.1:59008 - "GET /api/v1/cameras/ HTTP/1.1" 200 OK
INFO:     127.0.0.1:59020 - "GET /api/v1/cameras/ HTTP/1.1" 200 OK
2025-07-25 16:59:55,877 INFO sqlalchemy.engine.Engine BEGIN (implicit)
2025-07-25 16:59:55,877 INFO sqlalchemy.engine.Engine SELECT cameras.id, cameras.name, cameras.ip_address, cameras.port, cameras.connection_type, cameras.stream_path, cameras.location, cameras.username, cameras.password, cameras.status, cameras.created_at, cameras.updated_at, cameras.enabled 
FROM cameras ORDER BY cameras.created_at DESC
 LIMIT ? OFFSET ?
2025-07-25 16:59:55,877 INFO sqlalchemy.engine.Engine [cached since 0.1207s ago] (100, 0)
2025-07-25 16:59:55,878 INFO sqlalchemy.engine.Engine BEGIN (implicit)
2025-07-25 16:59:55,878 INFO sqlalchemy.engine.Engine SELECT cameras.id, cameras.name, cameras.ip_address, cameras.port, cameras.connection_type, cameras.stream_path, cameras.location, cameras.username, cameras.password, cameras.status, cameras.created_at, cameras.updated_at, cameras.enabled 
FROM cameras ORDER BY cameras.created_at DESC
 LIMIT ? OFFSET ?
2025-07-25 16:59:55,878 INFO sqlalchemy.engine.Engine [cached since 0.1214s ago] (100, 0)
2025-07-25 16:59:55,878 INFO sqlalchemy.engine.Engine SELECT cameras.id, cameras.name, cameras.ip_address, cameras.port, cameras.connection_type, cameras.stream_path, cameras.location, cameras.username, cameras.password, cameras.status, cameras.created_at, cameras.updated_at, cameras.enabled 
FROM cameras
2025-07-25 16:59:55,879 INFO sqlalchemy.engine.Engine [cached since 0.1173s ago] ()
INFO:     127.0.0.1:58992 - "GET /api/v1/cameras/ HTTP/1.1" 200 OK
2025-07-25 16:59:55,880 INFO sqlalchemy.engine.Engine BEGIN (implicit)
2025-07-25 16:59:55,880 INFO sqlalchemy.engine.Engine SELECT cameras.id, cameras.name, cameras.ip_address, cameras.port, cameras.connection_type, cameras.stream_path, cameras.location, cameras.username, cameras.password, cameras.status, cameras.created_at, cameras.updated_at, cameras.enabled 
FROM cameras ORDER BY cameras.created_at DESC
 LIMIT ? OFFSET ?
2025-07-25 16:59:55,880 INFO sqlalchemy.engine.Engine [cached since 0.1237s ago] (100, 0)
2025-07-25 16:59:55,881 INFO sqlalchemy.engine.Engine SELECT cameras.id, cameras.name, cameras.ip_address, cameras.port, cameras.connection_type, cameras.stream_path, cameras.location, cameras.username, cameras.password, cameras.status, cameras.created_at, cameras.updated_at, cameras.enabled 
FROM cameras
2025-07-25 16:59:55,881 INFO sqlalchemy.engine.Engine [cached since 0.1201s ago] ()
2025-07-25 16:59:55,882 INFO sqlalchemy.engine.Engine ROLLBACK
2025-07-25 16:59:55,882 INFO sqlalchemy.engine.Engine SELECT cameras.id, cameras.name, cameras.ip_address, cameras.port, cameras.connection_type, cameras.stream_path, cameras.location, cameras.username, cameras.password, cameras.status, cameras.created_at, cameras.updated_at, cameras.enabled 
FROM cameras
2025-07-25 16:59:55,883 INFO sqlalchemy.engine.Engine [cached since 0.1214s ago] ()
INFO:     127.0.0.1:58994 - "GET /api/v1/cameras/ HTTP/1.1" 200 OK
2025-07-25 16:59:55,885 INFO sqlalchemy.engine.Engine BEGIN (implicit)
2025-07-25 16:59:55,885 INFO sqlalchemy.engine.Engine SELECT cameras.id, cameras.name, cameras.ip_address, cameras.port, cameras.connection_type, cameras.stream_path, cameras.location, cameras.username, cameras.password, cameras.status, cameras.created_at, cameras.updated_at, cameras.enabled 
FROM cameras ORDER BY cameras.created_at DESC
 LIMIT ? OFFSET ?
2025-07-25 16:59:55,885 INFO sqlalchemy.engine.Engine [cached since 0.1283s ago] (100, 0)
2025-07-25 16:59:55,885 INFO sqlalchemy.engine.Engine SELECT cameras.id, cameras.name, cameras.ip_address, cameras.port, cameras.connection_type, cameras.stream_path, cameras.location, cameras.username, cameras.password, cameras.status, cameras.created_at, cameras.updated_at, cameras.enabled 
FROM cameras
2025-07-25 16:59:55,885 INFO sqlalchemy.engine.Engine [cached since 0.124s ago] ()
2025-07-25 16:59:55,886 INFO sqlalchemy.engine.Engine ROLLBACK
2025-07-25 16:59:55,887 INFO sqlalchemy.engine.Engine ROLLBACK
INFO:     127.0.0.1:59008 - "GET /api/v1/cameras/ HTTP/1.1" 200 OK
2025-07-25 16:59:55,889 INFO sqlalchemy.engine.Engine BEGIN (implicit)
2025-07-25 16:59:55,889 INFO sqlalchemy.engine.Engine SELECT cameras.id, cameras.name, cameras.ip_address, cameras.port, cameras.connection_type, cameras.stream_path, cameras.location, cameras.username, cameras.password, cameras.status, cameras.created_at, cameras.updated_at, cameras.enabled 
FROM cameras ORDER BY cameras.created_at DESC
 LIMIT ? OFFSET ?
2025-07-25 16:59:55,889 INFO sqlalchemy.engine.Engine [cached since 0.1325s ago] (100, 0)
2025-07-25 16:59:55,889 INFO sqlalchemy.engine.Engine ROLLBACK
INFO:     127.0.0.1:59020 - "GET /api/v1/cameras/ HTTP/1.1" 200 OK
2025-07-25 16:59:55,890 INFO sqlalchemy.engine.Engine SELECT cameras.id, cameras.name, cameras.ip_address, cameras.port, cameras.connection_type, cameras.stream_path, cameras.location, cameras.username, cameras.password, cameras.status, cameras.created_at, cameras.updated_at, cameras.enabled 
FROM cameras
2025-07-25 16:59:55,890 INFO sqlalchemy.engine.Engine [cached since 0.1291s ago] ()
INFO:     127.0.0.1:58992 - "GET /api/v1/cameras/ HTTP/1.1" 200 OK
2025-07-25 16:59:55,892 INFO sqlalchemy.engine.Engine SELECT cameras.id, cameras.name, cameras.ip_address, cameras.port, cameras.connection_type, cameras.stream_path, cameras.location, cameras.username, cameras.password, cameras.status, cameras.created_at, cameras.updated_at, cameras.enabled 
FROM cameras
2025-07-25 16:59:55,892 INFO sqlalchemy.engine.Engine [cached since 0.1307s ago] ()
2025-07-25 16:59:55,892 INFO sqlalchemy.engine.Engine ROLLBACK
INFO:     127.0.0.1:58994 - "GET /api/v1/cameras/ HTTP/1.1" 200 OK
2025-07-25 16:59:55,893 INFO sqlalchemy.engine.Engine ROLLBACK
INFO:     127.0.0.1:59008 - "GET /api/v1/cameras/ HTTP/1.1" 200 OK
2025-07-25 16:59:56,381 INFO sqlalchemy.engine.Engine BEGIN (implicit)
2025-07-25 16:59:56,381 INFO sqlalchemy.engine.Engine SELECT cameras.id, cameras.name, cameras.ip_address, cameras.port, cameras.connection_type, cameras.stream_path, cameras.location, cameras.username, cameras.password, cameras.status, cameras.created_at, cameras.updated_at, cameras.enabled 
FROM cameras ORDER BY cameras.created_at DESC
 LIMIT ? OFFSET ?
2025-07-25 16:59:56,381 INFO sqlalchemy.engine.Engine [cached since 0.6245s ago] (100, 0)
2025-07-25 16:59:56,382 INFO sqlalchemy.engine.Engine SELECT cameras.id, cameras.name, cameras.ip_address, cameras.port, cameras.connection_type, cameras.stream_path, cameras.location, cameras.username, cameras.password, cameras.status, cameras.created_at, cameras.updated_at, cameras.enabled 
FROM cameras
2025-07-25 16:59:56,382 INFO sqlalchemy.engine.Engine [cached since 0.6209s ago] ()
2025-07-25 16:59:56,383 INFO sqlalchemy.engine.Engine ROLLBACK
INFO:     127.0.0.1:59020 - "GET /api/v1/cameras/ HTTP/1.1" 200 OK
2025-07-25 16:59:56,444 INFO sqlalchemy.engine.Engine BEGIN (implicit)
2025-07-25 16:59:56,444 INFO sqlalchemy.engine.Engine SELECT cameras.id, cameras.name, cameras.ip_address, cameras.port, cameras.connection_type, cameras.stream_path, cameras.location, cameras.username, cameras.password, cameras.status, cameras.created_at, cameras.updated_at, cameras.enabled 
FROM cameras ORDER BY cameras.created_at DESC
 LIMIT ? OFFSET ?
2025-07-25 16:59:56,444 INFO sqlalchemy.engine.Engine [cached since 0.6877s ago] (100, 0)
2025-07-25 16:59:56,445 INFO sqlalchemy.engine.Engine SELECT cameras.id, cameras.name, cameras.ip_address, cameras.port, cameras.connection_type, cameras.stream_path, cameras.location, cameras.username, cameras.password, cameras.status, cameras.created_at, cameras.updated_at, cameras.enabled 
FROM cameras
2025-07-25 16:59:56,445 INFO sqlalchemy.engine.Engine [cached since 0.6837s ago] ()
2025-07-25 16:59:56,446 INFO sqlalchemy.engine.Engine ROLLBACK
INFO:     127.0.0.1:58992 - "GET /api/v1/cameras/ HTTP/1.1" 200 OK
[tcp @ 0x75789c0048c0] Connection to tcp://192.168.1.205:80 failed: No route to host
Failed to open camera stream: http://192.168.1.205:80/mjpeg
2025-07-25 16:59:58,859 INFO sqlalchemy.engine.Engine SELECT cameras.id, cameras.name, cameras.ip_address, cameras.port, cameras.connection_type, cameras.stream_path, cameras.location, cameras.username, cameras.password, cameras.status, cameras.created_at, cameras.updated_at, cameras.enabled 
FROM cameras 
WHERE cameras.id = ?
2025-07-25 16:59:58,859 INFO sqlalchemy.engine.Engine [cached since 3.076s ago] (4,)
2025-07-25 16:59:58,860 INFO sqlalchemy.engine.Engine UPDATE cameras SET updated_at=? WHERE cameras.id = ?
2025-07-25 16:59:58,861 INFO sqlalchemy.engine.Engine [generated in 0.00014s] ('2025-07-25 21:59:58.859805', 4)
2025-07-25 16:59:58,861 INFO sqlalchemy.engine.Engine COMMIT
2025-07-25 16:59:58,873 INFO sqlalchemy.engine.Engine BEGIN (implicit)
2025-07-25 16:59:58,874 INFO sqlalchemy.engine.Engine SELECT cameras.id, cameras.name, cameras.ip_address, cameras.port, cameras.connection_type, cameras.stream_path, cameras.location, cameras.username, cameras.password, cameras.status, cameras.created_at, cameras.updated_at, cameras.enabled 
FROM cameras 
WHERE cameras.id = ?
2025-07-25 16:59:58,874 INFO sqlalchemy.engine.Engine [generated in 0.00010s] (4,)
Error getting thumbnail for camera 4: 503: Failed to capture frame from camera
2025-07-25 16:59:58,875 INFO sqlalchemy.engine.Engine SELECT cameras.id, cameras.name, cameras.ip_address, cameras.port, cameras.connection_type, cameras.stream_path, cameras.location, cameras.username, cameras.password, cameras.status, cameras.created_at, cameras.updated_at, cameras.enabled 
FROM cameras 
WHERE cameras.id = ?
2025-07-25 16:59:58,875 INFO sqlalchemy.engine.Engine [cached since 3.092s ago] (4,)
2025-07-25 16:59:58,876 INFO sqlalchemy.engine.Engine UPDATE cameras SET updated_at=? WHERE cameras.id = ?
2025-07-25 16:59:58,876 INFO sqlalchemy.engine.Engine [cached since 0.01542s ago] ('2025-07-25 21:59:58.876018', 4)
2025-07-25 16:59:58,876 INFO sqlalchemy.engine.Engine COMMIT
2025-07-25 16:59:58,885 INFO sqlalchemy.engine.Engine BEGIN (implicit)
2025-07-25 16:59:58,886 INFO sqlalchemy.engine.Engine SELECT cameras.id, cameras.name, cameras.ip_address, cameras.port, cameras.connection_type, cameras.stream_path, cameras.location, cameras.username, cameras.password, cameras.status, cameras.created_at, cameras.updated_at, cameras.enabled 
FROM cameras 
WHERE cameras.id = ?
2025-07-25 16:59:58,886 INFO sqlalchemy.engine.Engine [cached since 0.01165s ago] (4,)
2025-07-25 16:59:58,886 INFO sqlalchemy.engine.Engine ROLLBACK
INFO:     127.0.0.1:59030 - "GET /stream/thumbnail/4?t=1753480795769 HTTP/1.1" 503 Service Unavailable
2025-07-25 16:59:58,888 INFO sqlalchemy.engine.Engine BEGIN (implicit)
2025-07-25 16:59:58,888 INFO sqlalchemy.engine.Engine SELECT cameras.id, cameras.name, cameras.ip_address, cameras.port, cameras.connection_type, cameras.stream_path, cameras.location, cameras.username, cameras.password, cameras.status, cameras.created_at, cameras.updated_at, cameras.enabled 
FROM cameras 
WHERE cameras.id = ?
2025-07-25 16:59:58,888 INFO sqlalchemy.engine.Engine [cached since 3.105s ago] (4,)
2025-07-25 17:00:03,219 INFO sqlalchemy.engine.Engine ROLLBACK
INFO:     127.0.0.1:59042 - "GET /stream/thumbnail/3?t=1753480795769 HTTP/1.1" 200 OK
2025-07-25 17:00:03,221 INFO sqlalchemy.engine.Engine BEGIN (implicit)
2025-07-25 17:00:03,221 INFO sqlalchemy.engine.Engine SELECT cameras.id, cameras.name, cameras.ip_address, cameras.port, cameras.connection_type, cameras.stream_path, cameras.location, cameras.username, cameras.password, cameras.status, cameras.created_at, cameras.updated_at, cameras.enabled 
FROM cameras 
WHERE cameras.id = ?
2025-07-25 17:00:03,221 INFO sqlalchemy.engine.Engine [cached since 7.438s ago] (3,)
2025-07-25 17:00:07,216 INFO sqlalchemy.engine.Engine ROLLBACK
INFO:     127.0.0.1:59062 - "GET /stream/thumbnail/3?t=1753480795773 HTTP/1.1" 200 OK
2025-07-25 17:00:07,218 INFO sqlalchemy.engine.Engine BEGIN (implicit)
2025-07-25 17:00:07,218 INFO sqlalchemy.engine.Engine SELECT cameras.id, cameras.name, cameras.ip_address, cameras.port, cameras.connection_type, cameras.stream_path, cameras.location, cameras.username, cameras.password, cameras.status, cameras.created_at, cameras.updated_at, cameras.enabled 
FROM cameras 
WHERE cameras.id = ?
2025-07-25 17:00:07,218 INFO sqlalchemy.engine.Engine [cached since 11.44s ago] (4,)
[tcp @ 0x757878004740] Connection to tcp://192.168.1.205:80 failed: No route to host
Failed to open camera stream: http://192.168.1.205:80/mjpeg
2025-07-25 17:00:10,278 INFO sqlalchemy.engine.Engine SELECT cameras.id, cameras.name, cameras.ip_address, cameras.port, cameras.connection_type, cameras.stream_path, cameras.location, cameras.username, cameras.password, cameras.status, cameras.created_at, cameras.updated_at, cameras.enabled 
FROM cameras 
WHERE cameras.id = ?
2025-07-25 17:00:10,278 INFO sqlalchemy.engine.Engine [cached since 14.5s ago] (4,)
2025-07-25 17:00:10,279 INFO sqlalchemy.engine.Engine UPDATE cameras SET updated_at=? WHERE cameras.id = ?
2025-07-25 17:00:10,279 INFO sqlalchemy.engine.Engine [cached since 11.42s ago] ('2025-07-25 22:00:10.279445', 4)
2025-07-25 17:00:10,280 INFO sqlalchemy.engine.Engine COMMIT
2025-07-25 17:00:10,289 INFO sqlalchemy.engine.Engine BEGIN (implicit)
2025-07-25 17:00:10,289 INFO sqlalchemy.engine.Engine SELECT cameras.id, cameras.name, cameras.ip_address, cameras.port, cameras.connection_type, cameras.stream_path, cameras.location, cameras.username, cameras.password, cameras.status, cameras.created_at, cameras.updated_at, cameras.enabled 
FROM cameras 
WHERE cameras.id = ?
2025-07-25 17:00:10,289 INFO sqlalchemy.engine.Engine [cached since 11.41s ago] (4,)
Error getting thumbnail for camera 4: 503: Failed to capture frame from camera
2025-07-25 17:00:10,289 INFO sqlalchemy.engine.Engine SELECT cameras.id, cameras.name, cameras.ip_address, cameras.port, cameras.connection_type, cameras.stream_path, cameras.location, cameras.username, cameras.password, cameras.status, cameras.created_at, cameras.updated_at, cameras.enabled 
FROM cameras 
WHERE cameras.id = ?
2025-07-25 17:00:10,289 INFO sqlalchemy.engine.Engine [cached since 14.51s ago] (4,)
2025-07-25 17:00:10,290 INFO sqlalchemy.engine.Engine UPDATE cameras SET updated_at=? WHERE cameras.id = ?
2025-07-25 17:00:10,290 INFO sqlalchemy.engine.Engine [cached since 11.43s ago] ('2025-07-25 22:00:10.290435', 4)
2025-07-25 17:00:10,291 INFO sqlalchemy.engine.Engine COMMIT
2025-07-25 17:00:10,299 INFO sqlalchemy.engine.Engine BEGIN (implicit)
2025-07-25 17:00:10,300 INFO sqlalchemy.engine.Engine SELECT cameras.id, cameras.name, cameras.ip_address, cameras.port, cameras.connection_type, cameras.stream_path, cameras.location, cameras.username, cameras.password, cameras.status, cameras.created_at, cameras.updated_at, cameras.enabled 
FROM cameras 
WHERE cameras.id = ?
2025-07-25 17:00:10,300 INFO sqlalchemy.engine.Engine [cached since 11.43s ago] (4,)
2025-07-25 17:00:10,300 INFO sqlalchemy.engine.Engine ROLLBACK
INFO:     127.0.0.1:59070 - "GET /stream/thumbnail/4?t=1753480795774 HTTP/1.1" 503 Service Unavailable
2025-07-25 17:00:10,302 INFO sqlalchemy.engine.Engine BEGIN (implicit)
2025-07-25 17:00:10,302 INFO sqlalchemy.engine.Engine SELECT cameras.id, cameras.name, cameras.ip_address, cameras.port, cameras.connection_type, cameras.stream_path, cameras.location, cameras.username, cameras.password, cameras.status, cameras.created_at, cameras.updated_at, cameras.enabled 
FROM cameras 
WHERE cameras.id = ?
2025-07-25 17:00:10,302 INFO sqlalchemy.engine.Engine [cached since 14.52s ago] (3,)
2025-07-25 17:00:12,465 INFO sqlalchemy.engine.Engine BEGIN (implicit)
2025-07-25 17:00:12,465 INFO sqlalchemy.engine.Engine SELECT cameras.id, cameras.name, cameras.ip_address, cameras.port, cameras.connection_type, cameras.stream_path, cameras.location, cameras.username, cameras.password, cameras.status, cameras.created_at, cameras.updated_at, cameras.enabled 
FROM cameras 
WHERE cameras.id = ?
2025-07-25 17:00:12,465 INFO sqlalchemy.engine.Engine [cached since 16.68s ago] (1,)
2025-07-25 17:00:12,466 INFO sqlalchemy.engine.Engine ROLLBACK
INFO:     127.0.0.1:52038 - "GET /api/v1/streams/status/1 HTTP/1.1" 404 Not Found
2025-07-25 17:00:12,471 INFO sqlalchemy.engine.Engine BEGIN (implicit)
2025-07-25 17:00:12,471 INFO sqlalchemy.engine.Engine SELECT cameras.id, cameras.name, cameras.ip_address, cameras.port, cameras.connection_type, cameras.stream_path, cameras.location, cameras.username, cameras.password, cameras.status, cameras.created_at, cameras.updated_at, cameras.enabled 
FROM cameras 
WHERE cameras.id = ?
2025-07-25 17:00:12,471 INFO sqlalchemy.engine.Engine [cached since 16.69s ago] (2,)
2025-07-25 17:00:12,471 INFO sqlalchemy.engine.Engine ROLLBACK
INFO:     127.0.0.1:52038 - "GET /api/v1/streams/status/2 HTTP/1.1" 404 Not Found
2025-07-25 17:00:12,476 INFO sqlalchemy.engine.Engine BEGIN (implicit)
2025-07-25 17:00:12,476 INFO sqlalchemy.engine.Engine SELECT cameras.id, cameras.name, cameras.ip_address, cameras.port, cameras.connection_type, cameras.stream_path, cameras.location, cameras.username, cameras.password, cameras.status, cameras.created_at, cameras.updated_at, cameras.enabled 
FROM cameras 
WHERE cameras.id = ?
2025-07-25 17:00:12,476 INFO sqlalchemy.engine.Engine [cached since 16.69s ago] (3,)
2025-07-25 17:00:12,477 INFO sqlalchemy.engine.Engine ROLLBACK
INFO:     127.0.0.1:52038 - "GET /api/v1/streams/status/3 HTTP/1.1" 200 OK
2025-07-25 17:00:12,482 INFO sqlalchemy.engine.Engine BEGIN (implicit)
2025-07-25 17:00:12,482 INFO sqlalchemy.engine.Engine SELECT cameras.id, cameras.name, cameras.ip_address, cameras.port, cameras.connection_type, cameras.stream_path, cameras.location, cameras.username, cameras.password, cameras.status, cameras.created_at, cameras.updated_at, cameras.enabled 
FROM cameras 
WHERE cameras.id = ?
2025-07-25 17:00:12,482 INFO sqlalchemy.engine.Engine [cached since 16.7s ago] (4,)
2025-07-25 17:00:12,483 INFO sqlalchemy.engine.Engine ROLLBACK
INFO:     127.0.0.1:52038 - "GET /api/v1/streams/status/4 HTTP/1.1" 200 OK
[tcp @ 0x75789c0048c0] Connection to tcp://192.168.1.205:80 failed: No route to host
Failed to open camera stream: http://192.168.1.205:80/mjpeg
2025-07-25 17:00:13,350 INFO sqlalchemy.engine.Engine SELECT cameras.id, cameras.name, cameras.ip_address, cameras.port, cameras.connection_type, cameras.stream_path, cameras.location, cameras.username, cameras.password, cameras.status, cameras.created_at, cameras.updated_at, cameras.enabled 
FROM cameras 
WHERE cameras.id = ?
2025-07-25 17:00:13,350 INFO sqlalchemy.engine.Engine [cached since 17.57s ago] (4,)
2025-07-25 17:00:13,351 INFO sqlalchemy.engine.Engine UPDATE cameras SET updated_at=? WHERE cameras.id = ?
2025-07-25 17:00:13,351 INFO sqlalchemy.engine.Engine [cached since 14.49s ago] ('2025-07-25 22:00:13.351397', 4)
2025-07-25 17:00:13,352 INFO sqlalchemy.engine.Engine COMMIT
2025-07-25 17:00:13,361 INFO sqlalchemy.engine.Engine BEGIN (implicit)
2025-07-25 17:00:13,361 INFO sqlalchemy.engine.Engine SELECT cameras.id, cameras.name, cameras.ip_address, cameras.port, cameras.connection_type, cameras.stream_path, cameras.location, cameras.username, cameras.password, cameras.status, cameras.created_at, cameras.updated_at, cameras.enabled 
FROM cameras 
WHERE cameras.id = ?
2025-07-25 17:00:13,361 INFO sqlalchemy.engine.Engine [cached since 14.49s ago] (4,)
Error getting thumbnail for camera 4: 503: Failed to capture frame from camera
2025-07-25 17:00:13,362 INFO sqlalchemy.engine.Engine SELECT cameras.id, cameras.name, cameras.ip_address, cameras.port, cameras.connection_type, cameras.stream_path, cameras.location, cameras.username, cameras.password, cameras.status, cameras.created_at, cameras.updated_at, cameras.enabled 
FROM cameras 
WHERE cameras.id = ?
2025-07-25 17:00:13,362 INFO sqlalchemy.engine.Engine [cached since 17.58s ago] (4,)
2025-07-25 17:00:13,363 INFO sqlalchemy.engine.Engine UPDATE cameras SET updated_at=? WHERE cameras.id = ?
2025-07-25 17:00:13,363 INFO sqlalchemy.engine.Engine [cached since 14.5s ago] ('2025-07-25 22:00:13.362985', 4)
2025-07-25 17:00:13,363 INFO sqlalchemy.engine.Engine COMMIT
2025-07-25 17:00:13,372 INFO sqlalchemy.engine.Engine BEGIN (implicit)
2025-07-25 17:00:13,372 INFO sqlalchemy.engine.Engine SELECT cameras.id, cameras.name, cameras.ip_address, cameras.port, cameras.connection_type, cameras.stream_path, cameras.location, cameras.username, cameras.password, cameras.status, cameras.created_at, cameras.updated_at, cameras.enabled 
FROM cameras 
WHERE cameras.id = ?
2025-07-25 17:00:13,372 INFO sqlalchemy.engine.Engine [cached since 14.5s ago] (4,)
2025-07-25 17:00:13,372 INFO sqlalchemy.engine.Engine ROLLBACK
INFO:     127.0.0.1:59030 - "GET /stream/thumbnail/4?t=1753480795781 HTTP/1.1" 503 Service Unavailable
2025-07-25 17:00:13,374 INFO sqlalchemy.engine.Engine BEGIN (implicit)
2025-07-25 17:00:13,374 INFO sqlalchemy.engine.Engine SELECT cameras.id, cameras.name, cameras.ip_address, cameras.port, cameras.connection_type, cameras.stream_path, cameras.location, cameras.username, cameras.password, cameras.status, cameras.created_at, cameras.updated_at, cameras.enabled 
FROM cameras 
WHERE cameras.id = ?
2025-07-25 17:00:13,374 INFO sqlalchemy.engine.Engine [cached since 17.59s ago] (4,)
2025-07-25 17:00:13,379 INFO sqlalchemy.engine.Engine BEGIN (implicit)
2025-07-25 17:00:13,379 INFO sqlalchemy.engine.Engine SELECT cameras.id, cameras.name, cameras.ip_address, cameras.port, cameras.connection_type, cameras.stream_path, cameras.location, cameras.username, cameras.password, cameras.status, cameras.created_at, cameras.updated_at, cameras.enabled 
FROM cameras 
WHERE cameras.id = ?
2025-07-25 17:00:13,379 INFO sqlalchemy.engine.Engine [cached since 17.6s ago] (1,)
2025-07-25 17:00:13,380 INFO sqlalchemy.engine.Engine ROLLBACK
INFO:     127.0.0.1:52038 - "GET /api/v1/streams/status/1 HTTP/1.1" 404 Not Found
2025-07-25 17:00:13,384 INFO sqlalchemy.engine.Engine BEGIN (implicit)
2025-07-25 17:00:13,384 INFO sqlalchemy.engine.Engine SELECT cameras.id, cameras.name, cameras.ip_address, cameras.port, cameras.connection_type, cameras.stream_path, cameras.location, cameras.username, cameras.password, cameras.status, cameras.created_at, cameras.updated_at, cameras.enabled 
FROM cameras 
WHERE cameras.id = ?
2025-07-25 17:00:13,384 INFO sqlalchemy.engine.Engine [cached since 17.6s ago] (2,)
2025-07-25 17:00:13,385 INFO sqlalchemy.engine.Engine ROLLBACK
INFO:     127.0.0.1:52038 - "GET /api/v1/streams/status/2 HTTP/1.1" 404 Not Found
2025-07-25 17:00:13,389 INFO sqlalchemy.engine.Engine BEGIN (implicit)
2025-07-25 17:00:13,389 INFO sqlalchemy.engine.Engine SELECT cameras.id, cameras.name, cameras.ip_address, cameras.port, cameras.connection_type, cameras.stream_path, cameras.location, cameras.username, cameras.password, cameras.status, cameras.created_at, cameras.updated_at, cameras.enabled 
FROM cameras 
WHERE cameras.id = ?
2025-07-25 17:00:13,389 INFO sqlalchemy.engine.Engine [cached since 17.61s ago] (3,)
2025-07-25 17:00:13,390 INFO sqlalchemy.engine.Engine ROLLBACK
INFO:     127.0.0.1:52038 - "GET /api/v1/streams/status/3 HTTP/1.1" 200 OK
2025-07-25 17:00:13,395 INFO sqlalchemy.engine.Engine BEGIN (implicit)
2025-07-25 17:00:13,396 INFO sqlalchemy.engine.Engine SELECT cameras.id, cameras.name, cameras.ip_address, cameras.port, cameras.connection_type, cameras.stream_path, cameras.location, cameras.username, cameras.password, cameras.status, cameras.created_at, cameras.updated_at, cameras.enabled 
FROM cameras 
WHERE cameras.id = ?
2025-07-25 17:00:13,396 INFO sqlalchemy.engine.Engine [cached since 17.61s ago] (4,)
2025-07-25 17:00:13,396 INFO sqlalchemy.engine.Engine ROLLBACK
INFO:     127.0.0.1:52038 - "GET /api/v1/streams/status/4 HTTP/1.1" 200 OK
2025-07-25 17:00:19,206 INFO sqlalchemy.engine.Engine ROLLBACK
INFO:     127.0.0.1:59042 - "GET /stream/thumbnail/3?t=1753480795781 HTTP/1.1" 200 OK
2025-07-25 17:00:19,208 INFO sqlalchemy.engine.Engine BEGIN (implicit)
2025-07-25 17:00:19,208 INFO sqlalchemy.engine.Engine SELECT cameras.id, cameras.name, cameras.ip_address, cameras.port, cameras.connection_type, cameras.stream_path, cameras.location, cameras.username, cameras.password, cameras.status, cameras.created_at, cameras.updated_at, cameras.enabled 
FROM cameras 
WHERE cameras.id = ?
2025-07-25 17:00:19,208 INFO sqlalchemy.engine.Engine [cached since 23.43s ago] (3,)
[tcp @ 0x75787c390300] Connection to tcp://192.168.1.205:80 failed: No route to host
Failed to open camera stream: http://192.168.1.205:80/mjpeg
2025-07-25 17:00:22,278 INFO sqlalchemy.engine.Engine SELECT cameras.id, cameras.name, cameras.ip_address, cameras.port, cameras.connection_type, cameras.stream_path, cameras.location, cameras.username, cameras.password, cameras.status, cameras.created_at, cameras.updated_at, cameras.enabled 
FROM cameras 
WHERE cameras.id = ?
2025-07-25 17:00:22,278 INFO sqlalchemy.engine.Engine [cached since 26.5s ago] (4,)
2025-07-25 17:00:22,279 INFO sqlalchemy.engine.Engine UPDATE cameras SET updated_at=? WHERE cameras.id = ?
2025-07-25 17:00:22,279 INFO sqlalchemy.engine.Engine [cached since 23.42s ago] ('2025-07-25 22:00:22.279385', 4)
2025-07-25 17:00:22,280 INFO sqlalchemy.engine.Engine COMMIT
2025-07-25 17:00:22,290 INFO sqlalchemy.engine.Engine BEGIN (implicit)
2025-07-25 17:00:22,290 INFO sqlalchemy.engine.Engine SELECT cameras.id, cameras.name, cameras.ip_address, cameras.port, cameras.connection_type, cameras.stream_path, cameras.location, cameras.username, cameras.password, cameras.status, cameras.created_at, cameras.updated_at, cameras.enabled 
FROM cameras 
WHERE cameras.id = ?
2025-07-25 17:00:22,290 INFO sqlalchemy.engine.Engine [cached since 23.42s ago] (4,)
Error getting thumbnail for camera 4: 503: Failed to capture frame from camera
2025-07-25 17:00:22,291 INFO sqlalchemy.engine.Engine SELECT cameras.id, cameras.name, cameras.ip_address, cameras.port, cameras.connection_type, cameras.stream_path, cameras.location, cameras.username, cameras.password, cameras.status, cameras.created_at, cameras.updated_at, cameras.enabled 
FROM cameras 
WHERE cameras.id = ?
2025-07-25 17:00:22,291 INFO sqlalchemy.engine.Engine [cached since 26.51s ago] (4,)
2025-07-25 17:00:22,291 INFO sqlalchemy.engine.Engine UPDATE cameras SET updated_at=? WHERE cameras.id = ?
2025-07-25 17:00:22,291 INFO sqlalchemy.engine.Engine [cached since 23.43s ago] ('2025-07-25 22:00:22.291696', 4)
2025-07-25 17:00:22,292 INFO sqlalchemy.engine.Engine COMMIT
2025-07-25 17:00:22,301 INFO sqlalchemy.engine.Engine BEGIN (implicit)
2025-07-25 17:00:22,301 INFO sqlalchemy.engine.Engine SELECT cameras.id, cameras.name, cameras.ip_address, cameras.port, cameras.connection_type, cameras.stream_path, cameras.location, cameras.username, cameras.password, cameras.status, cameras.created_at, cameras.updated_at, cameras.enabled 
FROM cameras 
WHERE cameras.id = ?
2025-07-25 17:00:22,301 INFO sqlalchemy.engine.Engine [cached since 23.43s ago] (4,)
2025-07-25 17:00:22,302 INFO sqlalchemy.engine.Engine ROLLBACK
INFO:     127.0.0.1:59062 - "GET /stream/thumbnail/4?t=1753480795789 HTTP/1.1" 503 Service Unavailable
2025-07-25 17:00:22,303 INFO sqlalchemy.engine.Engine BEGIN (implicit)
2025-07-25 17:00:22,303 INFO sqlalchemy.engine.Engine SELECT cameras.id, cameras.name, cameras.ip_address, cameras.port, cameras.connection_type, cameras.stream_path, cameras.location, cameras.username, cameras.password, cameras.status, cameras.created_at, cameras.updated_at, cameras.enabled 
FROM cameras 
WHERE cameras.id = ?
2025-07-25 17:00:22,303 INFO sqlalchemy.engine.Engine [cached since 26.52s ago] (4,)
2025-07-25 17:00:27,195 INFO sqlalchemy.engine.Engine ROLLBACK
INFO:     127.0.0.1:59070 - "GET /stream/thumbnail/3?t=1753480795789 HTTP/1.1" 200 OK
2025-07-25 17:00:27,197 INFO sqlalchemy.engine.Engine BEGIN (implicit)
2025-07-25 17:00:27,197 INFO sqlalchemy.engine.Engine SELECT cameras.id, cameras.name, cameras.ip_address, cameras.port, cameras.connection_type, cameras.stream_path, cameras.location, cameras.username, cameras.password, cameras.status, cameras.created_at, cameras.updated_at, cameras.enabled 
FROM cameras 
WHERE cameras.id = ?
2025-07-25 17:00:27,197 INFO sqlalchemy.engine.Engine [cached since 31.41s ago] (3,)
[tcp @ 0x75789c0048c0] Connection to tcp://192.168.1.205:80 failed: No route to host
Failed to open camera stream: http://192.168.1.205:80/mjpeg
2025-07-25 17:00:30,246 INFO sqlalchemy.engine.Engine SELECT cameras.id, cameras.name, cameras.ip_address, cameras.port, cameras.connection_type, cameras.stream_path, cameras.location, cameras.username, cameras.password, cameras.status, cameras.created_at, cameras.updated_at, cameras.enabled 
FROM cameras 
WHERE cameras.id = ?
2025-07-25 17:00:30,247 INFO sqlalchemy.engine.Engine [cached since 34.46s ago] (4,)
2025-07-25 17:00:30,247 INFO sqlalchemy.engine.Engine UPDATE cameras SET updated_at=? WHERE cameras.id = ?
2025-07-25 17:00:30,247 INFO sqlalchemy.engine.Engine [cached since 31.39s ago] ('2025-07-25 22:00:30.247580', 4)
2025-07-25 17:00:30,248 INFO sqlalchemy.engine.Engine COMMIT
2025-07-25 17:00:30,259 INFO sqlalchemy.engine.Engine BEGIN (implicit)
2025-07-25 17:00:30,260 INFO sqlalchemy.engine.Engine SELECT cameras.id, cameras.name, cameras.ip_address, cameras.port, cameras.connection_type, cameras.stream_path, cameras.location, cameras.username, cameras.password, cameras.status, cameras.created_at, cameras.updated_at, cameras.enabled 
FROM cameras 
WHERE cameras.id = ?
2025-07-25 17:00:30,260 INFO sqlalchemy.engine.Engine [cached since 31.39s ago] (4,)
Error getting thumbnail for camera 4: 503: Failed to capture frame from camera
2025-07-25 17:00:30,260 INFO sqlalchemy.engine.Engine SELECT cameras.id, cameras.name, cameras.ip_address, cameras.port, cameras.connection_type, cameras.stream_path, cameras.location, cameras.username, cameras.password, cameras.status, cameras.created_at, cameras.updated_at, cameras.enabled 
FROM cameras 
WHERE cameras.id = ?
2025-07-25 17:00:30,260 INFO sqlalchemy.engine.Engine [cached since 34.48s ago] (4,)
2025-07-25 17:00:30,261 INFO sqlalchemy.engine.Engine UPDATE cameras SET updated_at=? WHERE cameras.id = ?
2025-07-25 17:00:30,261 INFO sqlalchemy.engine.Engine [cached since 31.4s ago] ('2025-07-25 22:00:30.261306', 4)
2025-07-25 17:00:30,261 INFO sqlalchemy.engine.Engine COMMIT
2025-07-25 17:00:30,270 INFO sqlalchemy.engine.Engine BEGIN (implicit)
2025-07-25 17:00:30,271 INFO sqlalchemy.engine.Engine SELECT cameras.id, cameras.name, cameras.ip_address, cameras.port, cameras.connection_type, cameras.stream_path, cameras.location, cameras.username, cameras.password, cameras.status, cameras.created_at, cameras.updated_at, cameras.enabled 
FROM cameras 
WHERE cameras.id = ?
2025-07-25 17:00:30,271 INFO sqlalchemy.engine.Engine [cached since 31.4s ago] (4,)
2025-07-25 17:00:30,271 INFO sqlalchemy.engine.Engine ROLLBACK
INFO:     127.0.0.1:59030 - "GET /stream/thumbnail/4?t=1753480795812 HTTP/1.1" 503 Service Unavailable
2025-07-25 17:00:30,272 INFO sqlalchemy.engine.Engine BEGIN (implicit)
2025-07-25 17:00:30,273 INFO sqlalchemy.engine.Engine SELECT cameras.id, cameras.name, cameras.ip_address, cameras.port, cameras.connection_type, cameras.stream_path, cameras.location, cameras.username, cameras.password, cameras.status, cameras.created_at, cameras.updated_at, cameras.enabled 
FROM cameras 
WHERE cameras.id = ?
2025-07-25 17:00:30,273 INFO sqlalchemy.engine.Engine [cached since 34.49s ago] (4,)
2025-07-25 17:00:35,175 INFO sqlalchemy.engine.Engine ROLLBACK
INFO:     127.0.0.1:59042 - "GET /stream/thumbnail/3?t=1753480795812 HTTP/1.1" 200 OK
2025-07-25 17:00:35,176 INFO sqlalchemy.engine.Engine BEGIN (implicit)
2025-07-25 17:00:35,177 INFO sqlalchemy.engine.Engine SELECT cameras.id, cameras.name, cameras.ip_address, cameras.port, cameras.connection_type, cameras.stream_path, cameras.location, cameras.username, cameras.password, cameras.status, cameras.created_at, cameras.updated_at, cameras.enabled 
FROM cameras 
WHERE cameras.id = ?
2025-07-25 17:00:35,177 INFO sqlalchemy.engine.Engine [cached since 39.39s ago] (3,)
[tcp @ 0x75787c390300] Connection to tcp://192.168.1.205:80 failed: No route to host
Failed to open camera stream: http://192.168.1.205:80/mjpeg
2025-07-25 17:00:38,246 INFO sqlalchemy.engine.Engine SELECT cameras.id, cameras.name, cameras.ip_address, cameras.port, cameras.connection_type, cameras.stream_path, cameras.location, cameras.username, cameras.password, cameras.status, cameras.created_at, cameras.updated_at, cameras.enabled 
FROM cameras 
WHERE cameras.id = ?
2025-07-25 17:00:38,246 INFO sqlalchemy.engine.Engine [cached since 42.46s ago] (4,)
2025-07-25 17:00:38,247 INFO sqlalchemy.engine.Engine UPDATE cameras SET updated_at=? WHERE cameras.id = ?
2025-07-25 17:00:38,247 INFO sqlalchemy.engine.Engine [cached since 39.39s ago] ('2025-07-25 22:00:38.247363', 4)
2025-07-25 17:00:38,248 INFO sqlalchemy.engine.Engine COMMIT
2025-07-25 17:00:38,258 INFO sqlalchemy.engine.Engine BEGIN (implicit)
2025-07-25 17:00:38,258 INFO sqlalchemy.engine.Engine SELECT cameras.id, cameras.name, cameras.ip_address, cameras.port, cameras.connection_type, cameras.stream_path, cameras.location, cameras.username, cameras.password, cameras.status, cameras.created_at, cameras.updated_at, cameras.enabled 
FROM cameras 
WHERE cameras.id = ?
2025-07-25 17:00:38,258 INFO sqlalchemy.engine.Engine [cached since 39.38s ago] (4,)
Error getting thumbnail for camera 4: 503: Failed to capture frame from camera
2025-07-25 17:00:38,259 INFO sqlalchemy.engine.Engine SELECT cameras.id, cameras.name, cameras.ip_address, cameras.port, cameras.connection_type, cameras.stream_path, cameras.location, cameras.username, cameras.password, cameras.status, cameras.created_at, cameras.updated_at, cameras.enabled 
FROM cameras 
WHERE cameras.id = ?
2025-07-25 17:00:38,259 INFO sqlalchemy.engine.Engine [cached since 42.48s ago] (4,)
2025-07-25 17:00:38,260 INFO sqlalchemy.engine.Engine UPDATE cameras SET updated_at=? WHERE cameras.id = ?
2025-07-25 17:00:38,260 INFO sqlalchemy.engine.Engine [cached since 39.4s ago] ('2025-07-25 22:00:38.260186', 4)
2025-07-25 17:00:38,260 INFO sqlalchemy.engine.Engine COMMIT
2025-07-25 17:00:38,269 INFO sqlalchemy.engine.Engine BEGIN (implicit)
2025-07-25 17:00:38,270 INFO sqlalchemy.engine.Engine SELECT cameras.id, cameras.name, cameras.ip_address, cameras.port, cameras.connection_type, cameras.stream_path, cameras.location, cameras.username, cameras.password, cameras.status, cameras.created_at, cameras.updated_at, cameras.enabled 
FROM cameras 
WHERE cameras.id = ?
2025-07-25 17:00:38,270 INFO sqlalchemy.engine.Engine [cached since 39.4s ago] (4,)
2025-07-25 17:00:38,270 INFO sqlalchemy.engine.Engine ROLLBACK
INFO:     127.0.0.1:59062 - "GET /stream/thumbnail/4?t=1753480795829 HTTP/1.1" 503 Service Unavailable
2025-07-25 17:00:38,272 INFO sqlalchemy.engine.Engine BEGIN (implicit)
2025-07-25 17:00:38,272 INFO sqlalchemy.engine.Engine SELECT cameras.id, cameras.name, cameras.ip_address, cameras.port, cameras.connection_type, cameras.stream_path, cameras.location, cameras.username, cameras.password, cameras.status, cameras.created_at, cameras.updated_at, cameras.enabled 
FROM cameras 
WHERE cameras.id = ?
2025-07-25 17:00:38,272 INFO sqlalchemy.engine.Engine [cached since 42.49s ago] (4,)
2025-07-25 17:00:42,471 INFO sqlalchemy.engine.Engine BEGIN (implicit)
2025-07-25 17:00:42,471 INFO sqlalchemy.engine.Engine SELECT cameras.id, cameras.name, cameras.ip_address, cameras.port, cameras.connection_type, cameras.stream_path, cameras.location, cameras.username, cameras.password, cameras.status, cameras.created_at, cameras.updated_at, cameras.enabled 
FROM cameras 
WHERE cameras.id = ?
2025-07-25 17:00:42,471 INFO sqlalchemy.engine.Engine [cached since 46.69s ago] (1,)
2025-07-25 17:00:42,472 INFO sqlalchemy.engine.Engine ROLLBACK
INFO:     127.0.0.1:34668 - "GET /api/v1/streams/status/1 HTTP/1.1" 404 Not Found
2025-07-25 17:00:42,477 INFO sqlalchemy.engine.Engine BEGIN (implicit)
2025-07-25 17:00:42,477 INFO sqlalchemy.engine.Engine SELECT cameras.id, cameras.name, cameras.ip_address, cameras.port, cameras.connection_type, cameras.stream_path, cameras.location, cameras.username, cameras.password, cameras.status, cameras.created_at, cameras.updated_at, cameras.enabled 
FROM cameras 
WHERE cameras.id = ?
2025-07-25 17:00:42,477 INFO sqlalchemy.engine.Engine [cached since 46.69s ago] (2,)
2025-07-25 17:00:42,477 INFO sqlalchemy.engine.Engine ROLLBACK
INFO:     127.0.0.1:34668 - "GET /api/v1/streams/status/2 HTTP/1.1" 404 Not Found
2025-07-25 17:00:42,482 INFO sqlalchemy.engine.Engine BEGIN (implicit)
2025-07-25 17:00:42,482 INFO sqlalchemy.engine.Engine SELECT cameras.id, cameras.name, cameras.ip_address, cameras.port, cameras.connection_type, cameras.stream_path, cameras.location, cameras.username, cameras.password, cameras.status, cameras.created_at, cameras.updated_at, cameras.enabled 
FROM cameras 
WHERE cameras.id = ?
2025-07-25 17:00:42,482 INFO sqlalchemy.engine.Engine [cached since 46.7s ago] (3,)
2025-07-25 17:00:42,483 INFO sqlalchemy.engine.Engine ROLLBACK
INFO:     127.0.0.1:34668 - "GET /api/v1/streams/status/3 HTTP/1.1" 200 OK
2025-07-25 17:00:42,488 INFO sqlalchemy.engine.Engine BEGIN (implicit)
2025-07-25 17:00:42,488 INFO sqlalchemy.engine.Engine SELECT cameras.id, cameras.name, cameras.ip_address, cameras.port, cameras.connection_type, cameras.stream_path, cameras.location, cameras.username, cameras.password, cameras.status, cameras.created_at, cameras.updated_at, cameras.enabled 
FROM cameras 
WHERE cameras.id = ?
2025-07-25 17:00:42,488 INFO sqlalchemy.engine.Engine [cached since 46.7s ago] (4,)
2025-07-25 17:00:42,489 INFO sqlalchemy.engine.Engine ROLLBACK
INFO:     127.0.0.1:34668 - "GET /api/v1/streams/status/4 HTTP/1.1" 200 OK
2025-07-25 17:00:43,203 INFO sqlalchemy.engine.Engine ROLLBACK
INFO:     127.0.0.1:59070 - "GET /stream/thumbnail/3?t=1753480795829 HTTP/1.1" 200 OK
2025-07-25 17:00:43,204 INFO sqlalchemy.engine.Engine BEGIN (implicit)
2025-07-25 17:00:43,205 INFO sqlalchemy.engine.Engine SELECT cameras.id, cameras.name, cameras.ip_address, cameras.port, cameras.connection_type, cameras.stream_path, cameras.location, cameras.username, cameras.password, cameras.status, cameras.created_at, cameras.updated_at, cameras.enabled 
FROM cameras 
WHERE cameras.id = ?
2025-07-25 17:00:43,205 INFO sqlalchemy.engine.Engine [cached since 47.42s ago] (3,)
2025-07-25 17:00:43,705 INFO sqlalchemy.engine.Engine BEGIN (implicit)
2025-07-25 17:00:43,705 INFO sqlalchemy.engine.Engine SELECT cameras.id, cameras.name, cameras.ip_address, cameras.port, cameras.connection_type, cameras.stream_path, cameras.location, cameras.username, cameras.password, cameras.status, cameras.created_at, cameras.updated_at, cameras.enabled 
FROM cameras 
WHERE cameras.id = ?
2025-07-25 17:00:43,705 INFO sqlalchemy.engine.Engine [cached since 47.92s ago] (1,)
2025-07-25 17:00:43,706 INFO sqlalchemy.engine.Engine ROLLBACK
INFO:     127.0.0.1:34668 - "GET /api/v1/streams/status/1 HTTP/1.1" 404 Not Found
2025-07-25 17:00:43,711 INFO sqlalchemy.engine.Engine BEGIN (implicit)
2025-07-25 17:00:43,711 INFO sqlalchemy.engine.Engine SELECT cameras.id, cameras.name, cameras.ip_address, cameras.port, cameras.connection_type, cameras.stream_path, cameras.location, cameras.username, cameras.password, cameras.status, cameras.created_at, cameras.updated_at, cameras.enabled 
FROM cameras 
WHERE cameras.id = ?
2025-07-25 17:00:43,711 INFO sqlalchemy.engine.Engine [cached since 47.93s ago] (2,)
2025-07-25 17:00:43,712 INFO sqlalchemy.engine.Engine ROLLBACK
INFO:     127.0.0.1:34668 - "GET /api/v1/streams/status/2 HTTP/1.1" 404 Not Found
2025-07-25 17:00:43,716 INFO sqlalchemy.engine.Engine BEGIN (implicit)
2025-07-25 17:00:43,716 INFO sqlalchemy.engine.Engine SELECT cameras.id, cameras.name, cameras.ip_address, cameras.port, cameras.connection_type, cameras.stream_path, cameras.location, cameras.username, cameras.password, cameras.status, cameras.created_at, cameras.updated_at, cameras.enabled 
FROM cameras 
WHERE cameras.id = ?
2025-07-25 17:00:43,717 INFO sqlalchemy.engine.Engine [cached since 47.93s ago] (3,)
2025-07-25 17:00:43,717 INFO sqlalchemy.engine.Engine ROLLBACK
INFO:     127.0.0.1:34668 - "GET /api/v1/streams/status/3 HTTP/1.1" 200 OK
2025-07-25 17:00:43,722 INFO sqlalchemy.engine.Engine BEGIN (implicit)
2025-07-25 17:00:43,722 INFO sqlalchemy.engine.Engine SELECT cameras.id, cameras.name, cameras.ip_address, cameras.port, cameras.connection_type, cameras.stream_path, cameras.location, cameras.username, cameras.password, cameras.status, cameras.created_at, cameras.updated_at, cameras.enabled 
FROM cameras 
WHERE cameras.id = ?
2025-07-25 17:00:43,722 INFO sqlalchemy.engine.Engine [cached since 47.94s ago] (4,)
2025-07-25 17:00:43,723 INFO sqlalchemy.engine.Engine ROLLBACK
INFO:     127.0.0.1:34668 - "GET /api/v1/streams/status/4 HTTP/1.1" 200 OK
[tcp @ 0x75789c0048c0] Connection to tcp://192.168.1.205:80 failed: No route to host
Failed to open camera stream: http://192.168.1.205:80/mjpeg
2025-07-25 17:00:46,247 INFO sqlalchemy.engine.Engine SELECT cameras.id, cameras.name, cameras.ip_address, cameras.port, cameras.connection_type, cameras.stream_path, cameras.location, cameras.username, cameras.password, cameras.status, cameras.created_at, cameras.updated_at, cameras.enabled 
FROM cameras 
WHERE cameras.id = ?
2025-07-25 17:00:46,247 INFO sqlalchemy.engine.Engine [cached since 50.46s ago] (4,)
2025-07-25 17:00:46,247 INFO sqlalchemy.engine.Engine UPDATE cameras SET updated_at=? WHERE cameras.id = ?
2025-07-25 17:00:46,247 INFO sqlalchemy.engine.Engine [cached since 47.39s ago] ('2025-07-25 22:00:46.247590', 4)
2025-07-25 17:00:46,248 INFO sqlalchemy.engine.Engine COMMIT
2025-07-25 17:00:46,257 INFO sqlalchemy.engine.Engine BEGIN (implicit)
2025-07-25 17:00:46,258 INFO sqlalchemy.engine.Engine SELECT cameras.id, cameras.name, cameras.ip_address, cameras.port, cameras.connection_type, cameras.stream_path, cameras.location, cameras.username, cameras.password, cameras.status, cameras.created_at, cameras.updated_at, cameras.enabled 
FROM cameras 
WHERE cameras.id = ?
2025-07-25 17:00:46,258 INFO sqlalchemy.engine.Engine [cached since 47.38s ago] (4,)
Error getting thumbnail for camera 4: 503: Failed to capture frame from camera
2025-07-25 17:00:46,258 INFO sqlalchemy.engine.Engine SELECT cameras.id, cameras.name, cameras.ip_address, cameras.port, cameras.connection_type, cameras.stream_path, cameras.location, cameras.username, cameras.password, cameras.status, cameras.created_at, cameras.updated_at, cameras.enabled 
FROM cameras 
WHERE cameras.id = ?
2025-07-25 17:00:46,258 INFO sqlalchemy.engine.Engine [cached since 50.48s ago] (4,)
2025-07-25 17:00:46,259 INFO sqlalchemy.engine.Engine UPDATE cameras SET updated_at=? WHERE cameras.id = ?
2025-07-25 17:00:46,259 INFO sqlalchemy.engine.Engine [cached since 47.4s ago] ('2025-07-25 22:00:46.259431', 4)
2025-07-25 17:00:46,260 INFO sqlalchemy.engine.Engine COMMIT
2025-07-25 17:00:46,269 INFO sqlalchemy.engine.Engine BEGIN (implicit)
2025-07-25 17:00:46,269 INFO sqlalchemy.engine.Engine SELECT cameras.id, cameras.name, cameras.ip_address, cameras.port, cameras.connection_type, cameras.stream_path, cameras.location, cameras.username, cameras.password, cameras.status, cameras.created_at, cameras.updated_at, cameras.enabled 
FROM cameras 
WHERE cameras.id = ?
2025-07-25 17:00:46,269 INFO sqlalchemy.engine.Engine [cached since 47.39s ago] (4,)
2025-07-25 17:00:46,269 INFO sqlalchemy.engine.Engine ROLLBACK
INFO:     127.0.0.1:59030 - "GET /stream/thumbnail/4?t=1753480795845 HTTP/1.1" 503 Service Unavailable
2025-07-25 17:00:46,271 INFO sqlalchemy.engine.Engine BEGIN (implicit)
2025-07-25 17:00:46,271 INFO sqlalchemy.engine.Engine SELECT cameras.id, cameras.name, cameras.ip_address, cameras.port, cameras.connection_type, cameras.stream_path, cameras.location, cameras.username, cameras.password, cameras.status, cameras.created_at, cameras.updated_at, cameras.enabled 
FROM cameras 
WHERE cameras.id = ?
2025-07-25 17:00:46,271 INFO sqlalchemy.engine.Engine [cached since 50.49s ago] (4,)
2025-07-25 17:00:51,176 INFO sqlalchemy.engine.Engine ROLLBACK
INFO:     127.0.0.1:59042 - "GET /stream/thumbnail/3?t=1753480795845 HTTP/1.1" 200 OK
2025-07-25 17:00:51,177 INFO sqlalchemy.engine.Engine BEGIN (implicit)
2025-07-25 17:00:51,178 INFO sqlalchemy.engine.Engine SELECT cameras.id, cameras.name, cameras.ip_address, cameras.port, cameras.connection_type, cameras.stream_path, cameras.location, cameras.username, cameras.password, cameras.status, cameras.created_at, cameras.updated_at, cameras.enabled 
FROM cameras 
WHERE cameras.id = ?
2025-07-25 17:00:51,178 INFO sqlalchemy.engine.Engine [cached since 55.39s ago] (3,)
[tcp @ 0x75787c390300] Connection to tcp://192.168.1.205:80 failed: No route to host
Failed to open camera stream: http://192.168.1.205:80/mjpeg
2025-07-25 17:00:54,246 INFO sqlalchemy.engine.Engine SELECT cameras.id, cameras.name, cameras.ip_address, cameras.port, cameras.connection_type, cameras.stream_path, cameras.location, cameras.username, cameras.password, cameras.status, cameras.created_at, cameras.updated_at, cameras.enabled 
FROM cameras 
WHERE cameras.id = ?
2025-07-25 17:00:54,247 INFO sqlalchemy.engine.Engine [cached since 58.46s ago] (4,)
2025-07-25 17:00:54,247 INFO sqlalchemy.engine.Engine UPDATE cameras SET updated_at=? WHERE cameras.id = ?
2025-07-25 17:00:54,247 INFO sqlalchemy.engine.Engine [cached since 55.39s ago] ('2025-07-25 22:00:54.247550', 4)
2025-07-25 17:00:54,248 INFO sqlalchemy.engine.Engine COMMIT
2025-07-25 17:00:54,259 INFO sqlalchemy.engine.Engine BEGIN (implicit)
2025-07-25 17:00:54,259 INFO sqlalchemy.engine.Engine SELECT cameras.id, cameras.name, cameras.ip_address, cameras.port, cameras.connection_type, cameras.stream_path, cameras.location, cameras.username, cameras.password, cameras.status, cameras.created_at, cameras.updated_at, cameras.enabled 
FROM cameras 
WHERE cameras.id = ?
2025-07-25 17:00:54,259 INFO sqlalchemy.engine.Engine [cached since 55.39s ago] (4,)
Error getting thumbnail for camera 4: 503: Failed to capture frame from camera
2025-07-25 17:00:54,260 INFO sqlalchemy.engine.Engine SELECT cameras.id, cameras.name, cameras.ip_address, cameras.port, cameras.connection_type, cameras.stream_path, cameras.location, cameras.username, cameras.password, cameras.status, cameras.created_at, cameras.updated_at, cameras.enabled 
FROM cameras 
WHERE cameras.id = ?
2025-07-25 17:00:54,260 INFO sqlalchemy.engine.Engine [cached since 58.48s ago] (4,)
2025-07-25 17:00:54,261 INFO sqlalchemy.engine.Engine UPDATE cameras SET updated_at=? WHERE cameras.id = ?
2025-07-25 17:00:54,261 INFO sqlalchemy.engine.Engine [cached since 55.4s ago] ('2025-07-25 22:00:54.260906', 4)
2025-07-25 17:00:54,261 INFO sqlalchemy.engine.Engine COMMIT
2025-07-25 17:00:54,271 INFO sqlalchemy.engine.Engine BEGIN (implicit)
2025-07-25 17:00:54,271 INFO sqlalchemy.engine.Engine SELECT cameras.id, cameras.name, cameras.ip_address, cameras.port, cameras.connection_type, cameras.stream_path, cameras.location, cameras.username, cameras.password, cameras.status, cameras.created_at, cameras.updated_at, cameras.enabled 
FROM cameras 
WHERE cameras.id = ?
2025-07-25 17:00:54,271 INFO sqlalchemy.engine.Engine [cached since 55.4s ago] (4,)
2025-07-25 17:00:54,271 INFO sqlalchemy.engine.Engine ROLLBACK
INFO:     127.0.0.1:59062 - "GET /stream/thumbnail/4?t=1753480795856 HTTP/1.1" 503 Service Unavailable
2025-07-25 17:00:54,273 INFO sqlalchemy.engine.Engine BEGIN (implicit)
2025-07-25 17:00:54,273 INFO sqlalchemy.engine.Engine SELECT cameras.id, cameras.name, cameras.ip_address, cameras.port, cameras.connection_type, cameras.stream_path, cameras.location, cameras.username, cameras.password, cameras.status, cameras.created_at, cameras.updated_at, cameras.enabled 
FROM cameras 
WHERE cameras.id = ?
2025-07-25 17:00:54,273 INFO sqlalchemy.engine.Engine [cached since 58.49s ago] (4,)
2025-07-25 17:00:59,192 INFO sqlalchemy.engine.Engine ROLLBACK
INFO:     127.0.0.1:59070 - "GET /stream/thumbnail/3?t=1753480795856 HTTP/1.1" 200 OK
2025-07-25 17:00:59,194 INFO sqlalchemy.engine.Engine BEGIN (implicit)
2025-07-25 17:00:59,194 INFO sqlalchemy.engine.Engine SELECT cameras.id, cameras.name, cameras.ip_address, cameras.port, cameras.connection_type, cameras.stream_path, cameras.location, cameras.username, cameras.password, cameras.status, cameras.created_at, cameras.updated_at, cameras.enabled 
FROM cameras 
WHERE cameras.id = ?
2025-07-25 17:00:59,194 INFO sqlalchemy.engine.Engine [cached since 63.41s ago] (3,)
[tcp @ 0x75789c0048c0] Connection to tcp://192.168.1.205:80 failed: No route to host
Failed to open camera stream: http://192.168.1.205:80/mjpeg
2025-07-25 17:01:02,246 INFO sqlalchemy.engine.Engine SELECT cameras.id, cameras.name, cameras.ip_address, cameras.port, cameras.connection_type, cameras.stream_path, cameras.location, cameras.username, cameras.password, cameras.status, cameras.created_at, cameras.updated_at, cameras.enabled 
FROM cameras 
WHERE cameras.id = ?
2025-07-25 17:01:02,246 INFO sqlalchemy.engine.Engine [cached since 66.46s ago] (4,)
2025-07-25 17:01:02,247 INFO sqlalchemy.engine.Engine UPDATE cameras SET updated_at=? WHERE cameras.id = ?
2025-07-25 17:01:02,247 INFO sqlalchemy.engine.Engine [cached since 63.39s ago] ('2025-07-25 22:01:02.247401', 4)
2025-07-25 17:01:02,248 INFO sqlalchemy.engine.Engine COMMIT
2025-07-25 17:01:02,259 INFO sqlalchemy.engine.Engine BEGIN (implicit)
2025-07-25 17:01:02,259 INFO sqlalchemy.engine.Engine SELECT cameras.id, cameras.name, cameras.ip_address, cameras.port, cameras.connection_type, cameras.stream_path, cameras.location, cameras.username, cameras.password, cameras.status, cameras.created_at, cameras.updated_at, cameras.enabled 
FROM cameras 
WHERE cameras.id = ?
2025-07-25 17:01:02,259 INFO sqlalchemy.engine.Engine [cached since 63.39s ago] (4,)
Error getting thumbnail for camera 4: 503: Failed to capture frame from camera
2025-07-25 17:01:02,260 INFO sqlalchemy.engine.Engine SELECT cameras.id, cameras.name, cameras.ip_address, cameras.port, cameras.connection_type, cameras.stream_path, cameras.location, cameras.username, cameras.password, cameras.status, cameras.created_at, cameras.updated_at, cameras.enabled 
FROM cameras 
WHERE cameras.id = ?
2025-07-25 17:01:02,260 INFO sqlalchemy.engine.Engine [cached since 66.48s ago] (4,)
2025-07-25 17:01:02,261 INFO sqlalchemy.engine.Engine UPDATE cameras SET updated_at=? WHERE cameras.id = ?
2025-07-25 17:01:02,261 INFO sqlalchemy.engine.Engine [cached since 63.4s ago] ('2025-07-25 22:01:02.260925', 4)
2025-07-25 17:01:02,261 INFO sqlalchemy.engine.Engine COMMIT
2025-07-25 17:01:02,271 INFO sqlalchemy.engine.Engine BEGIN (implicit)
2025-07-25 17:01:02,271 INFO sqlalchemy.engine.Engine SELECT cameras.id, cameras.name, cameras.ip_address, cameras.port, cameras.connection_type, cameras.stream_path, cameras.location, cameras.username, cameras.password, cameras.status, cameras.created_at, cameras.updated_at, cameras.enabled 
FROM cameras 
WHERE cameras.id = ?
2025-07-25 17:01:02,271 INFO sqlalchemy.engine.Engine [cached since 63.4s ago] (4,)
2025-07-25 17:01:02,272 INFO sqlalchemy.engine.Engine ROLLBACK
INFO:     127.0.0.1:59030 - "GET /stream/thumbnail/4?t=1753480796384 HTTP/1.1" 503 Service Unavailable
2025-07-25 17:01:02,273 INFO sqlalchemy.engine.Engine BEGIN (implicit)
2025-07-25 17:01:02,273 INFO sqlalchemy.engine.Engine SELECT cameras.id, cameras.name, cameras.ip_address, cameras.port, cameras.connection_type, cameras.stream_path, cameras.location, cameras.username, cameras.password, cameras.status, cameras.created_at, cameras.updated_at, cameras.enabled 
FROM cameras 
WHERE cameras.id = ?
2025-07-25 17:01:02,273 INFO sqlalchemy.engine.Engine [cached since 66.49s ago] (4,)
2025-07-25 17:01:07,206 INFO sqlalchemy.engine.Engine ROLLBACK
INFO:     127.0.0.1:59042 - "GET /stream/thumbnail/3?t=1753480796385 HTTP/1.1" 200 OK
2025-07-25 17:01:07,208 INFO sqlalchemy.engine.Engine BEGIN (implicit)
2025-07-25 17:01:07,208 INFO sqlalchemy.engine.Engine SELECT cameras.id, cameras.name, cameras.ip_address, cameras.port, cameras.connection_type, cameras.stream_path, cameras.location, cameras.username, cameras.password, cameras.status, cameras.created_at, cameras.updated_at, cameras.enabled 
FROM cameras 
WHERE cameras.id = ?
2025-07-25 17:01:07,208 INFO sqlalchemy.engine.Engine [cached since 71.43s ago] (3,)
[tcp @ 0x75787c390300] Connection to tcp://192.168.1.205:80 failed: No route to host
Failed to open camera stream: http://192.168.1.205:80/mjpeg
2025-07-25 17:01:10,278 INFO sqlalchemy.engine.Engine SELECT cameras.id, cameras.name, cameras.ip_address, cameras.port, cameras.connection_type, cameras.stream_path, cameras.location, cameras.username, cameras.password, cameras.status, cameras.created_at, cameras.updated_at, cameras.enabled 
FROM cameras 
WHERE cameras.id = ?
2025-07-25 17:01:10,278 INFO sqlalchemy.engine.Engine [cached since 74.5s ago] (4,)
2025-07-25 17:01:10,279 INFO sqlalchemy.engine.Engine UPDATE cameras SET updated_at=? WHERE cameras.id = ?
2025-07-25 17:01:10,279 INFO sqlalchemy.engine.Engine [cached since 71.42s ago] ('2025-07-25 22:01:10.279396', 4)
2025-07-25 17:01:10,280 INFO sqlalchemy.engine.Engine COMMIT
2025-07-25 17:01:10,288 INFO sqlalchemy.engine.Engine BEGIN (implicit)
2025-07-25 17:01:10,289 INFO sqlalchemy.engine.Engine SELECT cameras.id, cameras.name, cameras.ip_address, cameras.port, cameras.connection_type, cameras.stream_path, cameras.location, cameras.username, cameras.password, cameras.status, cameras.created_at, cameras.updated_at, cameras.enabled 
FROM cameras 
WHERE cameras.id = ?
2025-07-25 17:01:10,289 INFO sqlalchemy.engine.Engine [cached since 71.41s ago] (4,)
Error getting thumbnail for camera 4: 503: Failed to capture frame from camera
2025-07-25 17:01:10,289 INFO sqlalchemy.engine.Engine SELECT cameras.id, cameras.name, cameras.ip_address, cameras.port, cameras.connection_type, cameras.stream_path, cameras.location, cameras.username, cameras.password, cameras.status, cameras.created_at, cameras.updated_at, cameras.enabled 
FROM cameras 
WHERE cameras.id = ?
2025-07-25 17:01:10,289 INFO sqlalchemy.engine.Engine [cached since 74.51s ago] (4,)
2025-07-25 17:01:10,290 INFO sqlalchemy.engine.Engine UPDATE cameras SET updated_at=? WHERE cameras.id = ?
2025-07-25 17:01:10,290 INFO sqlalchemy.engine.Engine [cached since 71.43s ago] ('2025-07-25 22:01:10.290586', 4)
2025-07-25 17:01:10,291 INFO sqlalchemy.engine.Engine COMMIT
2025-07-25 17:01:10,299 INFO sqlalchemy.engine.Engine BEGIN (implicit)
2025-07-25 17:01:10,299 INFO sqlalchemy.engine.Engine SELECT cameras.id, cameras.name, cameras.ip_address, cameras.port, cameras.connection_type, cameras.stream_path, cameras.location, cameras.username, cameras.password, cameras.status, cameras.created_at, cameras.updated_at, cameras.enabled 
FROM cameras 
WHERE cameras.id = ?
2025-07-25 17:01:10,299 INFO sqlalchemy.engine.Engine [cached since 71.43s ago] (4,)
2025-07-25 17:01:10,300 INFO sqlalchemy.engine.Engine ROLLBACK
INFO:     127.0.0.1:59062 - "GET /stream/thumbnail/4?t=1753480796448 HTTP/1.1" 503 Service Unavailable
2025-07-25 17:01:10,301 INFO sqlalchemy.engine.Engine BEGIN (implicit)
2025-07-25 17:01:10,301 INFO sqlalchemy.engine.Engine SELECT cameras.id, cameras.name, cameras.ip_address, cameras.port, cameras.connection_type, cameras.stream_path, cameras.location, cameras.username, cameras.password, cameras.status, cameras.created_at, cameras.updated_at, cameras.enabled 
FROM cameras 
WHERE cameras.id = ?
2025-07-25 17:01:10,301 INFO sqlalchemy.engine.Engine [cached since 74.52s ago] (4,)
2025-07-25 17:01:12,472 INFO sqlalchemy.engine.Engine BEGIN (implicit)
2025-07-25 17:01:12,472 INFO sqlalchemy.engine.Engine SELECT cameras.id, cameras.name, cameras.ip_address, cameras.port, cameras.connection_type, cameras.stream_path, cameras.location, cameras.username, cameras.password, cameras.status, cameras.created_at, cameras.updated_at, cameras.enabled 
FROM cameras 
WHERE cameras.id = ?
2025-07-25 17:01:12,472 INFO sqlalchemy.engine.Engine [cached since 76.69s ago] (1,)
2025-07-25 17:01:12,473 INFO sqlalchemy.engine.Engine ROLLBACK
INFO:     127.0.0.1:41302 - "GET /api/v1/streams/status/1 HTTP/1.1" 404 Not Found
2025-07-25 17:01:12,478 INFO sqlalchemy.engine.Engine BEGIN (implicit)
2025-07-25 17:01:12,478 INFO sqlalchemy.engine.Engine SELECT cameras.id, cameras.name, cameras.ip_address, cameras.port, cameras.connection_type, cameras.stream_path, cameras.location, cameras.username, cameras.password, cameras.status, cameras.created_at, cameras.updated_at, cameras.enabled 
FROM cameras 
WHERE cameras.id = ?
2025-07-25 17:01:12,478 INFO sqlalchemy.engine.Engine [cached since 76.69s ago] (2,)
2025-07-25 17:01:12,478 INFO sqlalchemy.engine.Engine ROLLBACK
INFO:     127.0.0.1:41302 - "GET /api/v1/streams/status/2 HTTP/1.1" 404 Not Found
2025-07-25 17:01:12,483 INFO sqlalchemy.engine.Engine BEGIN (implicit)
2025-07-25 17:01:12,483 INFO sqlalchemy.engine.Engine SELECT cameras.id, cameras.name, cameras.ip_address, cameras.port, cameras.connection_type, cameras.stream_path, cameras.location, cameras.username, cameras.password, cameras.status, cameras.created_at, cameras.updated_at, cameras.enabled 
FROM cameras 
WHERE cameras.id = ?
2025-07-25 17:01:12,483 INFO sqlalchemy.engine.Engine [cached since 76.7s ago] (3,)
2025-07-25 17:01:12,484 INFO sqlalchemy.engine.Engine ROLLBACK
INFO:     127.0.0.1:41302 - "GET /api/v1/streams/status/3 HTTP/1.1" 200 OK
2025-07-25 17:01:12,488 INFO sqlalchemy.engine.Engine BEGIN (implicit)
2025-07-25 17:01:12,488 INFO sqlalchemy.engine.Engine SELECT cameras.id, cameras.name, cameras.ip_address, cameras.port, cameras.connection_type, cameras.stream_path, cameras.location, cameras.username, cameras.password, cameras.status, cameras.created_at, cameras.updated_at, cameras.enabled 
FROM cameras 
WHERE cameras.id = ?
2025-07-25 17:01:12,488 INFO sqlalchemy.engine.Engine [cached since 76.71s ago] (4,)
2025-07-25 17:01:12,489 INFO sqlalchemy.engine.Engine ROLLBACK
INFO:     127.0.0.1:41302 - "GET /api/v1/streams/status/4 HTTP/1.1" 200 OK
2025-07-25 17:01:13,998 INFO sqlalchemy.engine.Engine BEGIN (implicit)
2025-07-25 17:01:13,998 INFO sqlalchemy.engine.Engine SELECT cameras.id, cameras.name, cameras.ip_address, cameras.port, cameras.connection_type, cameras.stream_path, cameras.location, cameras.username, cameras.password, cameras.status, cameras.created_at, cameras.updated_at, cameras.enabled 
FROM cameras 
WHERE cameras.id = ?
2025-07-25 17:01:13,998 INFO sqlalchemy.engine.Engine [cached since 78.22s ago] (1,)
2025-07-25 17:01:13,999 INFO sqlalchemy.engine.Engine ROLLBACK
INFO:     127.0.0.1:41302 - "GET /api/v1/streams/status/1 HTTP/1.1" 404 Not Found
2025-07-25 17:01:14,004 INFO sqlalchemy.engine.Engine BEGIN (implicit)
2025-07-25 17:01:14,004 INFO sqlalchemy.engine.Engine SELECT cameras.id, cameras.name, cameras.ip_address, cameras.port, cameras.connection_type, cameras.stream_path, cameras.location, cameras.username, cameras.password, cameras.status, cameras.created_at, cameras.updated_at, cameras.enabled 
FROM cameras 
WHERE cameras.id = ?
2025-07-25 17:01:14,004 INFO sqlalchemy.engine.Engine [cached since 78.22s ago] (2,)
2025-07-25 17:01:14,004 INFO sqlalchemy.engine.Engine ROLLBACK
INFO:     127.0.0.1:41302 - "GET /api/v1/streams/status/2 HTTP/1.1" 404 Not Found
2025-07-25 17:01:14,009 INFO sqlalchemy.engine.Engine BEGIN (implicit)
2025-07-25 17:01:14,009 INFO sqlalchemy.engine.Engine SELECT cameras.id, cameras.name, cameras.ip_address, cameras.port, cameras.connection_type, cameras.stream_path, cameras.location, cameras.username, cameras.password, cameras.status, cameras.created_at, cameras.updated_at, cameras.enabled 
FROM cameras 
WHERE cameras.id = ?
2025-07-25 17:01:14,009 INFO sqlalchemy.engine.Engine [cached since 78.23s ago] (3,)
2025-07-25 17:01:14,010 INFO sqlalchemy.engine.Engine ROLLBACK
INFO:     127.0.0.1:41302 - "GET /api/v1/streams/status/3 HTTP/1.1" 200 OK
2025-07-25 17:01:14,015 INFO sqlalchemy.engine.Engine BEGIN (implicit)
2025-07-25 17:01:14,015 INFO sqlalchemy.engine.Engine SELECT cameras.id, cameras.name, cameras.ip_address, cameras.port, cameras.connection_type, cameras.stream_path, cameras.location, cameras.username, cameras.password, cameras.status, cameras.created_at, cameras.updated_at, cameras.enabled 
FROM cameras 
WHERE cameras.id = ?
2025-07-25 17:01:14,016 INFO sqlalchemy.engine.Engine [cached since 78.23s ago] (4,)
2025-07-25 17:01:14,016 INFO sqlalchemy.engine.Engine ROLLBACK
INFO:     127.0.0.1:41302 - "GET /api/v1/streams/status/4 HTTP/1.1" 200 OK
2025-07-25 17:01:15,154 INFO sqlalchemy.engine.Engine ROLLBACK
INFO:     127.0.0.1:59070 - "GET /stream/thumbnail/3?t=1753480796448 HTTP/1.1" 200 OK
2025-07-25 17:01:15,155 INFO sqlalchemy.engine.Engine BEGIN (implicit)
2025-07-25 17:01:15,155 INFO sqlalchemy.engine.Engine SELECT cameras.id, cameras.name, cameras.ip_address, cameras.port, cameras.connection_type, cameras.stream_path, cameras.location, cameras.username, cameras.password, cameras.status, cameras.created_at, cameras.updated_at, cameras.enabled 
FROM cameras 
WHERE cameras.id = ?
2025-07-25 17:01:15,155 INFO sqlalchemy.engine.Engine [cached since 79.37s ago] (3,)
[tcp @ 0x75789c0048c0] Connection to tcp://192.168.1.205:80 failed: No route to host
Failed to open camera stream: http://192.168.1.205:80/mjpeg
2025-07-25 17:01:18,214 INFO sqlalchemy.engine.Engine SELECT cameras.id, cameras.name, cameras.ip_address, cameras.port, cameras.connection_type, cameras.stream_path, cameras.location, cameras.username, cameras.password, cameras.status, cameras.created_at, cameras.updated_at, cameras.enabled 
FROM cameras 
WHERE cameras.id = ?
2025-07-25 17:01:18,215 INFO sqlalchemy.engine.Engine [cached since 82.43s ago] (4,)
2025-07-25 17:01:18,215 INFO sqlalchemy.engine.Engine UPDATE cameras SET updated_at=? WHERE cameras.id = ?
2025-07-25 17:01:18,215 INFO sqlalchemy.engine.Engine [cached since 79.35s ago] ('2025-07-25 22:01:18.215578', 4)
2025-07-25 17:01:18,216 INFO sqlalchemy.engine.Engine COMMIT
2025-07-25 17:01:18,225 INFO sqlalchemy.engine.Engine BEGIN (implicit)
2025-07-25 17:01:18,225 INFO sqlalchemy.engine.Engine SELECT cameras.id, cameras.name, cameras.ip_address, cameras.port, cameras.connection_type, cameras.stream_path, cameras.location, cameras.username, cameras.password, cameras.status, cameras.created_at, cameras.updated_at, cameras.enabled 
FROM cameras 
WHERE cameras.id = ?
2025-07-25 17:01:18,225 INFO sqlalchemy.engine.Engine [cached since 79.35s ago] (4,)
Error getting thumbnail for camera 4: 503: Failed to capture frame from camera
2025-07-25 17:01:18,226 INFO sqlalchemy.engine.Engine SELECT cameras.id, cameras.name, cameras.ip_address, cameras.port, cameras.connection_type, cameras.stream_path, cameras.location, cameras.username, cameras.password, cameras.status, cameras.created_at, cameras.updated_at, cameras.enabled 
FROM cameras 
WHERE cameras.id = ?
2025-07-25 17:01:18,226 INFO sqlalchemy.engine.Engine [cached since 82.44s ago] (4,)
2025-07-25 17:01:18,226 INFO sqlalchemy.engine.Engine UPDATE cameras SET updated_at=? WHERE cameras.id = ?
2025-07-25 17:01:18,226 INFO sqlalchemy.engine.Engine [cached since 79.37s ago] ('2025-07-25 22:01:18.226687', 4)
2025-07-25 17:01:18,227 INFO sqlalchemy.engine.Engine COMMIT
2025-07-25 17:01:18,235 INFO sqlalchemy.engine.Engine BEGIN (implicit)
2025-07-25 17:01:18,235 INFO sqlalchemy.engine.Engine SELECT cameras.id, cameras.name, cameras.ip_address, cameras.port, cameras.connection_type, cameras.stream_path, cameras.location, cameras.username, cameras.password, cameras.status, cameras.created_at, cameras.updated_at, cameras.enabled 
FROM cameras 
WHERE cameras.id = ?
2025-07-25 17:01:18,235 INFO sqlalchemy.engine.Engine [cached since 79.36s ago] (4,)
2025-07-25 17:01:18,236 INFO sqlalchemy.engine.Engine ROLLBACK
INFO:     127.0.0.1:59030 - "GET /stream/thumbnail/4?t=1753480795775 HTTP/1.1" 503 Service Unavailable
2025-07-25 17:01:18,237 INFO sqlalchemy.engine.Engine BEGIN (implicit)
2025-07-25 17:01:18,237 INFO sqlalchemy.engine.Engine SELECT cameras.id, cameras.name, cameras.ip_address, cameras.port, cameras.connection_type, cameras.stream_path, cameras.location, cameras.username, cameras.password, cameras.status, cameras.created_at, cameras.updated_at, cameras.enabled 
FROM cameras 
WHERE cameras.id = ?
2025-07-25 17:01:18,237 INFO sqlalchemy.engine.Engine [cached since 82.45s ago] (4,)
2025-07-25 17:01:23,174 INFO sqlalchemy.engine.Engine ROLLBACK
INFO:     127.0.0.1:59042 - "GET /stream/thumbnail/3?t=1753480795775 HTTP/1.1" 200 OK
2025-07-25 17:01:23,176 INFO sqlalchemy.engine.Engine BEGIN (implicit)
2025-07-25 17:01:23,176 INFO sqlalchemy.engine.Engine SELECT cameras.id, cameras.name, cameras.ip_address, cameras.port, cameras.connection_type, cameras.stream_path, cameras.location, cameras.username, cameras.password, cameras.status, cameras.created_at, cameras.updated_at, cameras.enabled 
FROM cameras 
WHERE cameras.id = ?
2025-07-25 17:01:23,176 INFO sqlalchemy.engine.Engine [cached since 87.39s ago] (3,)
[tcp @ 0x75787c390300] Connection to tcp://192.168.1.205:80 failed: No route to host
Failed to open camera stream: http://192.168.1.205:80/mjpeg
2025-07-25 17:01:26,250 INFO sqlalchemy.engine.Engine SELECT cameras.id, cameras.name, cameras.ip_address, cameras.port, cameras.connection_type, cameras.stream_path, cameras.location, cameras.username, cameras.password, cameras.status, cameras.created_at, cameras.updated_at, cameras.enabled 
FROM cameras 
WHERE cameras.id = ?
2025-07-25 17:01:26,250 INFO sqlalchemy.engine.Engine [cached since 90.47s ago] (4,)
2025-07-25 17:01:26,251 INFO sqlalchemy.engine.Engine UPDATE cameras SET updated_at=? WHERE cameras.id = ?
2025-07-25 17:01:26,251 INFO sqlalchemy.engine.Engine [cached since 87.39s ago] ('2025-07-25 22:01:26.251358', 4)
2025-07-25 17:01:26,252 INFO sqlalchemy.engine.Engine COMMIT
2025-07-25 17:01:26,262 INFO sqlalchemy.engine.Engine BEGIN (implicit)
2025-07-25 17:01:26,262 INFO sqlalchemy.engine.Engine SELECT cameras.id, cameras.name, cameras.ip_address, cameras.port, cameras.connection_type, cameras.stream_path, cameras.location, cameras.username, cameras.password, cameras.status, cameras.created_at, cameras.updated_at, cameras.enabled 
FROM cameras 
WHERE cameras.id = ?
2025-07-25 17:01:26,262 INFO sqlalchemy.engine.Engine [cached since 87.39s ago] (4,)
Error getting thumbnail for camera 4: 503: Failed to capture frame from camera
2025-07-25 17:01:26,263 INFO sqlalchemy.engine.Engine SELECT cameras.id, cameras.name, cameras.ip_address, cameras.port, cameras.connection_type, cameras.stream_path, cameras.location, cameras.username, cameras.password, cameras.status, cameras.created_at, cameras.updated_at, cameras.enabled 
FROM cameras 
WHERE cameras.id = ?
2025-07-25 17:01:26,263 INFO sqlalchemy.engine.Engine [cached since 90.48s ago] (4,)
2025-07-25 17:01:26,264 INFO sqlalchemy.engine.Engine UPDATE cameras SET updated_at=? WHERE cameras.id = ?
2025-07-25 17:01:26,264 INFO sqlalchemy.engine.Engine [cached since 87.4s ago] ('2025-07-25 22:01:26.264115', 4)
2025-07-25 17:01:26,264 INFO sqlalchemy.engine.Engine COMMIT
2025-07-25 17:01:26,273 INFO sqlalchemy.engine.Engine BEGIN (implicit)
2025-07-25 17:01:26,273 INFO sqlalchemy.engine.Engine SELECT cameras.id, cameras.name, cameras.ip_address, cameras.port, cameras.connection_type, cameras.stream_path, cameras.location, cameras.username, cameras.password, cameras.status, cameras.created_at, cameras.updated_at, cameras.enabled 
FROM cameras 
WHERE cameras.id = ?
2025-07-25 17:01:26,273 INFO sqlalchemy.engine.Engine [cached since 87.4s ago] (4,)
2025-07-25 17:01:26,273 INFO sqlalchemy.engine.Engine ROLLBACK
INFO:     127.0.0.1:59062 - "GET /stream/thumbnail/4?t=1753480795786 HTTP/1.1" 503 Service Unavailable
2025-07-25 17:01:26,275 INFO sqlalchemy.engine.Engine BEGIN (implicit)
2025-07-25 17:01:26,275 INFO sqlalchemy.engine.Engine SELECT cameras.id, cameras.name, cameras.ip_address, cameras.port, cameras.connection_type, cameras.stream_path, cameras.location, cameras.username, cameras.password, cameras.status, cameras.created_at, cameras.updated_at, cameras.enabled 
FROM cameras 
WHERE cameras.id = ?
2025-07-25 17:01:26,275 INFO sqlalchemy.engine.Engine [cached since 90.49s ago] (4,)
2025-07-25 17:01:31,181 INFO sqlalchemy.engine.Engine ROLLBACK
INFO:     127.0.0.1:59070 - "GET /stream/thumbnail/3?t=1753480795786 HTTP/1.1" 200 OK
2025-07-25 17:01:31,183 INFO sqlalchemy.engine.Engine BEGIN (implicit)
2025-07-25 17:01:31,183 INFO sqlalchemy.engine.Engine SELECT cameras.id, cameras.name, cameras.ip_address, cameras.port, cameras.connection_type, cameras.stream_path, cameras.location, cameras.username, cameras.password, cameras.status, cameras.created_at, cameras.updated_at, cameras.enabled 
FROM cameras 
WHERE cameras.id = ?
2025-07-25 17:01:31,183 INFO sqlalchemy.engine.Engine [cached since 95.4s ago] (3,)
[tcp @ 0x75789c0048c0] Connection to tcp://192.168.1.205:80 failed: No route to host
Failed to open camera stream: http://192.168.1.205:80/mjpeg
2025-07-25 17:01:34,246 INFO sqlalchemy.engine.Engine SELECT cameras.id, cameras.name, cameras.ip_address, cameras.port, cameras.connection_type, cameras.stream_path, cameras.location, cameras.username, cameras.password, cameras.status, cameras.created_at, cameras.updated_at, cameras.enabled 
FROM cameras 
WHERE cameras.id = ?
2025-07-25 17:01:34,246 INFO sqlalchemy.engine.Engine [cached since 98.46s ago] (4,)
2025-07-25 17:01:34,247 INFO sqlalchemy.engine.Engine UPDATE cameras SET updated_at=? WHERE cameras.id = ?
2025-07-25 17:01:34,247 INFO sqlalchemy.engine.Engine [cached since 95.39s ago] ('2025-07-25 22:01:34.247392', 4)
2025-07-25 17:01:34,248 INFO sqlalchemy.engine.Engine COMMIT
2025-07-25 17:01:34,257 INFO sqlalchemy.engine.Engine BEGIN (implicit)
2025-07-25 17:01:34,257 INFO sqlalchemy.engine.Engine SELECT cameras.id, cameras.name, cameras.ip_address, cameras.port, cameras.connection_type, cameras.stream_path, cameras.location, cameras.username, cameras.password, cameras.status, cameras.created_at, cameras.updated_at, cameras.enabled 
FROM cameras 
WHERE cameras.id = ?
2025-07-25 17:01:34,257 INFO sqlalchemy.engine.Engine [cached since 95.38s ago] (4,)
Error getting thumbnail for camera 4: 503: Failed to capture frame from camera
2025-07-25 17:01:34,258 INFO sqlalchemy.engine.Engine SELECT cameras.id, cameras.name, cameras.ip_address, cameras.port, cameras.connection_type, cameras.stream_path, cameras.location, cameras.username, cameras.password, cameras.status, cameras.created_at, cameras.updated_at, cameras.enabled 
FROM cameras 
WHERE cameras.id = ?
2025-07-25 17:01:34,258 INFO sqlalchemy.engine.Engine [cached since 98.47s ago] (4,)
2025-07-25 17:01:34,258 INFO sqlalchemy.engine.Engine UPDATE cameras SET updated_at=? WHERE cameras.id = ?
2025-07-25 17:01:34,258 INFO sqlalchemy.engine.Engine [cached since 95.4s ago] ('2025-07-25 22:01:34.258719', 4)
2025-07-25 17:01:34,259 INFO sqlalchemy.engine.Engine COMMIT
2025-07-25 17:01:34,267 INFO sqlalchemy.engine.Engine BEGIN (implicit)
2025-07-25 17:01:34,267 INFO sqlalchemy.engine.Engine SELECT cameras.id, cameras.name, cameras.ip_address, cameras.port, cameras.connection_type, cameras.stream_path, cameras.location, cameras.username, cameras.password, cameras.status, cameras.created_at, cameras.updated_at, cameras.enabled 
FROM cameras 
WHERE cameras.id = ?
2025-07-25 17:01:34,267 INFO sqlalchemy.engine.Engine [cached since 95.39s ago] (4,)
2025-07-25 17:01:34,268 INFO sqlalchemy.engine.Engine ROLLBACK
INFO:     127.0.0.1:59030 - "GET /stream/thumbnail/4?t=1753480795802 HTTP/1.1" 503 Service Unavailable
2025-07-25 17:01:34,269 INFO sqlalchemy.engine.Engine BEGIN (implicit)
2025-07-25 17:01:34,270 INFO sqlalchemy.engine.Engine SELECT cameras.id, cameras.name, cameras.ip_address, cameras.port, cameras.connection_type, cameras.stream_path, cameras.location, cameras.username, cameras.password, cameras.status, cameras.created_at, cameras.updated_at, cameras.enabled 
FROM cameras 
WHERE cameras.id = ?
2025-07-25 17:01:34,270 INFO sqlalchemy.engine.Engine [cached since 98.49s ago] (4,)
2025-07-25 17:01:39,154 INFO sqlalchemy.engine.Engine ROLLBACK
INFO:     127.0.0.1:59042 - "GET /stream/thumbnail/3?t=1753480795802 HTTP/1.1" 200 OK
2025-07-25 17:01:39,156 INFO sqlalchemy.engine.Engine BEGIN (implicit)
2025-07-25 17:01:39,156 INFO sqlalchemy.engine.Engine SELECT cameras.id, cameras.name, cameras.ip_address, cameras.port, cameras.connection_type, cameras.stream_path, cameras.location, cameras.username, cameras.password, cameras.status, cameras.created_at, cameras.updated_at, cameras.enabled 
FROM cameras 
WHERE cameras.id = ?
2025-07-25 17:01:39,156 INFO sqlalchemy.engine.Engine [cached since 103.4s ago] (3,)
[tcp @ 0x75787c390300] Connection to tcp://192.168.1.205:80 failed: No route to host
Failed to open camera stream: http://192.168.1.205:80/mjpeg
2025-07-25 17:01:42,214 INFO sqlalchemy.engine.Engine SELECT cameras.id, cameras.name, cameras.ip_address, cameras.port, cameras.connection_type, cameras.stream_path, cameras.location, cameras.username, cameras.password, cameras.status, cameras.created_at, cameras.updated_at, cameras.enabled 
FROM cameras 
WHERE cameras.id = ?
2025-07-25 17:01:42,214 INFO sqlalchemy.engine.Engine [cached since 106.4s ago] (4,)
2025-07-25 17:01:42,215 INFO sqlalchemy.engine.Engine UPDATE cameras SET updated_at=? WHERE cameras.id = ?
2025-07-25 17:01:42,215 INFO sqlalchemy.engine.Engine [cached since 103.4s ago] ('2025-07-25 22:01:42.215678', 4)
2025-07-25 17:01:42,216 INFO sqlalchemy.engine.Engine COMMIT
2025-07-25 17:01:42,225 INFO sqlalchemy.engine.Engine BEGIN (implicit)
2025-07-25 17:01:42,225 INFO sqlalchemy.engine.Engine SELECT cameras.id, cameras.name, cameras.ip_address, cameras.port, cameras.connection_type, cameras.stream_path, cameras.location, cameras.username, cameras.password, cameras.status, cameras.created_at, cameras.updated_at, cameras.enabled 
FROM cameras 
WHERE cameras.id = ?
2025-07-25 17:01:42,225 INFO sqlalchemy.engine.Engine [cached since 103.4s ago] (4,)
Error getting thumbnail for camera 4: 503: Failed to capture frame from camera
2025-07-25 17:01:42,226 INFO sqlalchemy.engine.Engine SELECT cameras.id, cameras.name, cameras.ip_address, cameras.port, cameras.connection_type, cameras.stream_path, cameras.location, cameras.username, cameras.password, cameras.status, cameras.created_at, cameras.updated_at, cameras.enabled 
FROM cameras 
WHERE cameras.id = ?
2025-07-25 17:01:42,226 INFO sqlalchemy.engine.Engine [cached since 106.4s ago] (4,)
2025-07-25 17:01:42,227 INFO sqlalchemy.engine.Engine UPDATE cameras SET updated_at=? WHERE cameras.id = ?
2025-07-25 17:01:42,227 INFO sqlalchemy.engine.Engine [cached since 103.4s ago] ('2025-07-25 22:01:42.227028', 4)
2025-07-25 17:01:42,227 INFO sqlalchemy.engine.Engine COMMIT
2025-07-25 17:01:42,235 INFO sqlalchemy.engine.Engine BEGIN (implicit)
2025-07-25 17:01:42,236 INFO sqlalchemy.engine.Engine SELECT cameras.id, cameras.name, cameras.ip_address, cameras.port, cameras.connection_type, cameras.stream_path, cameras.location, cameras.username, cameras.password, cameras.status, cameras.created_at, cameras.updated_at, cameras.enabled 
FROM cameras 
WHERE cameras.id = ?
2025-07-25 17:01:42,236 INFO sqlalchemy.engine.Engine [cached since 103.4s ago] (4,)
2025-07-25 17:01:42,236 INFO sqlalchemy.engine.Engine ROLLBACK
INFO:     127.0.0.1:59062 - "GET /stream/thumbnail/4?t=1753480795803 HTTP/1.1" 503 Service Unavailable
2025-07-25 17:01:42,237 INFO sqlalchemy.engine.Engine BEGIN (implicit)
2025-07-25 17:01:42,238 INFO sqlalchemy.engine.Engine SELECT cameras.id, cameras.name, cameras.ip_address, cameras.port, cameras.connection_type, cameras.stream_path, cameras.location, cameras.username, cameras.password, cameras.status, cameras.created_at, cameras.updated_at, cameras.enabled 
FROM cameras 
WHERE cameras.id = ?
2025-07-25 17:01:42,238 INFO sqlalchemy.engine.Engine [cached since 106.5s ago] (4,)
2025-07-25 17:01:42,472 INFO sqlalchemy.engine.Engine BEGIN (implicit)
2025-07-25 17:01:42,472 INFO sqlalchemy.engine.Engine SELECT cameras.id, cameras.name, cameras.ip_address, cameras.port, cameras.connection_type, cameras.stream_path, cameras.location, cameras.username, cameras.password, cameras.status, cameras.created_at, cameras.updated_at, cameras.enabled 
FROM cameras 
WHERE cameras.id = ?
2025-07-25 17:01:42,472 INFO sqlalchemy.engine.Engine [cached since 106.7s ago] (1,)
2025-07-25 17:01:42,473 INFO sqlalchemy.engine.Engine ROLLBACK
INFO:     127.0.0.1:60414 - "GET /api/v1/streams/status/1 HTTP/1.1" 404 Not Found
2025-07-25 17:01:42,477 INFO sqlalchemy.engine.Engine BEGIN (implicit)
2025-07-25 17:01:42,478 INFO sqlalchemy.engine.Engine SELECT cameras.id, cameras.name, cameras.ip_address, cameras.port, cameras.connection_type, cameras.stream_path, cameras.location, cameras.username, cameras.password, cameras.status, cameras.created_at, cameras.updated_at, cameras.enabled 
FROM cameras 
WHERE cameras.id = ?
2025-07-25 17:01:42,478 INFO sqlalchemy.engine.Engine [cached since 106.7s ago] (2,)
2025-07-25 17:01:42,478 INFO sqlalchemy.engine.Engine ROLLBACK
INFO:     127.0.0.1:60414 - "GET /api/v1/streams/status/2 HTTP/1.1" 404 Not Found
2025-07-25 17:01:42,483 INFO sqlalchemy.engine.Engine BEGIN (implicit)
2025-07-25 17:01:42,483 INFO sqlalchemy.engine.Engine SELECT cameras.id, cameras.name, cameras.ip_address, cameras.port, cameras.connection_type, cameras.stream_path, cameras.location, cameras.username, cameras.password, cameras.status, cameras.created_at, cameras.updated_at, cameras.enabled 
FROM cameras 
WHERE cameras.id = ?
2025-07-25 17:01:42,483 INFO sqlalchemy.engine.Engine [cached since 106.7s ago] (3,)
2025-07-25 17:01:42,484 INFO sqlalchemy.engine.Engine ROLLBACK
INFO:     127.0.0.1:60414 - "GET /api/v1/streams/status/3 HTTP/1.1" 200 OK
2025-07-25 17:01:42,488 INFO sqlalchemy.engine.Engine BEGIN (implicit)
2025-07-25 17:01:42,488 INFO sqlalchemy.engine.Engine SELECT cameras.id, cameras.name, cameras.ip_address, cameras.port, cameras.connection_type, cameras.stream_path, cameras.location, cameras.username, cameras.password, cameras.status, cameras.created_at, cameras.updated_at, cameras.enabled 
FROM cameras 
WHERE cameras.id = ?
2025-07-25 17:01:42,489 INFO sqlalchemy.engine.Engine [cached since 106.7s ago] (4,)
2025-07-25 17:01:42,489 INFO sqlalchemy.engine.Engine ROLLBACK
INFO:     127.0.0.1:60414 - "GET /api/v1/streams/status/4 HTTP/1.1" 200 OK
2025-07-25 17:01:44,361 INFO sqlalchemy.engine.Engine BEGIN (implicit)
2025-07-25 17:01:44,362 INFO sqlalchemy.engine.Engine SELECT cameras.id, cameras.name, cameras.ip_address, cameras.port, cameras.connection_type, cameras.stream_path, cameras.location, cameras.username, cameras.password, cameras.status, cameras.created_at, cameras.updated_at, cameras.enabled 
FROM cameras 
WHERE cameras.id = ?
2025-07-25 17:01:44,362 INFO sqlalchemy.engine.Engine [cached since 108.6s ago] (1,)
2025-07-25 17:01:44,362 INFO sqlalchemy.engine.Engine ROLLBACK
INFO:     127.0.0.1:60414 - "GET /api/v1/streams/status/1 HTTP/1.1" 404 Not Found
2025-07-25 17:01:44,367 INFO sqlalchemy.engine.Engine BEGIN (implicit)
2025-07-25 17:01:44,368 INFO sqlalchemy.engine.Engine SELECT cameras.id, cameras.name, cameras.ip_address, cameras.port, cameras.connection_type, cameras.stream_path, cameras.location, cameras.username, cameras.password, cameras.status, cameras.created_at, cameras.updated_at, cameras.enabled 
FROM cameras 
WHERE cameras.id = ?
2025-07-25 17:01:44,368 INFO sqlalchemy.engine.Engine [cached since 108.6s ago] (2,)
2025-07-25 17:01:44,368 INFO sqlalchemy.engine.Engine ROLLBACK
INFO:     127.0.0.1:60414 - "GET /api/v1/streams/status/2 HTTP/1.1" 404 Not Found
2025-07-25 17:01:44,374 INFO sqlalchemy.engine.Engine BEGIN (implicit)
2025-07-25 17:01:44,374 INFO sqlalchemy.engine.Engine SELECT cameras.id, cameras.name, cameras.ip_address, cameras.port, cameras.connection_type, cameras.stream_path, cameras.location, cameras.username, cameras.password, cameras.status, cameras.created_at, cameras.updated_at, cameras.enabled 
FROM cameras 
WHERE cameras.id = ?
2025-07-25 17:01:44,374 INFO sqlalchemy.engine.Engine [cached since 108.6s ago] (3,)
2025-07-25 17:01:44,375 INFO sqlalchemy.engine.Engine ROLLBACK
INFO:     127.0.0.1:60414 - "GET /api/v1/streams/status/3 HTTP/1.1" 200 OK
2025-07-25 17:01:44,379 INFO sqlalchemy.engine.Engine BEGIN (implicit)
2025-07-25 17:01:44,379 INFO sqlalchemy.engine.Engine SELECT cameras.id, cameras.name, cameras.ip_address, cameras.port, cameras.connection_type, cameras.stream_path, cameras.location, cameras.username, cameras.password, cameras.status, cameras.created_at, cameras.updated_at, cameras.enabled 
FROM cameras 
WHERE cameras.id = ?
2025-07-25 17:01:44,379 INFO sqlalchemy.engine.Engine [cached since 108.6s ago] (4,)
2025-07-25 17:01:44,380 INFO sqlalchemy.engine.Engine ROLLBACK
INFO:     127.0.0.1:60414 - "GET /api/v1/streams/status/4 HTTP/1.1" 200 OK
2025-07-25 17:01:47,172 INFO sqlalchemy.engine.Engine ROLLBACK
INFO:     127.0.0.1:59070 - "GET /stream/thumbnail/3?t=1753480795803 HTTP/1.1" 200 OK
2025-07-25 17:01:47,174 INFO sqlalchemy.engine.Engine BEGIN (implicit)
2025-07-25 17:01:47,174 INFO sqlalchemy.engine.Engine SELECT cameras.id, cameras.name, cameras.ip_address, cameras.port, cameras.connection_type, cameras.stream_path, cameras.location, cameras.username, cameras.password, cameras.status, cameras.created_at, cameras.updated_at, cameras.enabled 
FROM cameras 
WHERE cameras.id = ?
2025-07-25 17:01:47,174 INFO sqlalchemy.engine.Engine [cached since 111.4s ago] (3,)
[tcp @ 0x75789c0048c0] Connection to tcp://192.168.1.205:80 failed: No route to host
Failed to open camera stream: http://192.168.1.205:80/mjpeg
2025-07-25 17:01:50,214 INFO sqlalchemy.engine.Engine SELECT cameras.id, cameras.name, cameras.ip_address, cameras.port, cameras.connection_type, cameras.stream_path, cameras.location, cameras.username, cameras.password, cameras.status, cameras.created_at, cameras.updated_at, cameras.enabled 
FROM cameras 
WHERE cameras.id = ?
2025-07-25 17:01:50,214 INFO sqlalchemy.engine.Engine [cached since 114.4s ago] (4,)
2025-07-25 17:01:50,215 INFO sqlalchemy.engine.Engine UPDATE cameras SET updated_at=? WHERE cameras.id = ?
2025-07-25 17:01:50,215 INFO sqlalchemy.engine.Engine [cached since 111.4s ago] ('2025-07-25 22:01:50.215447', 4)
2025-07-25 17:01:50,216 INFO sqlalchemy.engine.Engine COMMIT
2025-07-25 17:01:50,226 INFO sqlalchemy.engine.Engine BEGIN (implicit)
2025-07-25 17:01:50,226 INFO sqlalchemy.engine.Engine SELECT cameras.id, cameras.name, cameras.ip_address, cameras.port, cameras.connection_type, cameras.stream_path, cameras.location, cameras.username, cameras.password, cameras.status, cameras.created_at, cameras.updated_at, cameras.enabled 
FROM cameras 
WHERE cameras.id = ?
2025-07-25 17:01:50,226 INFO sqlalchemy.engine.Engine [cached since 111.4s ago] (4,)
Error getting thumbnail for camera 4: 503: Failed to capture frame from camera
2025-07-25 17:01:50,227 INFO sqlalchemy.engine.Engine SELECT cameras.id, cameras.name, cameras.ip_address, cameras.port, cameras.connection_type, cameras.stream_path, cameras.location, cameras.username, cameras.password, cameras.status, cameras.created_at, cameras.updated_at, cameras.enabled 
FROM cameras 
WHERE cameras.id = ?
2025-07-25 17:01:50,227 INFO sqlalchemy.engine.Engine [cached since 114.4s ago] (4,)
2025-07-25 17:01:50,228 INFO sqlalchemy.engine.Engine UPDATE cameras SET updated_at=? WHERE cameras.id = ?
2025-07-25 17:01:50,228 INFO sqlalchemy.engine.Engine [cached since 111.4s ago] ('2025-07-25 22:01:50.227867', 4)
2025-07-25 17:01:50,228 INFO sqlalchemy.engine.Engine COMMIT
2025-07-25 17:01:50,236 INFO sqlalchemy.engine.Engine BEGIN (implicit)
2025-07-25 17:01:50,237 INFO sqlalchemy.engine.Engine SELECT cameras.id, cameras.name, cameras.ip_address, cameras.port, cameras.connection_type, cameras.stream_path, cameras.location, cameras.username, cameras.password, cameras.status, cameras.created_at, cameras.updated_at, cameras.enabled 
FROM cameras 
WHERE cameras.id = ?
2025-07-25 17:01:50,237 INFO sqlalchemy.engine.Engine [cached since 111.4s ago] (4,)
2025-07-25 17:01:50,237 INFO sqlalchemy.engine.Engine ROLLBACK
INFO:     127.0.0.1:59030 - "GET /stream/thumbnail/4?t=1753480795817 HTTP/1.1" 503 Service Unavailable
2025-07-25 17:01:50,239 INFO sqlalchemy.engine.Engine BEGIN (implicit)
2025-07-25 17:01:50,239 INFO sqlalchemy.engine.Engine SELECT cameras.id, cameras.name, cameras.ip_address, cameras.port, cameras.connection_type, cameras.stream_path, cameras.location, cameras.username, cameras.password, cameras.status, cameras.created_at, cameras.updated_at, cameras.enabled 
FROM cameras 
WHERE cameras.id = ?
2025-07-25 17:01:50,239 INFO sqlalchemy.engine.Engine [cached since 114.5s ago] (4,)
2025-07-25 17:01:55,153 INFO sqlalchemy.engine.Engine ROLLBACK
INFO:     127.0.0.1:59042 - "GET /stream/thumbnail/3?t=1753480795818 HTTP/1.1" 200 OK
2025-07-25 17:01:55,154 INFO sqlalchemy.engine.Engine BEGIN (implicit)
2025-07-25 17:01:55,155 INFO sqlalchemy.engine.Engine SELECT cameras.id, cameras.name, cameras.ip_address, cameras.port, cameras.connection_type, cameras.stream_path, cameras.location, cameras.username, cameras.password, cameras.status, cameras.created_at, cameras.updated_at, cameras.enabled 
FROM cameras 
WHERE cameras.id = ?
2025-07-25 17:01:55,155 INFO sqlalchemy.engine.Engine [cached since 119.4s ago] (3,)
[tcp @ 0x75787c390300] Connection to tcp://192.168.1.205:80 failed: No route to host
Failed to open camera stream: http://192.168.1.205:80/mjpeg
2025-07-25 17:01:58,214 INFO sqlalchemy.engine.Engine SELECT cameras.id, cameras.name, cameras.ip_address, cameras.port, cameras.connection_type, cameras.stream_path, cameras.location, cameras.username, cameras.password, cameras.status, cameras.created_at, cameras.updated_at, cameras.enabled 
FROM cameras 
WHERE cameras.id = ?
2025-07-25 17:01:58,215 INFO sqlalchemy.engine.Engine [cached since 122.4s ago] (4,)
2025-07-25 17:01:58,215 INFO sqlalchemy.engine.Engine UPDATE cameras SET updated_at=? WHERE cameras.id = ?
2025-07-25 17:01:58,215 INFO sqlalchemy.engine.Engine [cached since 119.4s ago] ('2025-07-25 22:01:58.215571', 4)
2025-07-25 17:01:58,216 INFO sqlalchemy.engine.Engine COMMIT
2025-07-25 17:01:58,225 INFO sqlalchemy.engine.Engine BEGIN (implicit)
2025-07-25 17:01:58,225 INFO sqlalchemy.engine.Engine SELECT cameras.id, cameras.name, cameras.ip_address, cameras.port, cameras.connection_type, cameras.stream_path, cameras.location, cameras.username, cameras.password, cameras.status, cameras.created_at, cameras.updated_at, cameras.enabled 
FROM cameras 
WHERE cameras.id = ?
2025-07-25 17:01:58,225 INFO sqlalchemy.engine.Engine [cached since 119.4s ago] (4,)
Error getting thumbnail for camera 4: 503: Failed to capture frame from camera
2025-07-25 17:01:58,226 INFO sqlalchemy.engine.Engine SELECT cameras.id, cameras.name, cameras.ip_address, cameras.port, cameras.connection_type, cameras.stream_path, cameras.location, cameras.username, cameras.password, cameras.status, cameras.created_at, cameras.updated_at, cameras.enabled 
FROM cameras 
WHERE cameras.id = ?
2025-07-25 17:01:58,226 INFO sqlalchemy.engine.Engine [cached since 122.4s ago] (4,)
2025-07-25 17:01:58,227 INFO sqlalchemy.engine.Engine UPDATE cameras SET updated_at=? WHERE cameras.id = ?
2025-07-25 17:01:58,227 INFO sqlalchemy.engine.Engine [cached since 119.4s ago] ('2025-07-25 22:01:58.227142', 4)
2025-07-25 17:01:58,227 INFO sqlalchemy.engine.Engine COMMIT
2025-07-25 17:01:58,236 INFO sqlalchemy.engine.Engine BEGIN (implicit)
2025-07-25 17:01:58,236 INFO sqlalchemy.engine.Engine SELECT cameras.id, cameras.name, cameras.ip_address, cameras.port, cameras.connection_type, cameras.stream_path, cameras.location, cameras.username, cameras.password, cameras.status, cameras.created_at, cameras.updated_at, cameras.enabled 
FROM cameras 
WHERE cameras.id = ?
2025-07-25 17:01:58,236 INFO sqlalchemy.engine.Engine [cached since 119.4s ago] (4,)
2025-07-25 17:01:58,236 INFO sqlalchemy.engine.Engine ROLLBACK
INFO:     127.0.0.1:59062 - "GET /stream/thumbnail/4?t=1753480795820 HTTP/1.1" 503 Service Unavailable
2025-07-25 17:01:58,238 INFO sqlalchemy.engine.Engine BEGIN (implicit)
2025-07-25 17:01:58,238 INFO sqlalchemy.engine.Engine SELECT cameras.id, cameras.name, cameras.ip_address, cameras.port, cameras.connection_type, cameras.stream_path, cameras.location, cameras.username, cameras.password, cameras.status, cameras.created_at, cameras.updated_at, cameras.enabled 
FROM cameras 
WHERE cameras.id = ?
2025-07-25 17:01:58,238 INFO sqlalchemy.engine.Engine [cached since 122.5s ago] (4,)
2025-07-25 17:02:03,262 INFO sqlalchemy.engine.Engine ROLLBACK
INFO:     127.0.0.1:59070 - "GET /stream/thumbnail/3?t=1753480795820 HTTP/1.1" 200 OK
2025-07-25 17:02:03,264 INFO sqlalchemy.engine.Engine BEGIN (implicit)
2025-07-25 17:02:03,264 INFO sqlalchemy.engine.Engine SELECT cameras.id, cameras.name, cameras.ip_address, cameras.port, cameras.connection_type, cameras.stream_path, cameras.location, cameras.username, cameras.password, cameras.status, cameras.created_at, cameras.updated_at, cameras.enabled 
FROM cameras 
WHERE cameras.id = ?
2025-07-25 17:02:03,264 INFO sqlalchemy.engine.Engine [cached since 127.5s ago] (3,)
[tcp @ 0x75789c0048c0] Connection to tcp://192.168.1.205:80 failed: No route to host
Failed to open camera stream: http://192.168.1.205:80/mjpeg
2025-07-25 17:02:06,310 INFO sqlalchemy.engine.Engine SELECT cameras.id, cameras.name, cameras.ip_address, cameras.port, cameras.connection_type, cameras.stream_path, cameras.location, cameras.username, cameras.password, cameras.status, cameras.created_at, cameras.updated_at, cameras.enabled 
FROM cameras 
WHERE cameras.id = ?
2025-07-25 17:02:06,310 INFO sqlalchemy.engine.Engine [cached since 130.5s ago] (4,)
2025-07-25 17:02:06,311 INFO sqlalchemy.engine.Engine UPDATE cameras SET updated_at=? WHERE cameras.id = ?
2025-07-25 17:02:06,311 INFO sqlalchemy.engine.Engine [cached since 127.5s ago] ('2025-07-25 22:02:06.311488', 4)
2025-07-25 17:02:06,312 INFO sqlalchemy.engine.Engine COMMIT
2025-07-25 17:02:06,322 INFO sqlalchemy.engine.Engine BEGIN (implicit)
2025-07-25 17:02:06,322 INFO sqlalchemy.engine.Engine SELECT cameras.id, cameras.name, cameras.ip_address, cameras.port, cameras.connection_type, cameras.stream_path, cameras.location, cameras.username, cameras.password, cameras.status, cameras.created_at, cameras.updated_at, cameras.enabled 
FROM cameras 
WHERE cameras.id = ?
2025-07-25 17:02:06,322 INFO sqlalchemy.engine.Engine [cached since 127.4s ago] (4,)
Error getting thumbnail for camera 4: 503: Failed to capture frame from camera
2025-07-25 17:02:06,323 INFO sqlalchemy.engine.Engine SELECT cameras.id, cameras.name, cameras.ip_address, cameras.port, cameras.connection_type, cameras.stream_path, cameras.location, cameras.username, cameras.password, cameras.status, cameras.created_at, cameras.updated_at, cameras.enabled 
FROM cameras 
WHERE cameras.id = ?
2025-07-25 17:02:06,323 INFO sqlalchemy.engine.Engine [cached since 130.5s ago] (4,)
2025-07-25 17:02:06,324 INFO sqlalchemy.engine.Engine UPDATE cameras SET updated_at=? WHERE cameras.id = ?
2025-07-25 17:02:06,324 INFO sqlalchemy.engine.Engine [cached since 127.5s ago] ('2025-07-25 22:02:06.324029', 4)
2025-07-25 17:02:06,324 INFO sqlalchemy.engine.Engine COMMIT
2025-07-25 17:02:06,332 INFO sqlalchemy.engine.Engine BEGIN (implicit)
2025-07-25 17:02:06,333 INFO sqlalchemy.engine.Engine SELECT cameras.id, cameras.name, cameras.ip_address, cameras.port, cameras.connection_type, cameras.stream_path, cameras.location, cameras.username, cameras.password, cameras.status, cameras.created_at, cameras.updated_at, cameras.enabled 
FROM cameras 
WHERE cameras.id = ?
2025-07-25 17:02:06,333 INFO sqlalchemy.engine.Engine [cached since 127.5s ago] (4,)
2025-07-25 17:02:06,333 INFO sqlalchemy.engine.Engine ROLLBACK
INFO:     127.0.0.1:59030 - "GET /stream/thumbnail/4?t=1753480795824 HTTP/1.1" 503 Service Unavailable
2025-07-25 17:02:06,335 INFO sqlalchemy.engine.Engine BEGIN (implicit)
2025-07-25 17:02:06,335 INFO sqlalchemy.engine.Engine SELECT cameras.id, cameras.name, cameras.ip_address, cameras.port, cameras.connection_type, cameras.stream_path, cameras.location, cameras.username, cameras.password, cameras.status, cameras.created_at, cameras.updated_at, cameras.enabled 
FROM cameras 
WHERE cameras.id = ?
2025-07-25 17:02:06,335 INFO sqlalchemy.engine.Engine [cached since 130.6s ago] (4,)
2025-07-25 17:02:11,134 INFO sqlalchemy.engine.Engine ROLLBACK
INFO:     127.0.0.1:59042 - "GET /stream/thumbnail/3?t=1753480795824 HTTP/1.1" 200 OK
2025-07-25 17:02:11,136 INFO sqlalchemy.engine.Engine BEGIN (implicit)
2025-07-25 17:02:11,136 INFO sqlalchemy.engine.Engine SELECT cameras.id, cameras.name, cameras.ip_address, cameras.port, cameras.connection_type, cameras.stream_path, cameras.location, cameras.username, cameras.password, cameras.status, cameras.created_at, cameras.updated_at, cameras.enabled 
FROM cameras 
WHERE cameras.id = ?
2025-07-25 17:02:11,136 INFO sqlalchemy.engine.Engine [cached since 135.4s ago] (3,)
2025-07-25 17:02:12,478 INFO sqlalchemy.engine.Engine BEGIN (implicit)
2025-07-25 17:02:12,478 INFO sqlalchemy.engine.Engine SELECT cameras.id, cameras.name, cameras.ip_address, cameras.port, cameras.connection_type, cameras.stream_path, cameras.location, cameras.username, cameras.password, cameras.status, cameras.created_at, cameras.updated_at, cameras.enabled 
FROM cameras 
WHERE cameras.id = ?
2025-07-25 17:02:12,478 INFO sqlalchemy.engine.Engine [cached since 136.7s ago] (1,)
2025-07-25 17:02:12,478 INFO sqlalchemy.engine.Engine ROLLBACK
INFO:     127.0.0.1:42934 - "GET /api/v1/streams/status/1 HTTP/1.1" 404 Not Found
2025-07-25 17:02:12,483 INFO sqlalchemy.engine.Engine BEGIN (implicit)
2025-07-25 17:02:12,484 INFO sqlalchemy.engine.Engine SELECT cameras.id, cameras.name, cameras.ip_address, cameras.port, cameras.connection_type, cameras.stream_path, cameras.location, cameras.username, cameras.password, cameras.status, cameras.created_at, cameras.updated_at, cameras.enabled 
FROM cameras 
WHERE cameras.id = ?
2025-07-25 17:02:12,484 INFO sqlalchemy.engine.Engine [cached since 136.7s ago] (2,)
2025-07-25 17:02:12,484 INFO sqlalchemy.engine.Engine ROLLBACK
INFO:     127.0.0.1:42934 - "GET /api/v1/streams/status/2 HTTP/1.1" 404 Not Found
2025-07-25 17:02:12,488 INFO sqlalchemy.engine.Engine BEGIN (implicit)
2025-07-25 17:02:12,489 INFO sqlalchemy.engine.Engine SELECT cameras.id, cameras.name, cameras.ip_address, cameras.port, cameras.connection_type, cameras.stream_path, cameras.location, cameras.username, cameras.password, cameras.status, cameras.created_at, cameras.updated_at, cameras.enabled 
FROM cameras 
WHERE cameras.id = ?
2025-07-25 17:02:12,489 INFO sqlalchemy.engine.Engine [cached since 136.7s ago] (3,)
2025-07-25 17:02:12,489 INFO sqlalchemy.engine.Engine ROLLBACK
INFO:     127.0.0.1:42934 - "GET /api/v1/streams/status/3 HTTP/1.1" 200 OK
2025-07-25 17:02:12,494 INFO sqlalchemy.engine.Engine BEGIN (implicit)
2025-07-25 17:02:12,495 INFO sqlalchemy.engine.Engine SELECT cameras.id, cameras.name, cameras.ip_address, cameras.port, cameras.connection_type, cameras.stream_path, cameras.location, cameras.username, cameras.password, cameras.status, cameras.created_at, cameras.updated_at, cameras.enabled 
FROM cameras 
WHERE cameras.id = ?
2025-07-25 17:02:12,495 INFO sqlalchemy.engine.Engine [cached since 136.7s ago] (4,)
2025-07-25 17:02:12,495 INFO sqlalchemy.engine.Engine ROLLBACK
INFO:     127.0.0.1:42934 - "GET /api/v1/streams/status/4 HTTP/1.1" 200 OK
[tcp @ 0x75787c390300] Connection to tcp://192.168.1.205:80 failed: No route to host
Failed to open camera stream: http://192.168.1.205:80/mjpeg
2025-07-25 17:02:14,182 INFO sqlalchemy.engine.Engine SELECT cameras.id, cameras.name, cameras.ip_address, cameras.port, cameras.connection_type, cameras.stream_path, cameras.location, cameras.username, cameras.password, cameras.status, cameras.created_at, cameras.updated_at, cameras.enabled 
FROM cameras 
WHERE cameras.id = ?
2025-07-25 17:02:14,182 INFO sqlalchemy.engine.Engine [cached since 138.4s ago] (4,)
2025-07-25 17:02:14,183 INFO sqlalchemy.engine.Engine UPDATE cameras SET updated_at=? WHERE cameras.id = ?
2025-07-25 17:02:14,183 INFO sqlalchemy.engine.Engine [cached since 135.3s ago] ('2025-07-25 22:02:14.183455', 4)
2025-07-25 17:02:14,184 INFO sqlalchemy.engine.Engine COMMIT
2025-07-25 17:02:14,192 INFO sqlalchemy.engine.Engine BEGIN (implicit)
2025-07-25 17:02:14,192 INFO sqlalchemy.engine.Engine SELECT cameras.id, cameras.name, cameras.ip_address, cameras.port, cameras.connection_type, cameras.stream_path, cameras.location, cameras.username, cameras.password, cameras.status, cameras.created_at, cameras.updated_at, cameras.enabled 
FROM cameras 
WHERE cameras.id = ?
2025-07-25 17:02:14,193 INFO sqlalchemy.engine.Engine [cached since 135.3s ago] (4,)
Error getting thumbnail for camera 4: 503: Failed to capture frame from camera
2025-07-25 17:02:14,193 INFO sqlalchemy.engine.Engine SELECT cameras.id, cameras.name, cameras.ip_address, cameras.port, cameras.connection_type, cameras.stream_path, cameras.location, cameras.username, cameras.password, cameras.status, cameras.created_at, cameras.updated_at, cameras.enabled 
FROM cameras 
WHERE cameras.id = ?
2025-07-25 17:02:14,193 INFO sqlalchemy.engine.Engine [cached since 138.4s ago] (4,)
2025-07-25 17:02:14,194 INFO sqlalchemy.engine.Engine UPDATE cameras SET updated_at=? WHERE cameras.id = ?
2025-07-25 17:02:14,194 INFO sqlalchemy.engine.Engine [cached since 135.3s ago] ('2025-07-25 22:02:14.194273', 4)
2025-07-25 17:02:14,194 INFO sqlalchemy.engine.Engine COMMIT
2025-07-25 17:02:14,202 INFO sqlalchemy.engine.Engine BEGIN (implicit)
2025-07-25 17:02:14,203 INFO sqlalchemy.engine.Engine SELECT cameras.id, cameras.name, cameras.ip_address, cameras.port, cameras.connection_type, cameras.stream_path, cameras.location, cameras.username, cameras.password, cameras.status, cameras.created_at, cameras.updated_at, cameras.enabled 
FROM cameras 
WHERE cameras.id = ?
2025-07-25 17:02:14,203 INFO sqlalchemy.engine.Engine [cached since 135.3s ago] (4,)
2025-07-25 17:02:14,203 INFO sqlalchemy.engine.Engine ROLLBACK
INFO:     127.0.0.1:59062 - "GET /stream/thumbnail/4?t=1753480795827 HTTP/1.1" 503 Service Unavailable
2025-07-25 17:02:14,204 INFO sqlalchemy.engine.Engine BEGIN (implicit)
2025-07-25 17:02:14,204 INFO sqlalchemy.engine.Engine SELECT cameras.id, cameras.name, cameras.ip_address, cameras.port, cameras.connection_type, cameras.stream_path, cameras.location, cameras.username, cameras.password, cameras.status, cameras.created_at, cameras.updated_at, cameras.enabled 
FROM cameras 
WHERE cameras.id = ?
2025-07-25 17:02:14,205 INFO sqlalchemy.engine.Engine [cached since 138.4s ago] (4,)
2025-07-25 17:02:14,679 INFO sqlalchemy.engine.Engine BEGIN (implicit)
2025-07-25 17:02:14,679 INFO sqlalchemy.engine.Engine SELECT cameras.id, cameras.name, cameras.ip_address, cameras.port, cameras.connection_type, cameras.stream_path, cameras.location, cameras.username, cameras.password, cameras.status, cameras.created_at, cameras.updated_at, cameras.enabled 
FROM cameras 
WHERE cameras.id = ?
2025-07-25 17:02:14,679 INFO sqlalchemy.engine.Engine [cached since 138.9s ago] (1,)
2025-07-25 17:02:14,680 INFO sqlalchemy.engine.Engine ROLLBACK
INFO:     127.0.0.1:42934 - "GET /api/v1/streams/status/1 HTTP/1.1" 404 Not Found
2025-07-25 17:02:14,685 INFO sqlalchemy.engine.Engine BEGIN (implicit)
2025-07-25 17:02:14,685 INFO sqlalchemy.engine.Engine SELECT cameras.id, cameras.name, cameras.ip_address, cameras.port, cameras.connection_type, cameras.stream_path, cameras.location, cameras.username, cameras.password, cameras.status, cameras.created_at, cameras.updated_at, cameras.enabled 
FROM cameras 
WHERE cameras.id = ?
2025-07-25 17:02:14,685 INFO sqlalchemy.engine.Engine [cached since 138.9s ago] (2,)
2025-07-25 17:02:14,685 INFO sqlalchemy.engine.Engine ROLLBACK
INFO:     127.0.0.1:42934 - "GET /api/v1/streams/status/2 HTTP/1.1" 404 Not Found
2025-07-25 17:02:14,689 INFO sqlalchemy.engine.Engine BEGIN (implicit)
2025-07-25 17:02:14,690 INFO sqlalchemy.engine.Engine SELECT cameras.id, cameras.name, cameras.ip_address, cameras.port, cameras.connection_type, cameras.stream_path, cameras.location, cameras.username, cameras.password, cameras.status, cameras.created_at, cameras.updated_at, cameras.enabled 
FROM cameras 
WHERE cameras.id = ?
2025-07-25 17:02:14,690 INFO sqlalchemy.engine.Engine [cached since 138.9s ago] (3,)
2025-07-25 17:02:14,690 INFO sqlalchemy.engine.Engine ROLLBACK
INFO:     127.0.0.1:42934 - "GET /api/v1/streams/status/3 HTTP/1.1" 200 OK
2025-07-25 17:02:14,695 INFO sqlalchemy.engine.Engine BEGIN (implicit)
2025-07-25 17:02:14,695 INFO sqlalchemy.engine.Engine SELECT cameras.id, cameras.name, cameras.ip_address, cameras.port, cameras.connection_type, cameras.stream_path, cameras.location, cameras.username, cameras.password, cameras.status, cameras.created_at, cameras.updated_at, cameras.enabled 
FROM cameras 
WHERE cameras.id = ?
2025-07-25 17:02:14,695 INFO sqlalchemy.engine.Engine [cached since 138.9s ago] (4,)
2025-07-25 17:02:14,696 INFO sqlalchemy.engine.Engine ROLLBACK
INFO:     127.0.0.1:42934 - "GET /api/v1/streams/status/4 HTTP/1.1" 200 OK
2025-07-25 17:02:19,180 INFO sqlalchemy.engine.Engine ROLLBACK
INFO:     127.0.0.1:59070 - "GET /stream/thumbnail/3?t=1753480795827 HTTP/1.1" 200 OK
2025-07-25 17:02:19,182 INFO sqlalchemy.engine.Engine BEGIN (implicit)
2025-07-25 17:02:19,182 INFO sqlalchemy.engine.Engine SELECT cameras.id, cameras.name, cameras.ip_address, cameras.port, cameras.connection_type, cameras.stream_path, cameras.location, cameras.username, cameras.password, cameras.status, cameras.created_at, cameras.updated_at, cameras.enabled 
FROM cameras 
WHERE cameras.id = ?
2025-07-25 17:02:19,182 INFO sqlalchemy.engine.Engine [cached since 143.4s ago] (3,)
[tcp @ 0x75789c0048c0] Connection to tcp://192.168.1.205:80 failed: No route to host
Failed to open camera stream: http://192.168.1.205:80/mjpeg
2025-07-25 17:02:22,246 INFO sqlalchemy.engine.Engine SELECT cameras.id, cameras.name, cameras.ip_address, cameras.port, cameras.connection_type, cameras.stream_path, cameras.location, cameras.username, cameras.password, cameras.status, cameras.created_at, cameras.updated_at, cameras.enabled 
FROM cameras 
WHERE cameras.id = ?
2025-07-25 17:02:22,246 INFO sqlalchemy.engine.Engine [cached since 146.5s ago] (4,)
2025-07-25 17:02:22,247 INFO sqlalchemy.engine.Engine UPDATE cameras SET updated_at=? WHERE cameras.id = ?
2025-07-25 17:02:22,247 INFO sqlalchemy.engine.Engine [cached since 143.4s ago] ('2025-07-25 22:02:22.247392', 4)
2025-07-25 17:02:22,248 INFO sqlalchemy.engine.Engine COMMIT
2025-07-25 17:02:22,256 INFO sqlalchemy.engine.Engine BEGIN (implicit)
2025-07-25 17:02:22,256 INFO sqlalchemy.engine.Engine SELECT cameras.id, cameras.name, cameras.ip_address, cameras.port, cameras.connection_type, cameras.stream_path, cameras.location, cameras.username, cameras.password, cameras.status, cameras.created_at, cameras.updated_at, cameras.enabled 
FROM cameras 
WHERE cameras.id = ?
2025-07-25 17:02:22,256 INFO sqlalchemy.engine.Engine [cached since 143.4s ago] (4,)
Error getting thumbnail for camera 4: 503: Failed to capture frame from camera
2025-07-25 17:02:22,257 INFO sqlalchemy.engine.Engine SELECT cameras.id, cameras.name, cameras.ip_address, cameras.port, cameras.connection_type, cameras.stream_path, cameras.location, cameras.username, cameras.password, cameras.status, cameras.created_at, cameras.updated_at, cameras.enabled 
FROM cameras 
WHERE cameras.id = ?
2025-07-25 17:02:22,257 INFO sqlalchemy.engine.Engine [cached since 146.5s ago] (4,)
2025-07-25 17:02:22,258 INFO sqlalchemy.engine.Engine UPDATE cameras SET updated_at=? WHERE cameras.id = ?
2025-07-25 17:02:22,258 INFO sqlalchemy.engine.Engine [cached since 143.4s ago] ('2025-07-25 22:02:22.257909', 4)
2025-07-25 17:02:22,258 INFO sqlalchemy.engine.Engine COMMIT
2025-07-25 17:02:22,266 INFO sqlalchemy.engine.Engine BEGIN (implicit)
2025-07-25 17:02:22,266 INFO sqlalchemy.engine.Engine SELECT cameras.id, cameras.name, cameras.ip_address, cameras.port, cameras.connection_type, cameras.stream_path, cameras.location, cameras.username, cameras.password, cameras.status, cameras.created_at, cameras.updated_at, cameras.enabled 
FROM cameras 
WHERE cameras.id = ?
2025-07-25 17:02:22,266 INFO sqlalchemy.engine.Engine [cached since 143.4s ago] (4,)
2025-07-25 17:02:22,267 INFO sqlalchemy.engine.Engine ROLLBACK
INFO:     127.0.0.1:59030 - "GET /stream/thumbnail/4?t=1753480795834 HTTP/1.1" 503 Service Unavailable
2025-07-25 17:02:22,268 INFO sqlalchemy.engine.Engine BEGIN (implicit)
2025-07-25 17:02:22,268 INFO sqlalchemy.engine.Engine SELECT cameras.id, cameras.name, cameras.ip_address, cameras.port, cameras.connection_type, cameras.stream_path, cameras.location, cameras.username, cameras.password, cameras.status, cameras.created_at, cameras.updated_at, cameras.enabled 
FROM cameras 
WHERE cameras.id = ?
2025-07-25 17:02:22,268 INFO sqlalchemy.engine.Engine [cached since 146.5s ago] (4,)
2025-07-25 17:02:27,163 INFO sqlalchemy.engine.Engine ROLLBACK
INFO:     127.0.0.1:59042 - "GET /stream/thumbnail/3?t=1753480795834 HTTP/1.1" 200 OK
2025-07-25 17:02:27,165 INFO sqlalchemy.engine.Engine BEGIN (implicit)
2025-07-25 17:02:27,165 INFO sqlalchemy.engine.Engine SELECT cameras.id, cameras.name, cameras.ip_address, cameras.port, cameras.connection_type, cameras.stream_path, cameras.location, cameras.username, cameras.password, cameras.status, cameras.created_at, cameras.updated_at, cameras.enabled 
FROM cameras 
WHERE cameras.id = ?
2025-07-25 17:02:27,165 INFO sqlalchemy.engine.Engine [cached since 151.4s ago] (3,)
[tcp @ 0x75787c390300] Connection to tcp://192.168.1.205:80 failed: No route to host
Failed to open camera stream: http://192.168.1.205:80/mjpeg
2025-07-25 17:02:30,215 INFO sqlalchemy.engine.Engine SELECT cameras.id, cameras.name, cameras.ip_address, cameras.port, cameras.connection_type, cameras.stream_path, cameras.location, cameras.username, cameras.password, cameras.status, cameras.created_at, cameras.updated_at, cameras.enabled 
FROM cameras 
WHERE cameras.id = ?
2025-07-25 17:02:30,215 INFO sqlalchemy.engine.Engine [cached since 154.4s ago] (4,)
2025-07-25 17:02:30,215 INFO sqlalchemy.engine.Engine UPDATE cameras SET updated_at=? WHERE cameras.id = ?
2025-07-25 17:02:30,215 INFO sqlalchemy.engine.Engine [cached since 151.4s ago] ('2025-07-25 22:02:30.215663', 4)
2025-07-25 17:02:30,216 INFO sqlalchemy.engine.Engine COMMIT
2025-07-25 17:02:30,225 INFO sqlalchemy.engine.Engine BEGIN (implicit)
2025-07-25 17:02:30,225 INFO sqlalchemy.engine.Engine SELECT cameras.id, cameras.name, cameras.ip_address, cameras.port, cameras.connection_type, cameras.stream_path, cameras.location, cameras.username, cameras.password, cameras.status, cameras.created_at, cameras.updated_at, cameras.enabled 
FROM cameras 
WHERE cameras.id = ?
2025-07-25 17:02:30,225 INFO sqlalchemy.engine.Engine [cached since 151.4s ago] (4,)
Error getting thumbnail for camera 4: 503: Failed to capture frame from camera
2025-07-25 17:02:30,226 INFO sqlalchemy.engine.Engine SELECT cameras.id, cameras.name, cameras.ip_address, cameras.port, cameras.connection_type, cameras.stream_path, cameras.location, cameras.username, cameras.password, cameras.status, cameras.created_at, cameras.updated_at, cameras.enabled 
FROM cameras 
WHERE cameras.id = ?
2025-07-25 17:02:30,226 INFO sqlalchemy.engine.Engine [cached since 154.4s ago] (4,)
2025-07-25 17:02:30,226 INFO sqlalchemy.engine.Engine UPDATE cameras SET updated_at=? WHERE cameras.id = ?
2025-07-25 17:02:30,226 INFO sqlalchemy.engine.Engine [cached since 151.4s ago] ('2025-07-25 22:02:30.226728', 4)
2025-07-25 17:02:30,227 INFO sqlalchemy.engine.Engine COMMIT
2025-07-25 17:02:30,235 INFO sqlalchemy.engine.Engine BEGIN (implicit)
2025-07-25 17:02:30,235 INFO sqlalchemy.engine.Engine SELECT cameras.id, cameras.name, cameras.ip_address, cameras.port, cameras.connection_type, cameras.stream_path, cameras.location, cameras.username, cameras.password, cameras.status, cameras.created_at, cameras.updated_at, cameras.enabled 
FROM cameras 
WHERE cameras.id = ?
2025-07-25 17:02:30,235 INFO sqlalchemy.engine.Engine [cached since 151.4s ago] (4,)
2025-07-25 17:02:30,236 INFO sqlalchemy.engine.Engine ROLLBACK
INFO:     127.0.0.1:59062 - "GET /stream/thumbnail/4?t=1753480795838 HTTP/1.1" 503 Service Unavailable
2025-07-25 17:02:30,237 INFO sqlalchemy.engine.Engine BEGIN (implicit)
2025-07-25 17:02:30,237 INFO sqlalchemy.engine.Engine SELECT cameras.id, cameras.name, cameras.ip_address, cameras.port, cameras.connection_type, cameras.stream_path, cameras.location, cameras.username, cameras.password, cameras.status, cameras.created_at, cameras.updated_at, cameras.enabled 
FROM cameras 
WHERE cameras.id = ?
2025-07-25 17:02:30,237 INFO sqlalchemy.engine.Engine [cached since 154.5s ago] (4,)
2025-07-25 17:02:35,139 INFO sqlalchemy.engine.Engine ROLLBACK
INFO:     127.0.0.1:59070 - "GET /stream/thumbnail/3?t=1753480795838 HTTP/1.1" 200 OK
2025-07-25 17:02:35,141 INFO sqlalchemy.engine.Engine BEGIN (implicit)
2025-07-25 17:02:35,141 INFO sqlalchemy.engine.Engine SELECT cameras.id, cameras.name, cameras.ip_address, cameras.port, cameras.connection_type, cameras.stream_path, cameras.location, cameras.username, cameras.password, cameras.status, cameras.created_at, cameras.updated_at, cameras.enabled 
FROM cameras 
WHERE cameras.id = ?
2025-07-25 17:02:35,141 INFO sqlalchemy.engine.Engine [cached since 159.4s ago] (3,)
[tcp @ 0x75789c0048c0] Connection to tcp://192.168.1.205:80 failed: No route to host
Failed to open camera stream: http://192.168.1.205:80/mjpeg
2025-07-25 17:02:38,182 INFO sqlalchemy.engine.Engine SELECT cameras.id, cameras.name, cameras.ip_address, cameras.port, cameras.connection_type, cameras.stream_path, cameras.location, cameras.username, cameras.password, cameras.status, cameras.created_at, cameras.updated_at, cameras.enabled 
FROM cameras 
WHERE cameras.id = ?
2025-07-25 17:02:38,182 INFO sqlalchemy.engine.Engine [cached since 162.4s ago] (4,)
2025-07-25 17:02:38,183 INFO sqlalchemy.engine.Engine UPDATE cameras SET updated_at=? WHERE cameras.id = ?
2025-07-25 17:02:38,183 INFO sqlalchemy.engine.Engine [cached since 159.3s ago] ('2025-07-25 22:02:38.183370', 4)
2025-07-25 17:02:38,184 INFO sqlalchemy.engine.Engine COMMIT
2025-07-25 17:02:38,193 INFO sqlalchemy.engine.Engine BEGIN (implicit)
2025-07-25 17:02:38,193 INFO sqlalchemy.engine.Engine SELECT cameras.id, cameras.name, cameras.ip_address, cameras.port, cameras.connection_type, cameras.stream_path, cameras.location, cameras.username, cameras.password, cameras.status, cameras.created_at, cameras.updated_at, cameras.enabled 
FROM cameras 
WHERE cameras.id = ?
2025-07-25 17:02:38,193 INFO sqlalchemy.engine.Engine [cached since 159.3s ago] (4,)
Error getting thumbnail for camera 4: 503: Failed to capture frame from camera
2025-07-25 17:02:38,194 INFO sqlalchemy.engine.Engine SELECT cameras.id, cameras.name, cameras.ip_address, cameras.port, cameras.connection_type, cameras.stream_path, cameras.location, cameras.username, cameras.password, cameras.status, cameras.created_at, cameras.updated_at, cameras.enabled 
FROM cameras 
WHERE cameras.id = ?
2025-07-25 17:02:38,194 INFO sqlalchemy.engine.Engine [cached since 162.4s ago] (4,)
2025-07-25 17:02:38,195 INFO sqlalchemy.engine.Engine UPDATE cameras SET updated_at=? WHERE cameras.id = ?
2025-07-25 17:02:38,195 INFO sqlalchemy.engine.Engine [cached since 159.3s ago] ('2025-07-25 22:02:38.195150', 4)
2025-07-25 17:02:38,195 INFO sqlalchemy.engine.Engine COMMIT
2025-07-25 17:02:38,203 INFO sqlalchemy.engine.Engine BEGIN (implicit)
2025-07-25 17:02:38,203 INFO sqlalchemy.engine.Engine SELECT cameras.id, cameras.name, cameras.ip_address, cameras.port, cameras.connection_type, cameras.stream_path, cameras.location, cameras.username, cameras.password, cameras.status, cameras.created_at, cameras.updated_at, cameras.enabled 
FROM cameras 
WHERE cameras.id = ?
2025-07-25 17:02:38,204 INFO sqlalchemy.engine.Engine [cached since 159.3s ago] (4,)
2025-07-25 17:02:38,204 INFO sqlalchemy.engine.Engine ROLLBACK
INFO:     127.0.0.1:59030 - "GET /stream/thumbnail/4?t=1753480795840 HTTP/1.1" 503 Service Unavailable
2025-07-25 17:02:38,205 INFO sqlalchemy.engine.Engine BEGIN (implicit)
2025-07-25 17:02:38,206 INFO sqlalchemy.engine.Engine SELECT cameras.id, cameras.name, cameras.ip_address, cameras.port, cameras.connection_type, cameras.stream_path, cameras.location, cameras.username, cameras.password, cameras.status, cameras.created_at, cameras.updated_at, cameras.enabled 
FROM cameras 
WHERE cameras.id = ?
2025-07-25 17:02:38,206 INFO sqlalchemy.engine.Engine [cached since 162.4s ago] (4,)
2025-07-25 17:02:42,487 INFO sqlalchemy.engine.Engine BEGIN (implicit)
2025-07-25 17:02:42,488 INFO sqlalchemy.engine.Engine SELECT cameras.id, cameras.name, cameras.ip_address, cameras.port, cameras.connection_type, cameras.stream_path, cameras.location, cameras.username, cameras.password, cameras.status, cameras.created_at, cameras.updated_at, cameras.enabled 
FROM cameras 
WHERE cameras.id = ?
2025-07-25 17:02:42,488 INFO sqlalchemy.engine.Engine [cached since 166.7s ago] (1,)
2025-07-25 17:02:42,488 INFO sqlalchemy.engine.Engine ROLLBACK
INFO:     127.0.0.1:58014 - "GET /api/v1/streams/status/1 HTTP/1.1" 404 Not Found
2025-07-25 17:02:42,493 INFO sqlalchemy.engine.Engine BEGIN (implicit)
2025-07-25 17:02:42,493 INFO sqlalchemy.engine.Engine SELECT cameras.id, cameras.name, cameras.ip_address, cameras.port, cameras.connection_type, cameras.stream_path, cameras.location, cameras.username, cameras.password, cameras.status, cameras.created_at, cameras.updated_at, cameras.enabled 
FROM cameras 
WHERE cameras.id = ?
2025-07-25 17:02:42,493 INFO sqlalchemy.engine.Engine [cached since 166.7s ago] (2,)
2025-07-25 17:02:42,494 INFO sqlalchemy.engine.Engine ROLLBACK
INFO:     127.0.0.1:58014 - "GET /api/v1/streams/status/2 HTTP/1.1" 404 Not Found
2025-07-25 17:02:42,499 INFO sqlalchemy.engine.Engine BEGIN (implicit)
2025-07-25 17:02:42,499 INFO sqlalchemy.engine.Engine SELECT cameras.id, cameras.name, cameras.ip_address, cameras.port, cameras.connection_type, cameras.stream_path, cameras.location, cameras.username, cameras.password, cameras.status, cameras.created_at, cameras.updated_at, cameras.enabled 
FROM cameras 
WHERE cameras.id = ?
2025-07-25 17:02:42,499 INFO sqlalchemy.engine.Engine [cached since 166.7s ago] (3,)
2025-07-25 17:02:42,499 INFO sqlalchemy.engine.Engine ROLLBACK
INFO:     127.0.0.1:58014 - "GET /api/v1/streams/status/3 HTTP/1.1" 200 OK
2025-07-25 17:02:42,504 INFO sqlalchemy.engine.Engine BEGIN (implicit)
2025-07-25 17:02:42,504 INFO sqlalchemy.engine.Engine SELECT cameras.id, cameras.name, cameras.ip_address, cameras.port, cameras.connection_type, cameras.stream_path, cameras.location, cameras.username, cameras.password, cameras.status, cameras.created_at, cameras.updated_at, cameras.enabled 
FROM cameras 
WHERE cameras.id = ?
2025-07-25 17:02:42,504 INFO sqlalchemy.engine.Engine [cached since 166.7s ago] (4,)
2025-07-25 17:02:42,505 INFO sqlalchemy.engine.Engine ROLLBACK
INFO:     127.0.0.1:58014 - "GET /api/v1/streams/status/4 HTTP/1.1" 200 OK
2025-07-25 17:02:43,143 INFO sqlalchemy.engine.Engine ROLLBACK
INFO:     127.0.0.1:59042 - "GET /stream/thumbnail/3?t=1753480795840 HTTP/1.1" 200 OK
2025-07-25 17:02:43,145 INFO sqlalchemy.engine.Engine BEGIN (implicit)
2025-07-25 17:02:43,145 INFO sqlalchemy.engine.Engine SELECT cameras.id, cameras.name, cameras.ip_address, cameras.port, cameras.connection_type, cameras.stream_path, cameras.location, cameras.username, cameras.password, cameras.status, cameras.created_at, cameras.updated_at, cameras.enabled 
FROM cameras 
WHERE cameras.id = ?
2025-07-25 17:02:43,145 INFO sqlalchemy.engine.Engine [cached since 167.4s ago] (3,)
2025-07-25 17:02:44,855 INFO sqlalchemy.engine.Engine BEGIN (implicit)
2025-07-25 17:02:44,855 INFO sqlalchemy.engine.Engine SELECT cameras.id, cameras.name, cameras.ip_address, cameras.port, cameras.connection_type, cameras.stream_path, cameras.location, cameras.username, cameras.password, cameras.status, cameras.created_at, cameras.updated_at, cameras.enabled 
FROM cameras 
WHERE cameras.id = ?
2025-07-25 17:02:44,855 INFO sqlalchemy.engine.Engine [cached since 169.1s ago] (1,)
2025-07-25 17:02:44,856 INFO sqlalchemy.engine.Engine ROLLBACK
INFO:     127.0.0.1:58014 - "GET /api/v1/streams/status/1 HTTP/1.1" 404 Not Found
2025-07-25 17:02:44,860 INFO sqlalchemy.engine.Engine BEGIN (implicit)
2025-07-25 17:02:44,860 INFO sqlalchemy.engine.Engine SELECT cameras.id, cameras.name, cameras.ip_address, cameras.port, cameras.connection_type, cameras.stream_path, cameras.location, cameras.username, cameras.password, cameras.status, cameras.created_at, cameras.updated_at, cameras.enabled 
FROM cameras 
WHERE cameras.id = ?
2025-07-25 17:02:44,860 INFO sqlalchemy.engine.Engine [cached since 169.1s ago] (2,)
2025-07-25 17:02:44,861 INFO sqlalchemy.engine.Engine ROLLBACK
INFO:     127.0.0.1:58014 - "GET /api/v1/streams/status/2 HTTP/1.1" 404 Not Found
2025-07-25 17:02:44,865 INFO sqlalchemy.engine.Engine BEGIN (implicit)
2025-07-25 17:02:44,865 INFO sqlalchemy.engine.Engine SELECT cameras.id, cameras.name, cameras.ip_address, cameras.port, cameras.connection_type, cameras.stream_path, cameras.location, cameras.username, cameras.password, cameras.status, cameras.created_at, cameras.updated_at, cameras.enabled 
FROM cameras 
WHERE cameras.id = ?
2025-07-25 17:02:44,865 INFO sqlalchemy.engine.Engine [cached since 169.1s ago] (3,)
2025-07-25 17:02:44,866 INFO sqlalchemy.engine.Engine ROLLBACK
INFO:     127.0.0.1:58014 - "GET /api/v1/streams/status/3 HTTP/1.1" 200 OK
2025-07-25 17:02:44,871 INFO sqlalchemy.engine.Engine BEGIN (implicit)
2025-07-25 17:02:44,871 INFO sqlalchemy.engine.Engine SELECT cameras.id, cameras.name, cameras.ip_address, cameras.port, cameras.connection_type, cameras.stream_path, cameras.location, cameras.username, cameras.password, cameras.status, cameras.created_at, cameras.updated_at, cameras.enabled 
FROM cameras 
WHERE cameras.id = ?
2025-07-25 17:02:44,871 INFO sqlalchemy.engine.Engine [cached since 169.1s ago] (4,)
2025-07-25 17:02:44,871 INFO sqlalchemy.engine.Engine ROLLBACK
INFO:     127.0.0.1:58014 - "GET /api/v1/streams/status/4 HTTP/1.1" 200 OK
[tcp @ 0x75787c390300] Connection to tcp://192.168.1.205:80 failed: No route to host
Failed to open camera stream: http://192.168.1.205:80/mjpeg
2025-07-25 17:02:46,214 INFO sqlalchemy.engine.Engine SELECT cameras.id, cameras.name, cameras.ip_address, cameras.port, cameras.connection_type, cameras.stream_path, cameras.location, cameras.username, cameras.password, cameras.status, cameras.created_at, cameras.updated_at, cameras.enabled 
FROM cameras 
WHERE cameras.id = ?
2025-07-25 17:02:46,214 INFO sqlalchemy.engine.Engine [cached since 170.4s ago] (4,)
2025-07-25 17:02:46,215 INFO sqlalchemy.engine.Engine UPDATE cameras SET updated_at=? WHERE cameras.id = ?
2025-07-25 17:02:46,215 INFO sqlalchemy.engine.Engine [cached since 167.4s ago] ('2025-07-25 22:02:46.215349', 4)
2025-07-25 17:02:46,216 INFO sqlalchemy.engine.Engine COMMIT
2025-07-25 17:02:46,224 INFO sqlalchemy.engine.Engine BEGIN (implicit)
2025-07-25 17:02:46,224 INFO sqlalchemy.engine.Engine SELECT cameras.id, cameras.name, cameras.ip_address, cameras.port, cameras.connection_type, cameras.stream_path, cameras.location, cameras.username, cameras.password, cameras.status, cameras.created_at, cameras.updated_at, cameras.enabled 
FROM cameras 
WHERE cameras.id = ?
2025-07-25 17:02:46,224 INFO sqlalchemy.engine.Engine [cached since 167.3s ago] (4,)
Error getting thumbnail for camera 4: 503: Failed to capture frame from camera
2025-07-25 17:02:46,225 INFO sqlalchemy.engine.Engine SELECT cameras.id, cameras.name, cameras.ip_address, cameras.port, cameras.connection_type, cameras.stream_path, cameras.location, cameras.username, cameras.password, cameras.status, cameras.created_at, cameras.updated_at, cameras.enabled 
FROM cameras 
WHERE cameras.id = ?
2025-07-25 17:02:46,225 INFO sqlalchemy.engine.Engine [cached since 170.4s ago] (4,)
2025-07-25 17:02:46,225 INFO sqlalchemy.engine.Engine UPDATE cameras SET updated_at=? WHERE cameras.id = ?
2025-07-25 17:02:46,225 INFO sqlalchemy.engine.Engine [cached since 167.4s ago] ('2025-07-25 22:02:46.225585', 4)
2025-07-25 17:02:46,226 INFO sqlalchemy.engine.Engine COMMIT
2025-07-25 17:02:46,234 INFO sqlalchemy.engine.Engine BEGIN (implicit)
2025-07-25 17:02:46,234 INFO sqlalchemy.engine.Engine SELECT cameras.id, cameras.name, cameras.ip_address, cameras.port, cameras.connection_type, cameras.stream_path, cameras.location, cameras.username, cameras.password, cameras.status, cameras.created_at, cameras.updated_at, cameras.enabled 
FROM cameras 
WHERE cameras.id = ?
2025-07-25 17:02:46,234 INFO sqlalchemy.engine.Engine [cached since 167.4s ago] (4,)
2025-07-25 17:02:46,235 INFO sqlalchemy.engine.Engine ROLLBACK
INFO:     127.0.0.1:59062 - "GET /stream/thumbnail/4?t=1753480795842 HTTP/1.1" 503 Service Unavailable
2025-07-25 17:02:46,236 INFO sqlalchemy.engine.Engine BEGIN (implicit)
2025-07-25 17:02:46,236 INFO sqlalchemy.engine.Engine SELECT cameras.id, cameras.name, cameras.ip_address, cameras.port, cameras.connection_type, cameras.stream_path, cameras.location, cameras.username, cameras.password, cameras.status, cameras.created_at, cameras.updated_at, cameras.enabled 
FROM cameras 
WHERE cameras.id = ?
2025-07-25 17:02:46,236 INFO sqlalchemy.engine.Engine [cached since 170.5s ago] (4,)
2025-07-25 17:02:51,140 INFO sqlalchemy.engine.Engine ROLLBACK
INFO:     127.0.0.1:59070 - "GET /stream/thumbnail/3?t=1753480795842 HTTP/1.1" 200 OK
2025-07-25 17:02:51,141 INFO sqlalchemy.engine.Engine BEGIN (implicit)
2025-07-25 17:02:51,141 INFO sqlalchemy.engine.Engine SELECT cameras.id, cameras.name, cameras.ip_address, cameras.port, cameras.connection_type, cameras.stream_path, cameras.location, cameras.username, cameras.password, cameras.status, cameras.created_at, cameras.updated_at, cameras.enabled 
FROM cameras 
WHERE cameras.id = ?
2025-07-25 17:02:51,141 INFO sqlalchemy.engine.Engine [cached since 175.4s ago] (3,)
[tcp @ 0x75789c0048c0] Connection to tcp://192.168.1.205:80 failed: No route to host
Failed to open camera stream: http://192.168.1.205:80/mjpeg
2025-07-25 17:02:54,182 INFO sqlalchemy.engine.Engine SELECT cameras.id, cameras.name, cameras.ip_address, cameras.port, cameras.connection_type, cameras.stream_path, cameras.location, cameras.username, cameras.password, cameras.status, cameras.created_at, cameras.updated_at, cameras.enabled 
FROM cameras 
WHERE cameras.id = ?
2025-07-25 17:02:54,182 INFO sqlalchemy.engine.Engine [cached since 178.4s ago] (4,)
2025-07-25 17:02:54,183 INFO sqlalchemy.engine.Engine UPDATE cameras SET updated_at=? WHERE cameras.id = ?
2025-07-25 17:02:54,183 INFO sqlalchemy.engine.Engine [cached since 175.3s ago] ('2025-07-25 22:02:54.183418', 4)
2025-07-25 17:02:54,184 INFO sqlalchemy.engine.Engine COMMIT
2025-07-25 17:02:54,192 INFO sqlalchemy.engine.Engine BEGIN (implicit)
2025-07-25 17:02:54,192 INFO sqlalchemy.engine.Engine SELECT cameras.id, cameras.name, cameras.ip_address, cameras.port, cameras.connection_type, cameras.stream_path, cameras.location, cameras.username, cameras.password, cameras.status, cameras.created_at, cameras.updated_at, cameras.enabled 
FROM cameras 
WHERE cameras.id = ?
2025-07-25 17:02:54,192 INFO sqlalchemy.engine.Engine [cached since 175.3s ago] (4,)
Error getting thumbnail for camera 4: 503: Failed to capture frame from camera
2025-07-25 17:02:54,193 INFO sqlalchemy.engine.Engine SELECT cameras.id, cameras.name, cameras.ip_address, cameras.port, cameras.connection_type, cameras.stream_path, cameras.location, cameras.username, cameras.password, cameras.status, cameras.created_at, cameras.updated_at, cameras.enabled 
FROM cameras 
WHERE cameras.id = ?
2025-07-25 17:02:54,193 INFO sqlalchemy.engine.Engine [cached since 178.4s ago] (4,)
2025-07-25 17:02:54,194 INFO sqlalchemy.engine.Engine UPDATE cameras SET updated_at=? WHERE cameras.id = ?
2025-07-25 17:02:54,194 INFO sqlalchemy.engine.Engine [cached since 175.3s ago] ('2025-07-25 22:02:54.194063', 4)
2025-07-25 17:02:54,194 INFO sqlalchemy.engine.Engine COMMIT
2025-07-25 17:02:54,202 INFO sqlalchemy.engine.Engine BEGIN (implicit)
2025-07-25 17:02:54,202 INFO sqlalchemy.engine.Engine SELECT cameras.id, cameras.name, cameras.ip_address, cameras.port, cameras.connection_type, cameras.stream_path, cameras.location, cameras.username, cameras.password, cameras.status, cameras.created_at, cameras.updated_at, cameras.enabled 
FROM cameras 
WHERE cameras.id = ?
2025-07-25 17:02:54,202 INFO sqlalchemy.engine.Engine [cached since 175.3s ago] (4,)
2025-07-25 17:02:54,203 INFO sqlalchemy.engine.Engine ROLLBACK
INFO:     127.0.0.1:59030 - "GET /stream/thumbnail/4?t=1753480795850 HTTP/1.1" 503 Service Unavailable
2025-07-25 17:02:54,204 INFO sqlalchemy.engine.Engine BEGIN (implicit)
2025-07-25 17:02:54,204 INFO sqlalchemy.engine.Engine SELECT cameras.id, cameras.name, cameras.ip_address, cameras.port, cameras.connection_type, cameras.stream_path, cameras.location, cameras.username, cameras.password, cameras.status, cameras.created_at, cameras.updated_at, cameras.enabled 
FROM cameras 
WHERE cameras.id = ?
2025-07-25 17:02:54,204 INFO sqlalchemy.engine.Engine [cached since 178.4s ago] (4,)
2025-07-25 17:02:59,133 INFO sqlalchemy.engine.Engine ROLLBACK
INFO:     127.0.0.1:59042 - "GET /stream/thumbnail/3?t=1753480795850 HTTP/1.1" 200 OK
2025-07-25 17:02:59,135 INFO sqlalchemy.engine.Engine BEGIN (implicit)
2025-07-25 17:02:59,135 INFO sqlalchemy.engine.Engine SELECT cameras.id, cameras.name, cameras.ip_address, cameras.port, cameras.connection_type, cameras.stream_path, cameras.location, cameras.username, cameras.password, cameras.status, cameras.created_at, cameras.updated_at, cameras.enabled 
FROM cameras 
WHERE cameras.id = ?
2025-07-25 17:02:59,135 INFO sqlalchemy.engine.Engine [cached since 183.4s ago] (3,)
[tcp @ 0x75787c390300] Connection to tcp://192.168.1.205:80 failed: No route to host
Failed to open camera stream: http://192.168.1.205:80/mjpeg
2025-07-25 17:03:02,182 INFO sqlalchemy.engine.Engine SELECT cameras.id, cameras.name, cameras.ip_address, cameras.port, cameras.connection_type, cameras.stream_path, cameras.location, cameras.username, cameras.password, cameras.status, cameras.created_at, cameras.updated_at, cameras.enabled 
FROM cameras 
WHERE cameras.id = ?
2025-07-25 17:03:02,182 INFO sqlalchemy.engine.Engine [cached since 186.4s ago] (4,)
2025-07-25 17:03:02,183 INFO sqlalchemy.engine.Engine UPDATE cameras SET updated_at=? WHERE cameras.id = ?
2025-07-25 17:03:02,183 INFO sqlalchemy.engine.Engine [cached since 183.3s ago] ('2025-07-25 22:03:02.183460', 4)
2025-07-25 17:03:02,184 INFO sqlalchemy.engine.Engine COMMIT
2025-07-25 17:03:02,193 INFO sqlalchemy.engine.Engine BEGIN (implicit)
2025-07-25 17:03:02,194 INFO sqlalchemy.engine.Engine SELECT cameras.id, cameras.name, cameras.ip_address, cameras.port, cameras.connection_type, cameras.stream_path, cameras.location, cameras.username, cameras.password, cameras.status, cameras.created_at, cameras.updated_at, cameras.enabled 
FROM cameras 
WHERE cameras.id = ?
2025-07-25 17:03:02,194 INFO sqlalchemy.engine.Engine [cached since 183.3s ago] (4,)
Error getting thumbnail for camera 4: 503: Failed to capture frame from camera
2025-07-25 17:03:02,194 INFO sqlalchemy.engine.Engine SELECT cameras.id, cameras.name, cameras.ip_address, cameras.port, cameras.connection_type, cameras.stream_path, cameras.location, cameras.username, cameras.password, cameras.status, cameras.created_at, cameras.updated_at, cameras.enabled 
FROM cameras 
WHERE cameras.id = ?
2025-07-25 17:03:02,194 INFO sqlalchemy.engine.Engine [cached since 186.4s ago] (4,)
2025-07-25 17:03:02,195 INFO sqlalchemy.engine.Engine UPDATE cameras SET updated_at=? WHERE cameras.id = ?
2025-07-25 17:03:02,195 INFO sqlalchemy.engine.Engine [cached since 183.3s ago] ('2025-07-25 22:03:02.195339', 4)
2025-07-25 17:03:02,195 INFO sqlalchemy.engine.Engine COMMIT
2025-07-25 17:03:02,204 INFO sqlalchemy.engine.Engine BEGIN (implicit)
2025-07-25 17:03:02,204 INFO sqlalchemy.engine.Engine SELECT cameras.id, cameras.name, cameras.ip_address, cameras.port, cameras.connection_type, cameras.stream_path, cameras.location, cameras.username, cameras.password, cameras.status, cameras.created_at, cameras.updated_at, cameras.enabled 
FROM cameras 
WHERE cameras.id = ?
2025-07-25 17:03:02,204 INFO sqlalchemy.engine.Engine [cached since 183.3s ago] (4,)
2025-07-25 17:03:02,205 INFO sqlalchemy.engine.Engine ROLLBACK
INFO:     127.0.0.1:59062 - "GET /stream/thumbnail/4?t=1753480795853 HTTP/1.1" 503 Service Unavailable
2025-07-25 17:03:02,206 INFO sqlalchemy.engine.Engine BEGIN (implicit)
2025-07-25 17:03:02,206 INFO sqlalchemy.engine.Engine SELECT cameras.id, cameras.name, cameras.ip_address, cameras.port, cameras.connection_type, cameras.stream_path, cameras.location, cameras.username, cameras.password, cameras.status, cameras.created_at, cameras.updated_at, cameras.enabled 
FROM cameras 
WHERE cameras.id = ?
2025-07-25 17:03:02,207 INFO sqlalchemy.engine.Engine [cached since 186.4s ago] (4,)
2025-07-25 17:03:07,121 INFO sqlalchemy.engine.Engine ROLLBACK
INFO:     127.0.0.1:59070 - "GET /stream/thumbnail/3?t=1753480795853 HTTP/1.1" 200 OK
2025-07-25 17:03:07,122 INFO sqlalchemy.engine.Engine BEGIN (implicit)
2025-07-25 17:03:07,123 INFO sqlalchemy.engine.Engine SELECT cameras.id, cameras.name, cameras.ip_address, cameras.port, cameras.connection_type, cameras.stream_path, cameras.location, cameras.username, cameras.password, cameras.status, cameras.created_at, cameras.updated_at, cameras.enabled 
FROM cameras 
WHERE cameras.id = ?
2025-07-25 17:03:07,123 INFO sqlalchemy.engine.Engine [cached since 191.3s ago] (3,)
[tcp @ 0x75789c0048c0] Connection to tcp://192.168.1.205:80 failed: No route to host
Failed to open camera stream: http://192.168.1.205:80/mjpeg
2025-07-25 17:03:10,182 INFO sqlalchemy.engine.Engine SELECT cameras.id, cameras.name, cameras.ip_address, cameras.port, cameras.connection_type, cameras.stream_path, cameras.location, cameras.username, cameras.password, cameras.status, cameras.created_at, cameras.updated_at, cameras.enabled 
FROM cameras 
WHERE cameras.id = ?
2025-07-25 17:03:10,182 INFO sqlalchemy.engine.Engine [cached since 194.4s ago] (4,)
2025-07-25 17:03:10,183 INFO sqlalchemy.engine.Engine UPDATE cameras SET updated_at=? WHERE cameras.id = ?
2025-07-25 17:03:10,183 INFO sqlalchemy.engine.Engine [cached since 191.3s ago] ('2025-07-25 22:03:10.183397', 4)
2025-07-25 17:03:10,184 INFO sqlalchemy.engine.Engine COMMIT
2025-07-25 17:03:10,192 INFO sqlalchemy.engine.Engine BEGIN (implicit)
2025-07-25 17:03:10,192 INFO sqlalchemy.engine.Engine SELECT cameras.id, cameras.name, cameras.ip_address, cameras.port, cameras.connection_type, cameras.stream_path, cameras.location, cameras.username, cameras.password, cameras.status, cameras.created_at, cameras.updated_at, cameras.enabled 
FROM cameras 
WHERE cameras.id = ?
2025-07-25 17:03:10,192 INFO sqlalchemy.engine.Engine [cached since 191.3s ago] (4,)
Error getting thumbnail for camera 4: 503: Failed to capture frame from camera
2025-07-25 17:03:10,193 INFO sqlalchemy.engine.Engine SELECT cameras.id, cameras.name, cameras.ip_address, cameras.port, cameras.connection_type, cameras.stream_path, cameras.location, cameras.username, cameras.password, cameras.status, cameras.created_at, cameras.updated_at, cameras.enabled 
FROM cameras 
WHERE cameras.id = ?
2025-07-25 17:03:10,193 INFO sqlalchemy.engine.Engine [cached since 194.4s ago] (4,)
2025-07-25 17:03:10,193 INFO sqlalchemy.engine.Engine UPDATE cameras SET updated_at=? WHERE cameras.id = ?
2025-07-25 17:03:10,194 INFO sqlalchemy.engine.Engine [cached since 191.3s ago] ('2025-07-25 22:03:10.193817', 4)
2025-07-25 17:03:10,194 INFO sqlalchemy.engine.Engine COMMIT
2025-07-25 17:03:10,208 INFO sqlalchemy.engine.Engine BEGIN (implicit)
2025-07-25 17:03:10,208 INFO sqlalchemy.engine.Engine SELECT cameras.id, cameras.name, cameras.ip_address, cameras.port, cameras.connection_type, cameras.stream_path, cameras.location, cameras.username, cameras.password, cameras.status, cameras.created_at, cameras.updated_at, cameras.enabled 
FROM cameras 
WHERE cameras.id = ?
2025-07-25 17:03:10,208 INFO sqlalchemy.engine.Engine [cached since 191.3s ago] (4,)
2025-07-25 17:03:10,209 INFO sqlalchemy.engine.Engine ROLLBACK
INFO:     127.0.0.1:59030 - "GET /stream/thumbnail/4?t=1753480795855 HTTP/1.1" 503 Service Unavailable
2025-07-25 17:03:10,210 INFO sqlalchemy.engine.Engine BEGIN (implicit)
2025-07-25 17:03:10,210 INFO sqlalchemy.engine.Engine SELECT cameras.id, cameras.name, cameras.ip_address, cameras.port, cameras.connection_type, cameras.stream_path, cameras.location, cameras.username, cameras.password, cameras.status, cameras.created_at, cameras.updated_at, cameras.enabled 
FROM cameras 
WHERE cameras.id = ?
2025-07-25 17:03:10,210 INFO sqlalchemy.engine.Engine [cached since 194.4s ago] (4,)
2025-07-25 17:03:12,495 INFO sqlalchemy.engine.Engine BEGIN (implicit)
2025-07-25 17:03:12,496 INFO sqlalchemy.engine.Engine SELECT cameras.id, cameras.name, cameras.ip_address, cameras.port, cameras.connection_type, cameras.stream_path, cameras.location, cameras.username, cameras.password, cameras.status, cameras.created_at, cameras.updated_at, cameras.enabled 
FROM cameras 
WHERE cameras.id = ?
2025-07-25 17:03:12,496 INFO sqlalchemy.engine.Engine [cached since 196.7s ago] (1,)
2025-07-25 17:03:12,496 INFO sqlalchemy.engine.Engine ROLLBACK
INFO:     127.0.0.1:43412 - "GET /api/v1/streams/status/1 HTTP/1.1" 404 Not Found
2025-07-25 17:03:12,501 INFO sqlalchemy.engine.Engine BEGIN (implicit)
2025-07-25 17:03:12,501 INFO sqlalchemy.engine.Engine SELECT cameras.id, cameras.name, cameras.ip_address, cameras.port, cameras.connection_type, cameras.stream_path, cameras.location, cameras.username, cameras.password, cameras.status, cameras.created_at, cameras.updated_at, cameras.enabled 
FROM cameras 
WHERE cameras.id = ?
2025-07-25 17:03:12,501 INFO sqlalchemy.engine.Engine [cached since 196.7s ago] (2,)
2025-07-25 17:03:12,501 INFO sqlalchemy.engine.Engine ROLLBACK
INFO:     127.0.0.1:43412 - "GET /api/v1/streams/status/2 HTTP/1.1" 404 Not Found
2025-07-25 17:03:12,506 INFO sqlalchemy.engine.Engine BEGIN (implicit)
2025-07-25 17:03:12,506 INFO sqlalchemy.engine.Engine SELECT cameras.id, cameras.name, cameras.ip_address, cameras.port, cameras.connection_type, cameras.stream_path, cameras.location, cameras.username, cameras.password, cameras.status, cameras.created_at, cameras.updated_at, cameras.enabled 
FROM cameras 
WHERE cameras.id = ?
2025-07-25 17:03:12,506 INFO sqlalchemy.engine.Engine [cached since 196.7s ago] (3,)
2025-07-25 17:03:12,507 INFO sqlalchemy.engine.Engine ROLLBACK
INFO:     127.0.0.1:43412 - "GET /api/v1/streams/status/3 HTTP/1.1" 200 OK
2025-07-25 17:03:12,512 INFO sqlalchemy.engine.Engine BEGIN (implicit)
2025-07-25 17:03:12,512 INFO sqlalchemy.engine.Engine SELECT cameras.id, cameras.name, cameras.ip_address, cameras.port, cameras.connection_type, cameras.stream_path, cameras.location, cameras.username, cameras.password, cameras.status, cameras.created_at, cameras.updated_at, cameras.enabled 
FROM cameras 
WHERE cameras.id = ?
2025-07-25 17:03:12,512 INFO sqlalchemy.engine.Engine [cached since 196.7s ago] (4,)
2025-07-25 17:03:12,513 INFO sqlalchemy.engine.Engine ROLLBACK
INFO:     127.0.0.1:43412 - "GET /api/v1/streams/status/4 HTTP/1.1" 200 OK
2025-07-25 17:03:15,028 INFO sqlalchemy.engine.Engine BEGIN (implicit)
2025-07-25 17:03:15,028 INFO sqlalchemy.engine.Engine SELECT cameras.id, cameras.name, cameras.ip_address, cameras.port, cameras.connection_type, cameras.stream_path, cameras.location, cameras.username, cameras.password, cameras.status, cameras.created_at, cameras.updated_at, cameras.enabled 
FROM cameras 
WHERE cameras.id = ?
2025-07-25 17:03:15,028 INFO sqlalchemy.engine.Engine [cached since 199.2s ago] (1,)
2025-07-25 17:03:15,029 INFO sqlalchemy.engine.Engine ROLLBACK
INFO:     127.0.0.1:43412 - "GET /api/v1/streams/status/1 HTTP/1.1" 404 Not Found
2025-07-25 17:03:15,034 INFO sqlalchemy.engine.Engine BEGIN (implicit)
2025-07-25 17:03:15,034 INFO sqlalchemy.engine.Engine SELECT cameras.id, cameras.name, cameras.ip_address, cameras.port, cameras.connection_type, cameras.stream_path, cameras.location, cameras.username, cameras.password, cameras.status, cameras.created_at, cameras.updated_at, cameras.enabled 
FROM cameras 
WHERE cameras.id = ?
2025-07-25 17:03:15,034 INFO sqlalchemy.engine.Engine [cached since 199.3s ago] (2,)
2025-07-25 17:03:15,034 INFO sqlalchemy.engine.Engine ROLLBACK
INFO:     127.0.0.1:43412 - "GET /api/v1/streams/status/2 HTTP/1.1" 404 Not Found
2025-07-25 17:03:15,039 INFO sqlalchemy.engine.Engine BEGIN (implicit)
2025-07-25 17:03:15,039 INFO sqlalchemy.engine.Engine SELECT cameras.id, cameras.name, cameras.ip_address, cameras.port, cameras.connection_type, cameras.stream_path, cameras.location, cameras.username, cameras.password, cameras.status, cameras.created_at, cameras.updated_at, cameras.enabled 
FROM cameras 
WHERE cameras.id = ?
2025-07-25 17:03:15,039 INFO sqlalchemy.engine.Engine [cached since 199.3s ago] (3,)
2025-07-25 17:03:15,040 INFO sqlalchemy.engine.Engine ROLLBACK
INFO:     127.0.0.1:43412 - "GET /api/v1/streams/status/3 HTTP/1.1" 200 OK
2025-07-25 17:03:15,044 INFO sqlalchemy.engine.Engine BEGIN (implicit)
2025-07-25 17:03:15,044 INFO sqlalchemy.engine.Engine SELECT cameras.id, cameras.name, cameras.ip_address, cameras.port, cameras.connection_type, cameras.stream_path, cameras.location, cameras.username, cameras.password, cameras.status, cameras.created_at, cameras.updated_at, cameras.enabled 
FROM cameras 
WHERE cameras.id = ?
2025-07-25 17:03:15,044 INFO sqlalchemy.engine.Engine [cached since 199.3s ago] (4,)
2025-07-25 17:03:15,045 INFO sqlalchemy.engine.Engine ROLLBACK
INFO:     127.0.0.1:43412 - "GET /api/v1/streams/status/4 HTTP/1.1" 200 OK
2025-07-25 17:03:15,114 INFO sqlalchemy.engine.Engine ROLLBACK
INFO:     127.0.0.1:59042 - "GET /stream/thumbnail/3?t=1753480795855 HTTP/1.1" 200 OK
2025-07-25 17:03:15,115 INFO sqlalchemy.engine.Engine BEGIN (implicit)
2025-07-25 17:03:15,115 INFO sqlalchemy.engine.Engine SELECT cameras.id, cameras.name, cameras.ip_address, cameras.port, cameras.connection_type, cameras.stream_path, cameras.location, cameras.username, cameras.password, cameras.status, cameras.created_at, cameras.updated_at, cameras.enabled 
FROM cameras 
WHERE cameras.id = ?
2025-07-25 17:03:15,115 INFO sqlalchemy.engine.Engine [cached since 199.3s ago] (3,)
[tcp @ 0x75787c390300] Connection to tcp://192.168.1.205:80 failed: No route to host
Failed to open camera stream: http://192.168.1.205:80/mjpeg
2025-07-25 17:03:18,186 INFO sqlalchemy.engine.Engine SELECT cameras.id, cameras.name, cameras.ip_address, cameras.port, cameras.connection_type, cameras.stream_path, cameras.location, cameras.username, cameras.password, cameras.status, cameras.created_at, cameras.updated_at, cameras.enabled 
FROM cameras 
WHERE cameras.id = ?
2025-07-25 17:03:18,187 INFO sqlalchemy.engine.Engine [cached since 202.4s ago] (4,)
2025-07-25 17:03:18,187 INFO sqlalchemy.engine.Engine UPDATE cameras SET updated_at=? WHERE cameras.id = ?
2025-07-25 17:03:18,187 INFO sqlalchemy.engine.Engine [cached since 199.3s ago] ('2025-07-25 22:03:18.187634', 4)
2025-07-25 17:03:18,188 INFO sqlalchemy.engine.Engine COMMIT
2025-07-25 17:03:18,196 INFO sqlalchemy.engine.Engine BEGIN (implicit)
2025-07-25 17:03:18,197 INFO sqlalchemy.engine.Engine SELECT cameras.id, cameras.name, cameras.ip_address, cameras.port, cameras.connection_type, cameras.stream_path, cameras.location, cameras.username, cameras.password, cameras.status, cameras.created_at, cameras.updated_at, cameras.enabled 
FROM cameras 
WHERE cameras.id = ?
2025-07-25 17:03:18,197 INFO sqlalchemy.engine.Engine [cached since 199.3s ago] (4,)
Error getting thumbnail for camera 4: 503: Failed to capture frame from camera
2025-07-25 17:03:18,197 INFO sqlalchemy.engine.Engine SELECT cameras.id, cameras.name, cameras.ip_address, cameras.port, cameras.connection_type, cameras.stream_path, cameras.location, cameras.username, cameras.password, cameras.status, cameras.created_at, cameras.updated_at, cameras.enabled 
FROM cameras 
WHERE cameras.id = ?
2025-07-25 17:03:18,197 INFO sqlalchemy.engine.Engine [cached since 202.4s ago] (4,)
2025-07-25 17:03:18,198 INFO sqlalchemy.engine.Engine UPDATE cameras SET updated_at=? WHERE cameras.id = ?
2025-07-25 17:03:18,198 INFO sqlalchemy.engine.Engine [cached since 199.3s ago] ('2025-07-25 22:03:18.198269', 4)
2025-07-25 17:03:18,198 INFO sqlalchemy.engine.Engine COMMIT
2025-07-25 17:03:18,207 INFO sqlalchemy.engine.Engine BEGIN (implicit)
2025-07-25 17:03:18,207 INFO sqlalchemy.engine.Engine SELECT cameras.id, cameras.name, cameras.ip_address, cameras.port, cameras.connection_type, cameras.stream_path, cameras.location, cameras.username, cameras.password, cameras.status, cameras.created_at, cameras.updated_at, cameras.enabled 
FROM cameras 
WHERE cameras.id = ?
2025-07-25 17:03:18,207 INFO sqlalchemy.engine.Engine [cached since 199.3s ago] (4,)
2025-07-25 17:03:18,208 INFO sqlalchemy.engine.Engine ROLLBACK
INFO:     127.0.0.1:59062 - "GET /stream/thumbnail/4?t=1753480795863 HTTP/1.1" 503 Service Unavailable
2025-07-25 17:03:18,209 INFO sqlalchemy.engine.Engine BEGIN (implicit)
2025-07-25 17:03:18,209 INFO sqlalchemy.engine.Engine SELECT cameras.id, cameras.name, cameras.ip_address, cameras.port, cameras.connection_type, cameras.stream_path, cameras.location, cameras.username, cameras.password, cameras.status, cameras.created_at, cameras.updated_at, cameras.enabled 
FROM cameras 
WHERE cameras.id = ?
2025-07-25 17:03:18,209 INFO sqlalchemy.engine.Engine [cached since 202.4s ago] (4,)
2025-07-25 17:03:23,131 INFO sqlalchemy.engine.Engine ROLLBACK
INFO:     127.0.0.1:59070 - "GET /stream/thumbnail/3?t=1753480795863 HTTP/1.1" 200 OK
2025-07-25 17:03:23,133 INFO sqlalchemy.engine.Engine BEGIN (implicit)
2025-07-25 17:03:23,133 INFO sqlalchemy.engine.Engine SELECT cameras.id, cameras.name, cameras.ip_address, cameras.port, cameras.connection_type, cameras.stream_path, cameras.location, cameras.username, cameras.password, cameras.status, cameras.created_at, cameras.updated_at, cameras.enabled 
FROM cameras 
WHERE cameras.id = ?
2025-07-25 17:03:23,133 INFO sqlalchemy.engine.Engine [cached since 207.4s ago] (3,)
[tcp @ 0x75789c0048c0] Connection to tcp://192.168.1.205:80 failed: No route to host
Failed to open camera stream: http://192.168.1.205:80/mjpeg
2025-07-25 17:03:26,182 INFO sqlalchemy.engine.Engine SELECT cameras.id, cameras.name, cameras.ip_address, cameras.port, cameras.connection_type, cameras.stream_path, cameras.location, cameras.username, cameras.password, cameras.status, cameras.created_at, cameras.updated_at, cameras.enabled 
FROM cameras 
WHERE cameras.id = ?
2025-07-25 17:03:26,182 INFO sqlalchemy.engine.Engine [cached since 210.4s ago] (4,)
2025-07-25 17:03:26,183 INFO sqlalchemy.engine.Engine UPDATE cameras SET updated_at=? WHERE cameras.id = ?
2025-07-25 17:03:26,183 INFO sqlalchemy.engine.Engine [cached since 207.3s ago] ('2025-07-25 22:03:26.183436', 4)
2025-07-25 17:03:26,184 INFO sqlalchemy.engine.Engine COMMIT
2025-07-25 17:03:26,193 INFO sqlalchemy.engine.Engine BEGIN (implicit)
2025-07-25 17:03:26,193 INFO sqlalchemy.engine.Engine SELECT cameras.id, cameras.name, cameras.ip_address, cameras.port, cameras.connection_type, cameras.stream_path, cameras.location, cameras.username, cameras.password, cameras.status, cameras.created_at, cameras.updated_at, cameras.enabled 
FROM cameras 
WHERE cameras.id = ?
2025-07-25 17:03:26,193 INFO sqlalchemy.engine.Engine [cached since 207.3s ago] (4,)
Error getting thumbnail for camera 4: 503: Failed to capture frame from camera
2025-07-25 17:03:26,194 INFO sqlalchemy.engine.Engine SELECT cameras.id, cameras.name, cameras.ip_address, cameras.port, cameras.connection_type, cameras.stream_path, cameras.location, cameras.username, cameras.password, cameras.status, cameras.created_at, cameras.updated_at, cameras.enabled 
FROM cameras 
WHERE cameras.id = ?
2025-07-25 17:03:26,194 INFO sqlalchemy.engine.Engine [cached since 210.4s ago] (4,)
2025-07-25 17:03:26,194 INFO sqlalchemy.engine.Engine UPDATE cameras SET updated_at=? WHERE cameras.id = ?
2025-07-25 17:03:26,194 INFO sqlalchemy.engine.Engine [cached since 207.3s ago] ('2025-07-25 22:03:26.194580', 4)
2025-07-25 17:03:26,195 INFO sqlalchemy.engine.Engine COMMIT
2025-07-25 17:03:26,204 INFO sqlalchemy.engine.Engine BEGIN (implicit)
2025-07-25 17:03:26,204 INFO sqlalchemy.engine.Engine SELECT cameras.id, cameras.name, cameras.ip_address, cameras.port, cameras.connection_type, cameras.stream_path, cameras.location, cameras.username, cameras.password, cameras.status, cameras.created_at, cameras.updated_at, cameras.enabled 
FROM cameras 
WHERE cameras.id = ?
2025-07-25 17:03:26,204 INFO sqlalchemy.engine.Engine [cached since 207.3s ago] (4,)
2025-07-25 17:03:26,204 INFO sqlalchemy.engine.Engine ROLLBACK
INFO:     127.0.0.1:59030 - "GET /stream/thumbnail/4?t=1753480795865 HTTP/1.1" 503 Service Unavailable
2025-07-25 17:03:26,206 INFO sqlalchemy.engine.Engine BEGIN (implicit)
2025-07-25 17:03:26,206 INFO sqlalchemy.engine.Engine SELECT cameras.id, cameras.name, cameras.ip_address, cameras.port, cameras.connection_type, cameras.stream_path, cameras.location, cameras.username, cameras.password, cameras.status, cameras.created_at, cameras.updated_at, cameras.enabled 
FROM cameras 
WHERE cameras.id = ?
2025-07-25 17:03:26,206 INFO sqlalchemy.engine.Engine [cached since 210.4s ago] (4,)
2025-07-25 17:03:31,121 INFO sqlalchemy.engine.Engine ROLLBACK
INFO:     127.0.0.1:59042 - "GET /stream/thumbnail/3?t=1753480795865 HTTP/1.1" 200 OK
2025-07-25 17:03:31,123 INFO sqlalchemy.engine.Engine BEGIN (implicit)
2025-07-25 17:03:31,123 INFO sqlalchemy.engine.Engine SELECT cameras.id, cameras.name, cameras.ip_address, cameras.port, cameras.connection_type, cameras.stream_path, cameras.location, cameras.username, cameras.password, cameras.status, cameras.created_at, cameras.updated_at, cameras.enabled 
FROM cameras 
WHERE cameras.id = ?
2025-07-25 17:03:31,123 INFO sqlalchemy.engine.Engine [cached since 215.3s ago] (3,)
[tcp @ 0x75787c390300] Connection to tcp://192.168.1.205:80 failed: No route to host
Failed to open camera stream: http://192.168.1.205:80/mjpeg
2025-07-25 17:03:34,182 INFO sqlalchemy.engine.Engine SELECT cameras.id, cameras.name, cameras.ip_address, cameras.port, cameras.connection_type, cameras.stream_path, cameras.location, cameras.username, cameras.password, cameras.status, cameras.created_at, cameras.updated_at, cameras.enabled 
FROM cameras 
WHERE cameras.id = ?
2025-07-25 17:03:34,182 INFO sqlalchemy.engine.Engine [cached since 218.4s ago] (4,)
2025-07-25 17:03:34,183 INFO sqlalchemy.engine.Engine UPDATE cameras SET updated_at=? WHERE cameras.id = ?
2025-07-25 17:03:34,183 INFO sqlalchemy.engine.Engine [cached since 215.3s ago] ('2025-07-25 22:03:34.183493', 4)
2025-07-25 17:03:34,184 INFO sqlalchemy.engine.Engine COMMIT
2025-07-25 17:03:34,192 INFO sqlalchemy.engine.Engine BEGIN (implicit)
2025-07-25 17:03:34,192 INFO sqlalchemy.engine.Engine SELECT cameras.id, cameras.name, cameras.ip_address, cameras.port, cameras.connection_type, cameras.stream_path, cameras.location, cameras.username, cameras.password, cameras.status, cameras.created_at, cameras.updated_at, cameras.enabled 
FROM cameras 
WHERE cameras.id = ?
2025-07-25 17:03:34,192 INFO sqlalchemy.engine.Engine [cached since 215.3s ago] (4,)
Error getting thumbnail for camera 4: 503: Failed to capture frame from camera
2025-07-25 17:03:34,193 INFO sqlalchemy.engine.Engine SELECT cameras.id, cameras.name, cameras.ip_address, cameras.port, cameras.connection_type, cameras.stream_path, cameras.location, cameras.username, cameras.password, cameras.status, cameras.created_at, cameras.updated_at, cameras.enabled 
FROM cameras 
WHERE cameras.id = ?
2025-07-25 17:03:34,193 INFO sqlalchemy.engine.Engine [cached since 218.4s ago] (4,)
2025-07-25 17:03:34,193 INFO sqlalchemy.engine.Engine UPDATE cameras SET updated_at=? WHERE cameras.id = ?
2025-07-25 17:03:34,193 INFO sqlalchemy.engine.Engine [cached since 215.3s ago] ('2025-07-25 22:03:34.193783', 4)
2025-07-25 17:03:34,194 INFO sqlalchemy.engine.Engine COMMIT
2025-07-25 17:03:34,202 INFO sqlalchemy.engine.Engine BEGIN (implicit)
2025-07-25 17:03:34,203 INFO sqlalchemy.engine.Engine SELECT cameras.id, cameras.name, cameras.ip_address, cameras.port, cameras.connection_type, cameras.stream_path, cameras.location, cameras.username, cameras.password, cameras.status, cameras.created_at, cameras.updated_at, cameras.enabled 
FROM cameras 
WHERE cameras.id = ?
2025-07-25 17:03:34,203 INFO sqlalchemy.engine.Engine [cached since 215.3s ago] (4,)
2025-07-25 17:03:34,203 INFO sqlalchemy.engine.Engine ROLLBACK
INFO:     127.0.0.1:59062 - "GET /stream/thumbnail/4?t=1753480795867 HTTP/1.1" 503 Service Unavailable
2025-07-25 17:03:34,204 INFO sqlalchemy.engine.Engine BEGIN (implicit)
2025-07-25 17:03:34,205 INFO sqlalchemy.engine.Engine SELECT cameras.id, cameras.name, cameras.ip_address, cameras.port, cameras.connection_type, cameras.stream_path, cameras.location, cameras.username, cameras.password, cameras.status, cameras.created_at, cameras.updated_at, cameras.enabled 
FROM cameras 
WHERE cameras.id = ?
2025-07-25 17:03:34,205 INFO sqlalchemy.engine.Engine [cached since 218.4s ago] (4,)
2025-07-25 17:03:39,130 INFO sqlalchemy.engine.Engine ROLLBACK
INFO:     127.0.0.1:59070 - "GET /stream/thumbnail/3?t=1753480795867 HTTP/1.1" 200 OK
2025-07-25 17:03:39,131 INFO sqlalchemy.engine.Engine BEGIN (implicit)
2025-07-25 17:03:39,131 INFO sqlalchemy.engine.Engine SELECT cameras.id, cameras.name, cameras.ip_address, cameras.port, cameras.connection_type, cameras.stream_path, cameras.location, cameras.username, cameras.password, cameras.status, cameras.created_at, cameras.updated_at, cameras.enabled 
FROM cameras 
WHERE cameras.id = ?
2025-07-25 17:03:39,131 INFO sqlalchemy.engine.Engine [cached since 223.3s ago] (3,)
[tcp @ 0x75789c0048c0] Connection to tcp://192.168.1.205:80 failed: No route to host
Failed to open camera stream: http://192.168.1.205:80/mjpeg
2025-07-25 17:03:42,182 INFO sqlalchemy.engine.Engine SELECT cameras.id, cameras.name, cameras.ip_address, cameras.port, cameras.connection_type, cameras.stream_path, cameras.location, cameras.username, cameras.password, cameras.status, cameras.created_at, cameras.updated_at, cameras.enabled 
FROM cameras 
WHERE cameras.id = ?
2025-07-25 17:03:42,182 INFO sqlalchemy.engine.Engine [cached since 226.4s ago] (4,)
2025-07-25 17:03:42,183 INFO sqlalchemy.engine.Engine UPDATE cameras SET updated_at=? WHERE cameras.id = ?
2025-07-25 17:03:42,183 INFO sqlalchemy.engine.Engine [cached since 223.3s ago] ('2025-07-25 22:03:42.183362', 4)
2025-07-25 17:03:42,184 INFO sqlalchemy.engine.Engine COMMIT
2025-07-25 17:03:42,192 INFO sqlalchemy.engine.Engine BEGIN (implicit)
2025-07-25 17:03:42,193 INFO sqlalchemy.engine.Engine SELECT cameras.id, cameras.name, cameras.ip_address, cameras.port, cameras.connection_type, cameras.stream_path, cameras.location, cameras.username, cameras.password, cameras.status, cameras.created_at, cameras.updated_at, cameras.enabled 
FROM cameras 
WHERE cameras.id = ?
2025-07-25 17:03:42,193 INFO sqlalchemy.engine.Engine [cached since 223.3s ago] (4,)
Error getting thumbnail for camera 4: 503: Failed to capture frame from camera
2025-07-25 17:03:42,193 INFO sqlalchemy.engine.Engine SELECT cameras.id, cameras.name, cameras.ip_address, cameras.port, cameras.connection_type, cameras.stream_path, cameras.location, cameras.username, cameras.password, cameras.status, cameras.created_at, cameras.updated_at, cameras.enabled 
FROM cameras 
WHERE cameras.id = ?
2025-07-25 17:03:42,193 INFO sqlalchemy.engine.Engine [cached since 226.4s ago] (4,)
2025-07-25 17:03:42,194 INFO sqlalchemy.engine.Engine UPDATE cameras SET updated_at=? WHERE cameras.id = ?
2025-07-25 17:03:42,194 INFO sqlalchemy.engine.Engine [cached since 223.3s ago] ('2025-07-25 22:03:42.194374', 4)
2025-07-25 17:03:42,194 INFO sqlalchemy.engine.Engine COMMIT
2025-07-25 17:03:42,203 INFO sqlalchemy.engine.Engine BEGIN (implicit)
2025-07-25 17:03:42,203 INFO sqlalchemy.engine.Engine SELECT cameras.id, cameras.name, cameras.ip_address, cameras.port, cameras.connection_type, cameras.stream_path, cameras.location, cameras.username, cameras.password, cameras.status, cameras.created_at, cameras.updated_at, cameras.enabled 
FROM cameras 
WHERE cameras.id = ?
2025-07-25 17:03:42,203 INFO sqlalchemy.engine.Engine [cached since 223.3s ago] (4,)
2025-07-25 17:03:42,204 INFO sqlalchemy.engine.Engine ROLLBACK
INFO:     127.0.0.1:59030 - "GET /stream/thumbnail/4?t=1753480795868 HTTP/1.1" 503 Service Unavailable
2025-07-25 17:03:42,205 INFO sqlalchemy.engine.Engine BEGIN (implicit)
2025-07-25 17:03:42,205 INFO sqlalchemy.engine.Engine SELECT cameras.id, cameras.name, cameras.ip_address, cameras.port, cameras.connection_type, cameras.stream_path, cameras.location, cameras.username, cameras.password, cameras.status, cameras.created_at, cameras.updated_at, cameras.enabled 
FROM cameras 
WHERE cameras.id = ?
2025-07-25 17:03:42,205 INFO sqlalchemy.engine.Engine [cached since 226.4s ago] (4,)
2025-07-25 17:03:42,502 INFO sqlalchemy.engine.Engine BEGIN (implicit)
2025-07-25 17:03:42,502 INFO sqlalchemy.engine.Engine SELECT cameras.id, cameras.name, cameras.ip_address, cameras.port, cameras.connection_type, cameras.stream_path, cameras.location, cameras.username, cameras.password, cameras.status, cameras.created_at, cameras.updated_at, cameras.enabled 
FROM cameras 
WHERE cameras.id = ?
2025-07-25 17:03:42,502 INFO sqlalchemy.engine.Engine [cached since 226.7s ago] (1,)
2025-07-25 17:03:42,503 INFO sqlalchemy.engine.Engine ROLLBACK
INFO:     127.0.0.1:48866 - "GET /api/v1/streams/status/1 HTTP/1.1" 404 Not Found
2025-07-25 17:03:42,508 INFO sqlalchemy.engine.Engine BEGIN (implicit)
2025-07-25 17:03:42,508 INFO sqlalchemy.engine.Engine SELECT cameras.id, cameras.name, cameras.ip_address, cameras.port, cameras.connection_type, cameras.stream_path, cameras.location, cameras.username, cameras.password, cameras.status, cameras.created_at, cameras.updated_at, cameras.enabled 
FROM cameras 
WHERE cameras.id = ?
2025-07-25 17:03:42,508 INFO sqlalchemy.engine.Engine [cached since 226.7s ago] (2,)
2025-07-25 17:03:42,509 INFO sqlalchemy.engine.Engine ROLLBACK
INFO:     127.0.0.1:48866 - "GET /api/v1/streams/status/2 HTTP/1.1" 404 Not Found
2025-07-25 17:03:42,513 INFO sqlalchemy.engine.Engine BEGIN (implicit)
2025-07-25 17:03:42,513 INFO sqlalchemy.engine.Engine SELECT cameras.id, cameras.name, cameras.ip_address, cameras.port, cameras.connection_type, cameras.stream_path, cameras.location, cameras.username, cameras.password, cameras.status, cameras.created_at, cameras.updated_at, cameras.enabled 
FROM cameras 
WHERE cameras.id = ?
2025-07-25 17:03:42,513 INFO sqlalchemy.engine.Engine [cached since 226.7s ago] (3,)
2025-07-25 17:03:42,514 INFO sqlalchemy.engine.Engine ROLLBACK
INFO:     127.0.0.1:48866 - "GET /api/v1/streams/status/3 HTTP/1.1" 200 OK
2025-07-25 17:03:42,518 INFO sqlalchemy.engine.Engine BEGIN (implicit)
2025-07-25 17:03:42,519 INFO sqlalchemy.engine.Engine SELECT cameras.id, cameras.name, cameras.ip_address, cameras.port, cameras.connection_type, cameras.stream_path, cameras.location, cameras.username, cameras.password, cameras.status, cameras.created_at, cameras.updated_at, cameras.enabled 
FROM cameras 
WHERE cameras.id = ?
2025-07-25 17:03:42,519 INFO sqlalchemy.engine.Engine [cached since 226.7s ago] (4,)
2025-07-25 17:03:42,519 INFO sqlalchemy.engine.Engine ROLLBACK
INFO:     127.0.0.1:48866 - "GET /api/v1/streams/status/4 HTTP/1.1" 200 OK
2025-07-25 17:03:45,469 INFO sqlalchemy.engine.Engine BEGIN (implicit)
2025-07-25 17:03:45,469 INFO sqlalchemy.engine.Engine SELECT cameras.id, cameras.name, cameras.ip_address, cameras.port, cameras.connection_type, cameras.stream_path, cameras.location, cameras.username, cameras.password, cameras.status, cameras.created_at, cameras.updated_at, cameras.enabled 
FROM cameras 
WHERE cameras.id = ?
2025-07-25 17:03:45,469 INFO sqlalchemy.engine.Engine [cached since 229.7s ago] (1,)
2025-07-25 17:03:45,469 INFO sqlalchemy.engine.Engine ROLLBACK
INFO:     127.0.0.1:48866 - "GET /api/v1/streams/status/1 HTTP/1.1" 404 Not Found
2025-07-25 17:03:45,474 INFO sqlalchemy.engine.Engine BEGIN (implicit)
2025-07-25 17:03:45,475 INFO sqlalchemy.engine.Engine SELECT cameras.id, cameras.name, cameras.ip_address, cameras.port, cameras.connection_type, cameras.stream_path, cameras.location, cameras.username, cameras.password, cameras.status, cameras.created_at, cameras.updated_at, cameras.enabled 
FROM cameras 
WHERE cameras.id = ?
2025-07-25 17:03:45,475 INFO sqlalchemy.engine.Engine [cached since 229.7s ago] (2,)
2025-07-25 17:03:45,475 INFO sqlalchemy.engine.Engine ROLLBACK
INFO:     127.0.0.1:48866 - "GET /api/v1/streams/status/2 HTTP/1.1" 404 Not Found
2025-07-25 17:03:45,481 INFO sqlalchemy.engine.Engine BEGIN (implicit)
2025-07-25 17:03:45,481 INFO sqlalchemy.engine.Engine SELECT cameras.id, cameras.name, cameras.ip_address, cameras.port, cameras.connection_type, cameras.stream_path, cameras.location, cameras.username, cameras.password, cameras.status, cameras.created_at, cameras.updated_at, cameras.enabled 
FROM cameras 
WHERE cameras.id = ?
2025-07-25 17:03:45,481 INFO sqlalchemy.engine.Engine [cached since 229.7s ago] (3,)
2025-07-25 17:03:45,482 INFO sqlalchemy.engine.Engine ROLLBACK
INFO:     127.0.0.1:48866 - "GET /api/v1/streams/status/3 HTTP/1.1" 200 OK
2025-07-25 17:03:45,487 INFO sqlalchemy.engine.Engine BEGIN (implicit)
2025-07-25 17:03:45,487 INFO sqlalchemy.engine.Engine SELECT cameras.id, cameras.name, cameras.ip_address, cameras.port, cameras.connection_type, cameras.stream_path, cameras.location, cameras.username, cameras.password, cameras.status, cameras.created_at, cameras.updated_at, cameras.enabled 
FROM cameras 
WHERE cameras.id = ?
2025-07-25 17:03:45,487 INFO sqlalchemy.engine.Engine [cached since 229.7s ago] (4,)
2025-07-25 17:03:45,487 INFO sqlalchemy.engine.Engine ROLLBACK
INFO:     127.0.0.1:48866 - "GET /api/v1/streams/status/4 HTTP/1.1" 200 OK
2025-07-25 17:03:47,102 INFO sqlalchemy.engine.Engine ROLLBACK
INFO:     127.0.0.1:59042 - "GET /stream/thumbnail/3?t=1753480795868 HTTP/1.1" 200 OK
2025-07-25 17:03:47,103 INFO sqlalchemy.engine.Engine BEGIN (implicit)
2025-07-25 17:03:47,103 INFO sqlalchemy.engine.Engine SELECT cameras.id, cameras.name, cameras.ip_address, cameras.port, cameras.connection_type, cameras.stream_path, cameras.location, cameras.username, cameras.password, cameras.status, cameras.created_at, cameras.updated_at, cameras.enabled 
FROM cameras 
WHERE cameras.id = ?
2025-07-25 17:03:47,103 INFO sqlalchemy.engine.Engine [cached since 231.3s ago] (3,)
[tcp @ 0x75787c390300] Connection to tcp://192.168.1.205:80 failed: No route to host
Failed to open camera stream: http://192.168.1.205:80/mjpeg
2025-07-25 17:03:50,150 INFO sqlalchemy.engine.Engine SELECT cameras.id, cameras.name, cameras.ip_address, cameras.port, cameras.connection_type, cameras.stream_path, cameras.location, cameras.username, cameras.password, cameras.status, cameras.created_at, cameras.updated_at, cameras.enabled 
FROM cameras 
WHERE cameras.id = ?
2025-07-25 17:03:50,150 INFO sqlalchemy.engine.Engine [cached since 234.4s ago] (4,)
2025-07-25 17:03:50,151 INFO sqlalchemy.engine.Engine UPDATE cameras SET updated_at=? WHERE cameras.id = ?
2025-07-25 17:03:50,151 INFO sqlalchemy.engine.Engine [cached since 231.3s ago] ('2025-07-25 22:03:50.151443', 4)
2025-07-25 17:03:50,152 INFO sqlalchemy.engine.Engine COMMIT
2025-07-25 17:03:50,160 INFO sqlalchemy.engine.Engine BEGIN (implicit)
2025-07-25 17:03:50,160 INFO sqlalchemy.engine.Engine SELECT cameras.id, cameras.name, cameras.ip_address, cameras.port, cameras.connection_type, cameras.stream_path, cameras.location, cameras.username, cameras.password, cameras.status, cameras.created_at, cameras.updated_at, cameras.enabled 
FROM cameras 
WHERE cameras.id = ?
2025-07-25 17:03:50,160 INFO sqlalchemy.engine.Engine [cached since 231.3s ago] (4,)
Error getting thumbnail for camera 4: 503: Failed to capture frame from camera
2025-07-25 17:03:50,161 INFO sqlalchemy.engine.Engine SELECT cameras.id, cameras.name, cameras.ip_address, cameras.port, cameras.connection_type, cameras.stream_path, cameras.location, cameras.username, cameras.password, cameras.status, cameras.created_at, cameras.updated_at, cameras.enabled 
FROM cameras 
WHERE cameras.id = ?
2025-07-25 17:03:50,161 INFO sqlalchemy.engine.Engine [cached since 234.4s ago] (4,)
2025-07-25 17:03:50,162 INFO sqlalchemy.engine.Engine UPDATE cameras SET updated_at=? WHERE cameras.id = ?
2025-07-25 17:03:50,162 INFO sqlalchemy.engine.Engine [cached since 231.3s ago] ('2025-07-25 22:03:50.162056', 4)
2025-07-25 17:03:50,162 INFO sqlalchemy.engine.Engine COMMIT
2025-07-25 17:03:50,170 INFO sqlalchemy.engine.Engine BEGIN (implicit)
2025-07-25 17:03:50,171 INFO sqlalchemy.engine.Engine SELECT cameras.id, cameras.name, cameras.ip_address, cameras.port, cameras.connection_type, cameras.stream_path, cameras.location, cameras.username, cameras.password, cameras.status, cameras.created_at, cameras.updated_at, cameras.enabled 
FROM cameras 
WHERE cameras.id = ?
2025-07-25 17:03:50,171 INFO sqlalchemy.engine.Engine [cached since 231.3s ago] (4,)
2025-07-25 17:03:50,171 INFO sqlalchemy.engine.Engine ROLLBACK
INFO:     127.0.0.1:59062 - "GET /stream/thumbnail/4?t=1753480795873 HTTP/1.1" 503 Service Unavailable
2025-07-25 17:03:50,172 INFO sqlalchemy.engine.Engine BEGIN (implicit)
2025-07-25 17:03:50,173 INFO sqlalchemy.engine.Engine SELECT cameras.id, cameras.name, cameras.ip_address, cameras.port, cameras.connection_type, cameras.stream_path, cameras.location, cameras.username, cameras.password, cameras.status, cameras.created_at, cameras.updated_at, cameras.enabled 
FROM cameras 
WHERE cameras.id = ?
2025-07-25 17:03:50,173 INFO sqlalchemy.engine.Engine [cached since 234.4s ago] (4,)
2025-07-25 17:03:55,100 INFO sqlalchemy.engine.Engine ROLLBACK
INFO:     127.0.0.1:59070 - "GET /stream/thumbnail/3?t=1753480795874 HTTP/1.1" 200 OK
2025-07-25 17:03:55,101 INFO sqlalchemy.engine.Engine BEGIN (implicit)
2025-07-25 17:03:55,101 INFO sqlalchemy.engine.Engine SELECT cameras.id, cameras.name, cameras.ip_address, cameras.port, cameras.connection_type, cameras.stream_path, cameras.location, cameras.username, cameras.password, cameras.status, cameras.created_at, cameras.updated_at, cameras.enabled 
FROM cameras 
WHERE cameras.id = ?
2025-07-25 17:03:55,101 INFO sqlalchemy.engine.Engine [cached since 239.3s ago] (3,)
[tcp @ 0x75789c0048c0] Connection to tcp://192.168.1.205:80 failed: No route to host
Failed to open camera stream: http://192.168.1.205:80/mjpeg
2025-07-25 17:03:58,150 INFO sqlalchemy.engine.Engine SELECT cameras.id, cameras.name, cameras.ip_address, cameras.port, cameras.connection_type, cameras.stream_path, cameras.location, cameras.username, cameras.password, cameras.status, cameras.created_at, cameras.updated_at, cameras.enabled 
FROM cameras 
WHERE cameras.id = ?
2025-07-25 17:03:58,150 INFO sqlalchemy.engine.Engine [cached since 242.4s ago] (4,)
2025-07-25 17:03:58,151 INFO sqlalchemy.engine.Engine UPDATE cameras SET updated_at=? WHERE cameras.id = ?
2025-07-25 17:03:58,151 INFO sqlalchemy.engine.Engine [cached since 239.3s ago] ('2025-07-25 22:03:58.151406', 4)
2025-07-25 17:03:58,152 INFO sqlalchemy.engine.Engine COMMIT
2025-07-25 17:03:58,161 INFO sqlalchemy.engine.Engine BEGIN (implicit)
2025-07-25 17:03:58,161 INFO sqlalchemy.engine.Engine SELECT cameras.id, cameras.name, cameras.ip_address, cameras.port, cameras.connection_type, cameras.stream_path, cameras.location, cameras.username, cameras.password, cameras.status, cameras.created_at, cameras.updated_at, cameras.enabled 
FROM cameras 
WHERE cameras.id = ?
2025-07-25 17:03:58,161 INFO sqlalchemy.engine.Engine [cached since 239.3s ago] (4,)
Error getting thumbnail for camera 4: 503: Failed to capture frame from camera
2025-07-25 17:03:58,162 INFO sqlalchemy.engine.Engine SELECT cameras.id, cameras.name, cameras.ip_address, cameras.port, cameras.connection_type, cameras.stream_path, cameras.location, cameras.username, cameras.password, cameras.status, cameras.created_at, cameras.updated_at, cameras.enabled 
FROM cameras 
WHERE cameras.id = ?
2025-07-25 17:03:58,162 INFO sqlalchemy.engine.Engine [cached since 242.4s ago] (4,)
2025-07-25 17:03:58,163 INFO sqlalchemy.engine.Engine UPDATE cameras SET updated_at=? WHERE cameras.id = ?
2025-07-25 17:03:58,163 INFO sqlalchemy.engine.Engine [cached since 239.3s ago] ('2025-07-25 22:03:58.163143', 4)
2025-07-25 17:03:58,163 INFO sqlalchemy.engine.Engine COMMIT
2025-07-25 17:03:58,172 INFO sqlalchemy.engine.Engine BEGIN (implicit)
2025-07-25 17:03:58,172 INFO sqlalchemy.engine.Engine SELECT cameras.id, cameras.name, cameras.ip_address, cameras.port, cameras.connection_type, cameras.stream_path, cameras.location, cameras.username, cameras.password, cameras.status, cameras.created_at, cameras.updated_at, cameras.enabled 
FROM cameras 
WHERE cameras.id = ?
2025-07-25 17:03:58,172 INFO sqlalchemy.engine.Engine [cached since 239.3s ago] (4,)
2025-07-25 17:03:58,173 INFO sqlalchemy.engine.Engine ROLLBACK
INFO:     127.0.0.1:59030 - "GET /stream/thumbnail/4?t=1753480795877 HTTP/1.1" 503 Service Unavailable
2025-07-25 17:03:58,175 INFO sqlalchemy.engine.Engine BEGIN (implicit)
2025-07-25 17:03:58,175 INFO sqlalchemy.engine.Engine SELECT cameras.id, cameras.name, cameras.ip_address, cameras.port, cameras.connection_type, cameras.stream_path, cameras.location, cameras.username, cameras.password, cameras.status, cameras.created_at, cameras.updated_at, cameras.enabled 
FROM cameras 
WHERE cameras.id = ?
2025-07-25 17:03:58,175 INFO sqlalchemy.engine.Engine [cached since 242.4s ago] (4,)
2025-07-25 17:04:03,101 INFO sqlalchemy.engine.Engine ROLLBACK
INFO:     127.0.0.1:59042 - "GET /stream/thumbnail/3?t=1753480795877 HTTP/1.1" 200 OK
2025-07-25 17:04:03,103 INFO sqlalchemy.engine.Engine BEGIN (implicit)
2025-07-25 17:04:03,103 INFO sqlalchemy.engine.Engine SELECT cameras.id, cameras.name, cameras.ip_address, cameras.port, cameras.connection_type, cameras.stream_path, cameras.location, cameras.username, cameras.password, cameras.status, cameras.created_at, cameras.updated_at, cameras.enabled 
FROM cameras 
WHERE cameras.id = ?
2025-07-25 17:04:03,103 INFO sqlalchemy.engine.Engine [cached since 247.3s ago] (3,)
[tcp @ 0x75787c390300] Connection to tcp://192.168.1.205:80 failed: No route to host
Failed to open camera stream: http://192.168.1.205:80/mjpeg
2025-07-25 17:04:06,150 INFO sqlalchemy.engine.Engine SELECT cameras.id, cameras.name, cameras.ip_address, cameras.port, cameras.connection_type, cameras.stream_path, cameras.location, cameras.username, cameras.password, cameras.status, cameras.created_at, cameras.updated_at, cameras.enabled 
FROM cameras 
WHERE cameras.id = ?
2025-07-25 17:04:06,150 INFO sqlalchemy.engine.Engine [cached since 250.4s ago] (4,)
2025-07-25 17:04:06,151 INFO sqlalchemy.engine.Engine UPDATE cameras SET updated_at=? WHERE cameras.id = ?
2025-07-25 17:04:06,151 INFO sqlalchemy.engine.Engine [cached since 247.3s ago] ('2025-07-25 22:04:06.151448', 4)
2025-07-25 17:04:06,152 INFO sqlalchemy.engine.Engine COMMIT
2025-07-25 17:04:06,160 INFO sqlalchemy.engine.Engine BEGIN (implicit)
2025-07-25 17:04:06,161 INFO sqlalchemy.engine.Engine SELECT cameras.id, cameras.name, cameras.ip_address, cameras.port, cameras.connection_type, cameras.stream_path, cameras.location, cameras.username, cameras.password, cameras.status, cameras.created_at, cameras.updated_at, cameras.enabled 
FROM cameras 
WHERE cameras.id = ?
2025-07-25 17:04:06,161 INFO sqlalchemy.engine.Engine [cached since 247.3s ago] (4,)
Error getting thumbnail for camera 4: 503: Failed to capture frame from camera
2025-07-25 17:04:06,161 INFO sqlalchemy.engine.Engine SELECT cameras.id, cameras.name, cameras.ip_address, cameras.port, cameras.connection_type, cameras.stream_path, cameras.location, cameras.username, cameras.password, cameras.status, cameras.created_at, cameras.updated_at, cameras.enabled 
FROM cameras 
WHERE cameras.id = ?
2025-07-25 17:04:06,162 INFO sqlalchemy.engine.Engine [cached since 250.4s ago] (4,)
2025-07-25 17:04:06,162 INFO sqlalchemy.engine.Engine UPDATE cameras SET updated_at=? WHERE cameras.id = ?
2025-07-25 17:04:06,162 INFO sqlalchemy.engine.Engine [cached since 247.3s ago] ('2025-07-25 22:04:06.162458', 4)
2025-07-25 17:04:06,163 INFO sqlalchemy.engine.Engine COMMIT
2025-07-25 17:04:06,171 INFO sqlalchemy.engine.Engine BEGIN (implicit)
2025-07-25 17:04:06,171 INFO sqlalchemy.engine.Engine SELECT cameras.id, cameras.name, cameras.ip_address, cameras.port, cameras.connection_type, cameras.stream_path, cameras.location, cameras.username, cameras.password, cameras.status, cameras.created_at, cameras.updated_at, cameras.enabled 
FROM cameras 
WHERE cameras.id = ?
2025-07-25 17:04:06,171 INFO sqlalchemy.engine.Engine [cached since 247.3s ago] (4,)
2025-07-25 17:04:06,172 INFO sqlalchemy.engine.Engine ROLLBACK
INFO:     127.0.0.1:59062 - "GET /stream/thumbnail/4?t=1753480795878 HTTP/1.1" 503 Service Unavailable
2025-07-25 17:04:06,173 INFO sqlalchemy.engine.Engine BEGIN (implicit)
2025-07-25 17:04:06,173 INFO sqlalchemy.engine.Engine SELECT cameras.id, cameras.name, cameras.ip_address, cameras.port, cameras.connection_type, cameras.stream_path, cameras.location, cameras.username, cameras.password, cameras.status, cameras.created_at, cameras.updated_at, cameras.enabled 
FROM cameras 
WHERE cameras.id = ?
2025-07-25 17:04:06,173 INFO sqlalchemy.engine.Engine [cached since 250.4s ago] (4,)
2025-07-25 17:04:11,095 INFO sqlalchemy.engine.Engine ROLLBACK
INFO:     127.0.0.1:59070 - "GET /stream/thumbnail/3?t=1753480795878 HTTP/1.1" 200 OK
2025-07-25 17:04:11,097 INFO sqlalchemy.engine.Engine BEGIN (implicit)
2025-07-25 17:04:11,097 INFO sqlalchemy.engine.Engine SELECT cameras.id, cameras.name, cameras.ip_address, cameras.port, cameras.connection_type, cameras.stream_path, cameras.location, cameras.username, cameras.password, cameras.status, cameras.created_at, cameras.updated_at, cameras.enabled 
FROM cameras 
WHERE cameras.id = ?
2025-07-25 17:04:11,097 INFO sqlalchemy.engine.Engine [cached since 255.3s ago] (3,)
2025-07-25 17:04:12,509 INFO sqlalchemy.engine.Engine BEGIN (implicit)
2025-07-25 17:04:12,509 INFO sqlalchemy.engine.Engine SELECT cameras.id, cameras.name, cameras.ip_address, cameras.port, cameras.connection_type, cameras.stream_path, cameras.location, cameras.username, cameras.password, cameras.status, cameras.created_at, cameras.updated_at, cameras.enabled 
FROM cameras 
WHERE cameras.id = ?
2025-07-25 17:04:12,509 INFO sqlalchemy.engine.Engine [cached since 256.7s ago] (1,)
2025-07-25 17:04:12,509 INFO sqlalchemy.engine.Engine ROLLBACK
INFO:     127.0.0.1:48016 - "GET /api/v1/streams/status/1 HTTP/1.1" 404 Not Found
2025-07-25 17:04:12,514 INFO sqlalchemy.engine.Engine BEGIN (implicit)
2025-07-25 17:04:12,514 INFO sqlalchemy.engine.Engine SELECT cameras.id, cameras.name, cameras.ip_address, cameras.port, cameras.connection_type, cameras.stream_path, cameras.location, cameras.username, cameras.password, cameras.status, cameras.created_at, cameras.updated_at, cameras.enabled 
FROM cameras 
WHERE cameras.id = ?
2025-07-25 17:04:12,514 INFO sqlalchemy.engine.Engine [cached since 256.7s ago] (2,)
2025-07-25 17:04:12,515 INFO sqlalchemy.engine.Engine ROLLBACK
INFO:     127.0.0.1:48016 - "GET /api/v1/streams/status/2 HTTP/1.1" 404 Not Found
2025-07-25 17:04:12,519 INFO sqlalchemy.engine.Engine BEGIN (implicit)
2025-07-25 17:04:12,519 INFO sqlalchemy.engine.Engine SELECT cameras.id, cameras.name, cameras.ip_address, cameras.port, cameras.connection_type, cameras.stream_path, cameras.location, cameras.username, cameras.password, cameras.status, cameras.created_at, cameras.updated_at, cameras.enabled 
FROM cameras 
WHERE cameras.id = ?
2025-07-25 17:04:12,519 INFO sqlalchemy.engine.Engine [cached since 256.7s ago] (3,)
2025-07-25 17:04:12,520 INFO sqlalchemy.engine.Engine ROLLBACK
INFO:     127.0.0.1:48016 - "GET /api/v1/streams/status/3 HTTP/1.1" 200 OK
2025-07-25 17:04:12,525 INFO sqlalchemy.engine.Engine BEGIN (implicit)
2025-07-25 17:04:12,525 INFO sqlalchemy.engine.Engine SELECT cameras.id, cameras.name, cameras.ip_address, cameras.port, cameras.connection_type, cameras.stream_path, cameras.location, cameras.username, cameras.password, cameras.status, cameras.created_at, cameras.updated_at, cameras.enabled 
FROM cameras 
WHERE cameras.id = ?
2025-07-25 17:04:12,525 INFO sqlalchemy.engine.Engine [cached since 256.7s ago] (4,)
2025-07-25 17:04:12,525 INFO sqlalchemy.engine.Engine ROLLBACK
INFO:     127.0.0.1:48016 - "GET /api/v1/streams/status/4 HTTP/1.1" 200 OK
[tcp @ 0x75789c0048c0] Connection to tcp://192.168.1.205:80 failed: No route to host
Failed to open camera stream: http://192.168.1.205:80/mjpeg
2025-07-25 17:04:14,150 INFO sqlalchemy.engine.Engine SELECT cameras.id, cameras.name, cameras.ip_address, cameras.port, cameras.connection_type, cameras.stream_path, cameras.location, cameras.username, cameras.password, cameras.status, cameras.created_at, cameras.updated_at, cameras.enabled 
FROM cameras 
WHERE cameras.id = ?
2025-07-25 17:04:14,150 INFO sqlalchemy.engine.Engine [cached since 258.4s ago] (4,)
2025-07-25 17:04:14,151 INFO sqlalchemy.engine.Engine UPDATE cameras SET updated_at=? WHERE cameras.id = ?
2025-07-25 17:04:14,151 INFO sqlalchemy.engine.Engine [cached since 255.3s ago] ('2025-07-25 22:04:14.151438', 4)
2025-07-25 17:04:14,152 INFO sqlalchemy.engine.Engine COMMIT
2025-07-25 17:04:14,160 INFO sqlalchemy.engine.Engine BEGIN (implicit)
2025-07-25 17:04:14,161 INFO sqlalchemy.engine.Engine SELECT cameras.id, cameras.name, cameras.ip_address, cameras.port, cameras.connection_type, cameras.stream_path, cameras.location, cameras.username, cameras.password, cameras.status, cameras.created_at, cameras.updated_at, cameras.enabled 
FROM cameras 
WHERE cameras.id = ?
2025-07-25 17:04:14,161 INFO sqlalchemy.engine.Engine [cached since 255.3s ago] (4,)
Error getting thumbnail for camera 4: 503: Failed to capture frame from camera
2025-07-25 17:04:14,161 INFO sqlalchemy.engine.Engine SELECT cameras.id, cameras.name, cameras.ip_address, cameras.port, cameras.connection_type, cameras.stream_path, cameras.location, cameras.username, cameras.password, cameras.status, cameras.created_at, cameras.updated_at, cameras.enabled 
FROM cameras 
WHERE cameras.id = ?
2025-07-25 17:04:14,161 INFO sqlalchemy.engine.Engine [cached since 258.4s ago] (4,)
2025-07-25 17:04:14,162 INFO sqlalchemy.engine.Engine UPDATE cameras SET updated_at=? WHERE cameras.id = ?
2025-07-25 17:04:14,162 INFO sqlalchemy.engine.Engine [cached since 255.3s ago] ('2025-07-25 22:04:14.162326', 4)
2025-07-25 17:04:14,162 INFO sqlalchemy.engine.Engine COMMIT
2025-07-25 17:04:14,171 INFO sqlalchemy.engine.Engine BEGIN (implicit)
2025-07-25 17:04:14,171 INFO sqlalchemy.engine.Engine SELECT cameras.id, cameras.name, cameras.ip_address, cameras.port, cameras.connection_type, cameras.stream_path, cameras.location, cameras.username, cameras.password, cameras.status, cameras.created_at, cameras.updated_at, cameras.enabled 
FROM cameras 
WHERE cameras.id = ?
2025-07-25 17:04:14,171 INFO sqlalchemy.engine.Engine [cached since 255.3s ago] (4,)
2025-07-25 17:04:14,171 INFO sqlalchemy.engine.Engine ROLLBACK
INFO:     127.0.0.1:59030 - "GET /stream/thumbnail/4?t=1753480795880 HTTP/1.1" 503 Service Unavailable
2025-07-25 17:04:14,173 INFO sqlalchemy.engine.Engine BEGIN (implicit)
2025-07-25 17:04:14,173 INFO sqlalchemy.engine.Engine SELECT cameras.id, cameras.name, cameras.ip_address, cameras.port, cameras.connection_type, cameras.stream_path, cameras.location, cameras.username, cameras.password, cameras.status, cameras.created_at, cameras.updated_at, cameras.enabled 
FROM cameras 
WHERE cameras.id = ?
2025-07-25 17:04:14,173 INFO sqlalchemy.engine.Engine [cached since 258.4s ago] (4,)
2025-07-25 17:04:15,611 INFO sqlalchemy.engine.Engine BEGIN (implicit)
2025-07-25 17:04:15,611 INFO sqlalchemy.engine.Engine SELECT cameras.id, cameras.name, cameras.ip_address, cameras.port, cameras.connection_type, cameras.stream_path, cameras.location, cameras.username, cameras.password, cameras.status, cameras.created_at, cameras.updated_at, cameras.enabled 
FROM cameras 
WHERE cameras.id = ?
2025-07-25 17:04:15,611 INFO sqlalchemy.engine.Engine [cached since 259.8s ago] (1,)
2025-07-25 17:04:15,612 INFO sqlalchemy.engine.Engine ROLLBACK
INFO:     127.0.0.1:48016 - "GET /api/v1/streams/status/1 HTTP/1.1" 404 Not Found
2025-07-25 17:04:15,616 INFO sqlalchemy.engine.Engine BEGIN (implicit)
2025-07-25 17:04:15,617 INFO sqlalchemy.engine.Engine SELECT cameras.id, cameras.name, cameras.ip_address, cameras.port, cameras.connection_type, cameras.stream_path, cameras.location, cameras.username, cameras.password, cameras.status, cameras.created_at, cameras.updated_at, cameras.enabled 
FROM cameras 
WHERE cameras.id = ?
2025-07-25 17:04:15,617 INFO sqlalchemy.engine.Engine [cached since 259.8s ago] (2,)
2025-07-25 17:04:15,617 INFO sqlalchemy.engine.Engine ROLLBACK
INFO:     127.0.0.1:48016 - "GET /api/v1/streams/status/2 HTTP/1.1" 404 Not Found
2025-07-25 17:04:15,622 INFO sqlalchemy.engine.Engine BEGIN (implicit)
2025-07-25 17:04:15,622 INFO sqlalchemy.engine.Engine SELECT cameras.id, cameras.name, cameras.ip_address, cameras.port, cameras.connection_type, cameras.stream_path, cameras.location, cameras.username, cameras.password, cameras.status, cameras.created_at, cameras.updated_at, cameras.enabled 
FROM cameras 
WHERE cameras.id = ?
2025-07-25 17:04:15,622 INFO sqlalchemy.engine.Engine [cached since 259.8s ago] (3,)
2025-07-25 17:04:15,623 INFO sqlalchemy.engine.Engine ROLLBACK
INFO:     127.0.0.1:48016 - "GET /api/v1/streams/status/3 HTTP/1.1" 200 OK
2025-07-25 17:04:15,628 INFO sqlalchemy.engine.Engine BEGIN (implicit)
2025-07-25 17:04:15,628 INFO sqlalchemy.engine.Engine SELECT cameras.id, cameras.name, cameras.ip_address, cameras.port, cameras.connection_type, cameras.stream_path, cameras.location, cameras.username, cameras.password, cameras.status, cameras.created_at, cameras.updated_at, cameras.enabled 
FROM cameras 
WHERE cameras.id = ?
2025-07-25 17:04:15,628 INFO sqlalchemy.engine.Engine [cached since 259.8s ago] (4,)
2025-07-25 17:04:15,628 INFO sqlalchemy.engine.Engine ROLLBACK
INFO:     127.0.0.1:48016 - "GET /api/v1/streams/status/4 HTTP/1.1" 200 OK
2025-07-25 17:04:19,079 INFO sqlalchemy.engine.Engine ROLLBACK
INFO:     127.0.0.1:59042 - "GET /stream/thumbnail/3?t=1753480795880 HTTP/1.1" 200 OK
2025-07-25 17:04:19,080 INFO sqlalchemy.engine.Engine BEGIN (implicit)
2025-07-25 17:04:19,080 INFO sqlalchemy.engine.Engine SELECT cameras.id, cameras.name, cameras.ip_address, cameras.port, cameras.connection_type, cameras.stream_path, cameras.location, cameras.username, cameras.password, cameras.status, cameras.created_at, cameras.updated_at, cameras.enabled 
FROM cameras 
WHERE cameras.id = ?
2025-07-25 17:04:19,080 INFO sqlalchemy.engine.Engine [cached since 263.3s ago] (3,)
[tcp @ 0x75787c390300] Connection to tcp://192.168.1.205:80 failed: No route to host
Failed to open camera stream: http://192.168.1.205:80/mjpeg
2025-07-25 17:04:22,150 INFO sqlalchemy.engine.Engine SELECT cameras.id, cameras.name, cameras.ip_address, cameras.port, cameras.connection_type, cameras.stream_path, cameras.location, cameras.username, cameras.password, cameras.status, cameras.created_at, cameras.updated_at, cameras.enabled 
FROM cameras 
WHERE cameras.id = ?
2025-07-25 17:04:22,151 INFO sqlalchemy.engine.Engine [cached since 266.4s ago] (4,)
2025-07-25 17:04:22,151 INFO sqlalchemy.engine.Engine UPDATE cameras SET updated_at=? WHERE cameras.id = ?
2025-07-25 17:04:22,151 INFO sqlalchemy.engine.Engine [cached since 263.3s ago] ('2025-07-25 22:04:22.151643', 4)
2025-07-25 17:04:22,152 INFO sqlalchemy.engine.Engine COMMIT
2025-07-25 17:04:22,160 INFO sqlalchemy.engine.Engine BEGIN (implicit)
2025-07-25 17:04:22,161 INFO sqlalchemy.engine.Engine SELECT cameras.id, cameras.name, cameras.ip_address, cameras.port, cameras.connection_type, cameras.stream_path, cameras.location, cameras.username, cameras.password, cameras.status, cameras.created_at, cameras.updated_at, cameras.enabled 
FROM cameras 
WHERE cameras.id = ?
2025-07-25 17:04:22,161 INFO sqlalchemy.engine.Engine [cached since 263.3s ago] (4,)
Error getting thumbnail for camera 4: 503: Failed to capture frame from camera
2025-07-25 17:04:22,161 INFO sqlalchemy.engine.Engine SELECT cameras.id, cameras.name, cameras.ip_address, cameras.port, cameras.connection_type, cameras.stream_path, cameras.location, cameras.username, cameras.password, cameras.status, cameras.created_at, cameras.updated_at, cameras.enabled 
FROM cameras 
WHERE cameras.id = ?
2025-07-25 17:04:22,161 INFO sqlalchemy.engine.Engine [cached since 266.4s ago] (4,)
2025-07-25 17:04:22,162 INFO sqlalchemy.engine.Engine UPDATE cameras SET updated_at=? WHERE cameras.id = ?
2025-07-25 17:04:22,162 INFO sqlalchemy.engine.Engine [cached since 263.3s ago] ('2025-07-25 22:04:22.162424', 4)
2025-07-25 17:04:22,163 INFO sqlalchemy.engine.Engine COMMIT
2025-07-25 17:04:22,171 INFO sqlalchemy.engine.Engine BEGIN (implicit)
2025-07-25 17:04:22,171 INFO sqlalchemy.engine.Engine SELECT cameras.id, cameras.name, cameras.ip_address, cameras.port, cameras.connection_type, cameras.stream_path, cameras.location, cameras.username, cameras.password, cameras.status, cameras.created_at, cameras.updated_at, cameras.enabled 
FROM cameras 
WHERE cameras.id = ?
2025-07-25 17:04:22,171 INFO sqlalchemy.engine.Engine [cached since 263.3s ago] (4,)
2025-07-25 17:04:22,172 INFO sqlalchemy.engine.Engine ROLLBACK
INFO:     127.0.0.1:59062 - "GET /stream/thumbnail/4?t=1753480795885 HTTP/1.1" 503 Service Unavailable
2025-07-25 17:04:22,173 INFO sqlalchemy.engine.Engine BEGIN (implicit)
2025-07-25 17:04:22,173 INFO sqlalchemy.engine.Engine SELECT cameras.id, cameras.name, cameras.ip_address, cameras.port, cameras.connection_type, cameras.stream_path, cameras.location, cameras.username, cameras.password, cameras.status, cameras.created_at, cameras.updated_at, cameras.enabled 
FROM cameras 
WHERE cameras.id = ?
2025-07-25 17:04:22,173 INFO sqlalchemy.engine.Engine [cached since 266.4s ago] (4,)
2025-07-25 17:04:27,108 INFO sqlalchemy.engine.Engine ROLLBACK
INFO:     127.0.0.1:59070 - "GET /stream/thumbnail/3?t=1753480795885 HTTP/1.1" 200 OK
2025-07-25 17:04:27,110 INFO sqlalchemy.engine.Engine BEGIN (implicit)
2025-07-25 17:04:27,110 INFO sqlalchemy.engine.Engine SELECT cameras.id, cameras.name, cameras.ip_address, cameras.port, cameras.connection_type, cameras.stream_path, cameras.location, cameras.username, cameras.password, cameras.status, cameras.created_at, cameras.updated_at, cameras.enabled 
FROM cameras 
WHERE cameras.id = ?
2025-07-25 17:04:27,110 INFO sqlalchemy.engine.Engine [cached since 271.3s ago] (3,)
[tcp @ 0x75789c0048c0] Connection to tcp://192.168.1.205:80 failed: No route to host
Failed to open camera stream: http://192.168.1.205:80/mjpeg
2025-07-25 17:04:30,150 INFO sqlalchemy.engine.Engine SELECT cameras.id, cameras.name, cameras.ip_address, cameras.port, cameras.connection_type, cameras.stream_path, cameras.location, cameras.username, cameras.password, cameras.status, cameras.created_at, cameras.updated_at, cameras.enabled 
FROM cameras 
WHERE cameras.id = ?
2025-07-25 17:04:30,151 INFO sqlalchemy.engine.Engine [cached since 274.4s ago] (4,)
2025-07-25 17:04:30,151 INFO sqlalchemy.engine.Engine UPDATE cameras SET updated_at=? WHERE cameras.id = ?
2025-07-25 17:04:30,151 INFO sqlalchemy.engine.Engine [cached since 271.3s ago] ('2025-07-25 22:04:30.151672', 4)
2025-07-25 17:04:30,152 INFO sqlalchemy.engine.Engine COMMIT
2025-07-25 17:04:30,161 INFO sqlalchemy.engine.Engine BEGIN (implicit)
2025-07-25 17:04:30,161 INFO sqlalchemy.engine.Engine SELECT cameras.id, cameras.name, cameras.ip_address, cameras.port, cameras.connection_type, cameras.stream_path, cameras.location, cameras.username, cameras.password, cameras.status, cameras.created_at, cameras.updated_at, cameras.enabled 
FROM cameras 
WHERE cameras.id = ?
2025-07-25 17:04:30,161 INFO sqlalchemy.engine.Engine [cached since 271.3s ago] (4,)
Error getting thumbnail for camera 4: 503: Failed to capture frame from camera
2025-07-25 17:04:30,162 INFO sqlalchemy.engine.Engine SELECT cameras.id, cameras.name, cameras.ip_address, cameras.port, cameras.connection_type, cameras.stream_path, cameras.location, cameras.username, cameras.password, cameras.status, cameras.created_at, cameras.updated_at, cameras.enabled 
FROM cameras 
WHERE cameras.id = ?
2025-07-25 17:04:30,162 INFO sqlalchemy.engine.Engine [cached since 274.4s ago] (4,)
2025-07-25 17:04:30,162 INFO sqlalchemy.engine.Engine UPDATE cameras SET updated_at=? WHERE cameras.id = ?
2025-07-25 17:04:30,162 INFO sqlalchemy.engine.Engine [cached since 271.3s ago] ('2025-07-25 22:04:30.162712', 4)
2025-07-25 17:04:30,163 INFO sqlalchemy.engine.Engine COMMIT
2025-07-25 17:04:30,171 INFO sqlalchemy.engine.Engine BEGIN (implicit)
2025-07-25 17:04:30,171 INFO sqlalchemy.engine.Engine SELECT cameras.id, cameras.name, cameras.ip_address, cameras.port, cameras.connection_type, cameras.stream_path, cameras.location, cameras.username, cameras.password, cameras.status, cameras.created_at, cameras.updated_at, cameras.enabled 
FROM cameras 
WHERE cameras.id = ?
2025-07-25 17:04:30,171 INFO sqlalchemy.engine.Engine [cached since 271.3s ago] (4,)
2025-07-25 17:04:30,172 INFO sqlalchemy.engine.Engine ROLLBACK
INFO:     127.0.0.1:59030 - "GET /stream/thumbnail/4?t=1753480795889 HTTP/1.1" 503 Service Unavailable
2025-07-25 17:04:30,173 INFO sqlalchemy.engine.Engine BEGIN (implicit)
2025-07-25 17:04:30,173 INFO sqlalchemy.engine.Engine SELECT cameras.id, cameras.name, cameras.ip_address, cameras.port, cameras.connection_type, cameras.stream_path, cameras.location, cameras.username, cameras.password, cameras.status, cameras.created_at, cameras.updated_at, cameras.enabled 
FROM cameras 
WHERE cameras.id = ?
2025-07-25 17:04:30,174 INFO sqlalchemy.engine.Engine [cached since 274.4s ago] (4,)
2025-07-25 17:04:35,070 INFO sqlalchemy.engine.Engine ROLLBACK
INFO:     127.0.0.1:59042 - "GET /stream/thumbnail/3?t=1753480795889 HTTP/1.1" 200 OK
2025-07-25 17:04:35,072 INFO sqlalchemy.engine.Engine BEGIN (implicit)
2025-07-25 17:04:35,072 INFO sqlalchemy.engine.Engine SELECT cameras.id, cameras.name, cameras.ip_address, cameras.port, cameras.connection_type, cameras.stream_path, cameras.location, cameras.username, cameras.password, cameras.status, cameras.created_at, cameras.updated_at, cameras.enabled 
FROM cameras 
WHERE cameras.id = ?
2025-07-25 17:04:35,072 INFO sqlalchemy.engine.Engine [cached since 279.3s ago] (3,)
[tcp @ 0x75787c390300] Connection to tcp://192.168.1.205:80 failed: No route to host
Failed to open camera stream: http://192.168.1.205:80/mjpeg
2025-07-25 17:04:38,118 INFO sqlalchemy.engine.Engine SELECT cameras.id, cameras.name, cameras.ip_address, cameras.port, cameras.connection_type, cameras.stream_path, cameras.location, cameras.username, cameras.password, cameras.status, cameras.created_at, cameras.updated_at, cameras.enabled 
FROM cameras 
WHERE cameras.id = ?
2025-07-25 17:04:38,118 INFO sqlalchemy.engine.Engine [cached since 282.3s ago] (4,)
2025-07-25 17:04:38,119 INFO sqlalchemy.engine.Engine UPDATE cameras SET updated_at=? WHERE cameras.id = ?
2025-07-25 17:04:38,119 INFO sqlalchemy.engine.Engine [cached since 279.3s ago] ('2025-07-25 22:04:38.119498', 4)
2025-07-25 17:04:38,120 INFO sqlalchemy.engine.Engine COMMIT
2025-07-25 17:04:38,129 INFO sqlalchemy.engine.Engine BEGIN (implicit)
2025-07-25 17:04:38,129 INFO sqlalchemy.engine.Engine SELECT cameras.id, cameras.name, cameras.ip_address, cameras.port, cameras.connection_type, cameras.stream_path, cameras.location, cameras.username, cameras.password, cameras.status, cameras.created_at, cameras.updated_at, cameras.enabled 
FROM cameras 
WHERE cameras.id = ?
2025-07-25 17:04:38,129 INFO sqlalchemy.engine.Engine [cached since 279.3s ago] (4,)
Error getting thumbnail for camera 4: 503: Failed to capture frame from camera
2025-07-25 17:04:38,130 INFO sqlalchemy.engine.Engine SELECT cameras.id, cameras.name, cameras.ip_address, cameras.port, cameras.connection_type, cameras.stream_path, cameras.location, cameras.username, cameras.password, cameras.status, cameras.created_at, cameras.updated_at, cameras.enabled 
FROM cameras 
WHERE cameras.id = ?
2025-07-25 17:04:38,130 INFO sqlalchemy.engine.Engine [cached since 282.3s ago] (4,)
2025-07-25 17:04:38,130 INFO sqlalchemy.engine.Engine UPDATE cameras SET updated_at=? WHERE cameras.id = ?
2025-07-25 17:04:38,130 INFO sqlalchemy.engine.Engine [cached since 279.3s ago] ('2025-07-25 22:04:38.130578', 4)
2025-07-25 17:04:38,131 INFO sqlalchemy.engine.Engine COMMIT
2025-07-25 17:04:38,139 INFO sqlalchemy.engine.Engine BEGIN (implicit)
2025-07-25 17:04:38,139 INFO sqlalchemy.engine.Engine SELECT cameras.id, cameras.name, cameras.ip_address, cameras.port, cameras.connection_type, cameras.stream_path, cameras.location, cameras.username, cameras.password, cameras.status, cameras.created_at, cameras.updated_at, cameras.enabled 
FROM cameras 
WHERE cameras.id = ?
2025-07-25 17:04:38,139 INFO sqlalchemy.engine.Engine [cached since 279.3s ago] (4,)
2025-07-25 17:04:38,140 INFO sqlalchemy.engine.Engine ROLLBACK
INFO:     127.0.0.1:59062 - "GET /stream/thumbnail/4?t=1753480795892 HTTP/1.1" 503 Service Unavailable
2025-07-25 17:04:38,141 INFO sqlalchemy.engine.Engine BEGIN (implicit)
2025-07-25 17:04:38,141 INFO sqlalchemy.engine.Engine SELECT cameras.id, cameras.name, cameras.ip_address, cameras.port, cameras.connection_type, cameras.stream_path, cameras.location, cameras.username, cameras.password, cameras.status, cameras.created_at, cameras.updated_at, cameras.enabled 
FROM cameras 
WHERE cameras.id = ?
2025-07-25 17:04:38,141 INFO sqlalchemy.engine.Engine [cached since 282.4s ago] (4,)
2025-07-25 17:04:42,517 INFO sqlalchemy.engine.Engine BEGIN (implicit)
2025-07-25 17:04:42,517 INFO sqlalchemy.engine.Engine SELECT cameras.id, cameras.name, cameras.ip_address, cameras.port, cameras.connection_type, cameras.stream_path, cameras.location, cameras.username, cameras.password, cameras.status, cameras.created_at, cameras.updated_at, cameras.enabled 
FROM cameras 
WHERE cameras.id = ?
2025-07-25 17:04:42,517 INFO sqlalchemy.engine.Engine [cached since 286.7s ago] (1,)
2025-07-25 17:04:42,518 INFO sqlalchemy.engine.Engine ROLLBACK
INFO:     127.0.0.1:33076 - "GET /api/v1/streams/status/1 HTTP/1.1" 404 Not Found
2025-07-25 17:04:42,523 INFO sqlalchemy.engine.Engine BEGIN (implicit)
2025-07-25 17:04:42,523 INFO sqlalchemy.engine.Engine SELECT cameras.id, cameras.name, cameras.ip_address, cameras.port, cameras.connection_type, cameras.stream_path, cameras.location, cameras.username, cameras.password, cameras.status, cameras.created_at, cameras.updated_at, cameras.enabled 
FROM cameras 
WHERE cameras.id = ?
2025-07-25 17:04:42,523 INFO sqlalchemy.engine.Engine [cached since 286.7s ago] (2,)
2025-07-25 17:04:42,524 INFO sqlalchemy.engine.Engine ROLLBACK
INFO:     127.0.0.1:33076 - "GET /api/v1/streams/status/2 HTTP/1.1" 404 Not Found
2025-07-25 17:04:42,528 INFO sqlalchemy.engine.Engine BEGIN (implicit)
2025-07-25 17:04:42,528 INFO sqlalchemy.engine.Engine SELECT cameras.id, cameras.name, cameras.ip_address, cameras.port, cameras.connection_type, cameras.stream_path, cameras.location, cameras.username, cameras.password, cameras.status, cameras.created_at, cameras.updated_at, cameras.enabled 
FROM cameras 
WHERE cameras.id = ?
2025-07-25 17:04:42,528 INFO sqlalchemy.engine.Engine [cached since 286.7s ago] (3,)
2025-07-25 17:04:42,529 INFO sqlalchemy.engine.Engine ROLLBACK
INFO:     127.0.0.1:33076 - "GET /api/v1/streams/status/3 HTTP/1.1" 200 OK
2025-07-25 17:04:42,534 INFO sqlalchemy.engine.Engine BEGIN (implicit)
2025-07-25 17:04:42,534 INFO sqlalchemy.engine.Engine SELECT cameras.id, cameras.name, cameras.ip_address, cameras.port, cameras.connection_type, cameras.stream_path, cameras.location, cameras.username, cameras.password, cameras.status, cameras.created_at, cameras.updated_at, cameras.enabled 
FROM cameras 
WHERE cameras.id = ?
2025-07-25 17:04:42,534 INFO sqlalchemy.engine.Engine [cached since 286.8s ago] (4,)
2025-07-25 17:04:42,535 INFO sqlalchemy.engine.Engine ROLLBACK
INFO:     127.0.0.1:33076 - "GET /api/v1/streams/status/4 HTTP/1.1" 200 OK
2025-07-25 17:04:43,099 INFO sqlalchemy.engine.Engine ROLLBACK
INFO:     127.0.0.1:59070 - "GET /stream/thumbnail/3?t=1753480795892 HTTP/1.1" 200 OK
2025-07-25 17:04:43,100 INFO sqlalchemy.engine.Engine BEGIN (implicit)
2025-07-25 17:04:43,101 INFO sqlalchemy.engine.Engine SELECT cameras.id, cameras.name, cameras.ip_address, cameras.port, cameras.connection_type, cameras.stream_path, cameras.location, cameras.username, cameras.password, cameras.status, cameras.created_at, cameras.updated_at, cameras.enabled 
FROM cameras 
WHERE cameras.id = ?
2025-07-25 17:04:43,101 INFO sqlalchemy.engine.Engine [cached since 287.3s ago] (3,)
2025-07-25 17:04:45,935 INFO sqlalchemy.engine.Engine BEGIN (implicit)
2025-07-25 17:04:45,935 INFO sqlalchemy.engine.Engine SELECT cameras.id, cameras.name, cameras.ip_address, cameras.port, cameras.connection_type, cameras.stream_path, cameras.location, cameras.username, cameras.password, cameras.status, cameras.created_at, cameras.updated_at, cameras.enabled 
FROM cameras 
WHERE cameras.id = ?
2025-07-25 17:04:45,935 INFO sqlalchemy.engine.Engine [cached since 290.2s ago] (1,)
2025-07-25 17:04:45,936 INFO sqlalchemy.engine.Engine ROLLBACK
INFO:     127.0.0.1:33076 - "GET /api/v1/streams/status/1 HTTP/1.1" 404 Not Found
2025-07-25 17:04:45,941 INFO sqlalchemy.engine.Engine BEGIN (implicit)
2025-07-25 17:04:45,941 INFO sqlalchemy.engine.Engine SELECT cameras.id, cameras.name, cameras.ip_address, cameras.port, cameras.connection_type, cameras.stream_path, cameras.location, cameras.username, cameras.password, cameras.status, cameras.created_at, cameras.updated_at, cameras.enabled 
FROM cameras 
WHERE cameras.id = ?
2025-07-25 17:04:45,941 INFO sqlalchemy.engine.Engine [cached since 290.2s ago] (2,)
2025-07-25 17:04:45,941 INFO sqlalchemy.engine.Engine ROLLBACK
INFO:     127.0.0.1:33076 - "GET /api/v1/streams/status/2 HTTP/1.1" 404 Not Found
2025-07-25 17:04:45,946 INFO sqlalchemy.engine.Engine BEGIN (implicit)
2025-07-25 17:04:45,946 INFO sqlalchemy.engine.Engine SELECT cameras.id, cameras.name, cameras.ip_address, cameras.port, cameras.connection_type, cameras.stream_path, cameras.location, cameras.username, cameras.password, cameras.status, cameras.created_at, cameras.updated_at, cameras.enabled 
FROM cameras 
WHERE cameras.id = ?
2025-07-25 17:04:45,946 INFO sqlalchemy.engine.Engine [cached since 290.2s ago] (3,)
2025-07-25 17:04:45,947 INFO sqlalchemy.engine.Engine ROLLBACK
INFO:     127.0.0.1:33076 - "GET /api/v1/streams/status/3 HTTP/1.1" 200 OK
2025-07-25 17:04:45,952 INFO sqlalchemy.engine.Engine BEGIN (implicit)
2025-07-25 17:04:45,952 INFO sqlalchemy.engine.Engine SELECT cameras.id, cameras.name, cameras.ip_address, cameras.port, cameras.connection_type, cameras.stream_path, cameras.location, cameras.username, cameras.password, cameras.status, cameras.created_at, cameras.updated_at, cameras.enabled 
FROM cameras 
WHERE cameras.id = ?
2025-07-25 17:04:45,952 INFO sqlalchemy.engine.Engine [cached since 290.2s ago] (4,)
2025-07-25 17:04:45,952 INFO sqlalchemy.engine.Engine ROLLBACK
INFO:     127.0.0.1:33076 - "GET /api/v1/streams/status/4 HTTP/1.1" 200 OK
[tcp @ 0x75789c0048c0] Connection to tcp://192.168.1.205:80 failed: No route to host
Failed to open camera stream: http://192.168.1.205:80/mjpeg
2025-07-25 17:04:46,150 INFO sqlalchemy.engine.Engine SELECT cameras.id, cameras.name, cameras.ip_address, cameras.port, cameras.connection_type, cameras.stream_path, cameras.location, cameras.username, cameras.password, cameras.status, cameras.created_at, cameras.updated_at, cameras.enabled 
FROM cameras 
WHERE cameras.id = ?
2025-07-25 17:04:46,150 INFO sqlalchemy.engine.Engine [cached since 290.4s ago] (4,)
2025-07-25 17:04:46,151 INFO sqlalchemy.engine.Engine UPDATE cameras SET updated_at=? WHERE cameras.id = ?
2025-07-25 17:04:46,151 INFO sqlalchemy.engine.Engine [cached since 287.3s ago] ('2025-07-25 22:04:46.151444', 4)
2025-07-25 17:04:46,152 INFO sqlalchemy.engine.Engine COMMIT
2025-07-25 17:04:46,160 INFO sqlalchemy.engine.Engine BEGIN (implicit)
2025-07-25 17:04:46,161 INFO sqlalchemy.engine.Engine SELECT cameras.id, cameras.name, cameras.ip_address, cameras.port, cameras.connection_type, cameras.stream_path, cameras.location, cameras.username, cameras.password, cameras.status, cameras.created_at, cameras.updated_at, cameras.enabled 
FROM cameras 
WHERE cameras.id = ?
2025-07-25 17:04:46,161 INFO sqlalchemy.engine.Engine [cached since 287.3s ago] (4,)
Error getting thumbnail for camera 4: 503: Failed to capture frame from camera
2025-07-25 17:04:46,161 INFO sqlalchemy.engine.Engine SELECT cameras.id, cameras.name, cameras.ip_address, cameras.port, cameras.connection_type, cameras.stream_path, cameras.location, cameras.username, cameras.password, cameras.status, cameras.created_at, cameras.updated_at, cameras.enabled 
FROM cameras 
WHERE cameras.id = ?
2025-07-25 17:04:46,161 INFO sqlalchemy.engine.Engine [cached since 290.4s ago] (4,)
2025-07-25 17:04:46,162 INFO sqlalchemy.engine.Engine UPDATE cameras SET updated_at=? WHERE cameras.id = ?
2025-07-25 17:04:46,162 INFO sqlalchemy.engine.Engine [cached since 287.3s ago] ('2025-07-25 22:04:46.162268', 4)
2025-07-25 17:04:46,162 INFO sqlalchemy.engine.Engine COMMIT
2025-07-25 17:04:46,171 INFO sqlalchemy.engine.Engine BEGIN (implicit)
2025-07-25 17:04:46,171 INFO sqlalchemy.engine.Engine SELECT cameras.id, cameras.name, cameras.ip_address, cameras.port, cameras.connection_type, cameras.stream_path, cameras.location, cameras.username, cameras.password, cameras.status, cameras.created_at, cameras.updated_at, cameras.enabled 
FROM cameras 
WHERE cameras.id = ?
2025-07-25 17:04:46,171 INFO sqlalchemy.engine.Engine [cached since 287.3s ago] (4,)
2025-07-25 17:04:46,172 INFO sqlalchemy.engine.Engine ROLLBACK
INFO:     127.0.0.1:59030 - "GET /stream/thumbnail/4?t=1753480795893 HTTP/1.1" 503 Service Unavailable
2025-07-25 17:04:46,173 INFO sqlalchemy.engine.Engine BEGIN (implicit)
2025-07-25 17:04:46,173 INFO sqlalchemy.engine.Engine SELECT cameras.id, cameras.name, cameras.ip_address, cameras.port, cameras.connection_type, cameras.stream_path, cameras.location, cameras.username, cameras.password, cameras.status, cameras.created_at, cameras.updated_at, cameras.enabled 
FROM cameras 
WHERE cameras.id = ?
2025-07-25 17:04:46,173 INFO sqlalchemy.engine.Engine [cached since 290.4s ago] (4,)
2025-07-25 17:04:51,082 INFO sqlalchemy.engine.Engine ROLLBACK
INFO:     127.0.0.1:59042 - "GET /stream/thumbnail/3?t=1753480795893 HTTP/1.1" 200 OK
2025-07-25 17:04:51,084 INFO sqlalchemy.engine.Engine BEGIN (implicit)
2025-07-25 17:04:51,084 INFO sqlalchemy.engine.Engine SELECT cameras.id, cameras.name, cameras.ip_address, cameras.port, cameras.connection_type, cameras.stream_path, cameras.location, cameras.username, cameras.password, cameras.status, cameras.created_at, cameras.updated_at, cameras.enabled 
FROM cameras 
WHERE cameras.id = ?
2025-07-25 17:04:51,084 INFO sqlalchemy.engine.Engine [cached since 295.3s ago] (3,)
[tcp @ 0x75787c390300] Connection to tcp://192.168.1.205:80 failed: No route to host
Failed to open camera stream: http://192.168.1.205:80/mjpeg
2025-07-25 17:04:54,150 INFO sqlalchemy.engine.Engine SELECT cameras.id, cameras.name, cameras.ip_address, cameras.port, cameras.connection_type, cameras.stream_path, cameras.location, cameras.username, cameras.password, cameras.status, cameras.created_at, cameras.updated_at, cameras.enabled 
FROM cameras 
WHERE cameras.id = ?
2025-07-25 17:04:54,151 INFO sqlalchemy.engine.Engine [cached since 298.4s ago] (4,)
2025-07-25 17:04:54,151 INFO sqlalchemy.engine.Engine UPDATE cameras SET updated_at=? WHERE cameras.id = ?
2025-07-25 17:04:54,151 INFO sqlalchemy.engine.Engine [cached since 295.3s ago] ('2025-07-25 22:04:54.151530', 4)
2025-07-25 17:04:54,152 INFO sqlalchemy.engine.Engine COMMIT
2025-07-25 17:04:54,161 INFO sqlalchemy.engine.Engine BEGIN (implicit)
2025-07-25 17:04:54,161 INFO sqlalchemy.engine.Engine SELECT cameras.id, cameras.name, cameras.ip_address, cameras.port, cameras.connection_type, cameras.stream_path, cameras.location, cameras.username, cameras.password, cameras.status, cameras.created_at, cameras.updated_at, cameras.enabled 
FROM cameras 
WHERE cameras.id = ?
2025-07-25 17:04:54,161 INFO sqlalchemy.engine.Engine [cached since 295.3s ago] (4,)
Error getting thumbnail for camera 4: 503: Failed to capture frame from camera
2025-07-25 17:04:54,162 INFO sqlalchemy.engine.Engine SELECT cameras.id, cameras.name, cameras.ip_address, cameras.port, cameras.connection_type, cameras.stream_path, cameras.location, cameras.username, cameras.password, cameras.status, cameras.created_at, cameras.updated_at, cameras.enabled 
FROM cameras 
WHERE cameras.id = ?
2025-07-25 17:04:54,162 INFO sqlalchemy.engine.Engine [cached since 298.4s ago] (4,)
2025-07-25 17:04:54,162 INFO sqlalchemy.engine.Engine UPDATE cameras SET updated_at=? WHERE cameras.id = ?
2025-07-25 17:04:54,162 INFO sqlalchemy.engine.Engine [cached since 295.3s ago] ('2025-07-25 22:04:54.162619', 4)
2025-07-25 17:04:54,163 INFO sqlalchemy.engine.Engine COMMIT
2025-07-25 17:04:54,171 INFO sqlalchemy.engine.Engine BEGIN (implicit)
2025-07-25 17:04:54,172 INFO sqlalchemy.engine.Engine SELECT cameras.id, cameras.name, cameras.ip_address, cameras.port, cameras.connection_type, cameras.stream_path, cameras.location, cameras.username, cameras.password, cameras.status, cameras.created_at, cameras.updated_at, cameras.enabled 
FROM cameras 
WHERE cameras.id = ?
2025-07-25 17:04:54,172 INFO sqlalchemy.engine.Engine [cached since 295.3s ago] (4,)
2025-07-25 17:04:54,172 INFO sqlalchemy.engine.Engine ROLLBACK
INFO:     127.0.0.1:59062 - "GET /stream/thumbnail/4?t=1753480795895 HTTP/1.1" 503 Service Unavailable
2025-07-25 17:04:59,090 INFO sqlalchemy.engine.Engine ROLLBACK
INFO:     127.0.0.1:59070 - "GET /stream/thumbnail/3?t=1753480795895 HTTP/1.1" 200 OK
[tcp @ 0x75789c0048c0] Connection to tcp://192.168.1.205:80 failed: No route to host
Failed to open camera stream: http://192.168.1.205:80/mjpeg
2025-07-25 17:05:02,150 INFO sqlalchemy.engine.Engine SELECT cameras.id, cameras.name, cameras.ip_address, cameras.port, cameras.connection_type, cameras.stream_path, cameras.location, cameras.username, cameras.password, cameras.status, cameras.created_at, cameras.updated_at, cameras.enabled 
FROM cameras 
WHERE cameras.id = ?
2025-07-25 17:05:02,151 INFO sqlalchemy.engine.Engine [cached since 306.4s ago] (4,)
2025-07-25 17:05:02,151 INFO sqlalchemy.engine.Engine UPDATE cameras SET updated_at=? WHERE cameras.id = ?
2025-07-25 17:05:02,151 INFO sqlalchemy.engine.Engine [cached since 303.3s ago] ('2025-07-25 22:05:02.151515', 4)
2025-07-25 17:05:02,152 INFO sqlalchemy.engine.Engine COMMIT
2025-07-25 17:05:02,162 INFO sqlalchemy.engine.Engine BEGIN (implicit)
2025-07-25 17:05:02,163 INFO sqlalchemy.engine.Engine SELECT cameras.id, cameras.name, cameras.ip_address, cameras.port, cameras.connection_type, cameras.stream_path, cameras.location, cameras.username, cameras.password, cameras.status, cameras.created_at, cameras.updated_at, cameras.enabled 
FROM cameras 
WHERE cameras.id = ?
2025-07-25 17:05:02,163 INFO sqlalchemy.engine.Engine [cached since 303.3s ago] (4,)
Error getting thumbnail for camera 4: 503: Failed to capture frame from camera
2025-07-25 17:05:02,163 INFO sqlalchemy.engine.Engine SELECT cameras.id, cameras.name, cameras.ip_address, cameras.port, cameras.connection_type, cameras.stream_path, cameras.location, cameras.username, cameras.password, cameras.status, cameras.created_at, cameras.updated_at, cameras.enabled 
FROM cameras 
WHERE cameras.id = ?
2025-07-25 17:05:02,163 INFO sqlalchemy.engine.Engine [cached since 306.4s ago] (4,)
2025-07-25 17:05:02,164 INFO sqlalchemy.engine.Engine UPDATE cameras SET updated_at=? WHERE cameras.id = ?
2025-07-25 17:05:02,164 INFO sqlalchemy.engine.Engine [cached since 303.3s ago] ('2025-07-25 22:05:02.164152', 4)
2025-07-25 17:05:02,164 INFO sqlalchemy.engine.Engine COMMIT
2025-07-25 17:05:02,173 INFO sqlalchemy.engine.Engine BEGIN (implicit)
2025-07-25 17:05:02,173 INFO sqlalchemy.engine.Engine SELECT cameras.id, cameras.name, cameras.ip_address, cameras.port, cameras.connection_type, cameras.stream_path, cameras.location, cameras.username, cameras.password, cameras.status, cameras.created_at, cameras.updated_at, cameras.enabled 
FROM cameras 
WHERE cameras.id = ?
2025-07-25 17:05:02,173 INFO sqlalchemy.engine.Engine [cached since 303.3s ago] (4,)
2025-07-25 17:05:02,174 INFO sqlalchemy.engine.Engine ROLLBACK
INFO:     127.0.0.1:59030 - "GET /stream/thumbnail/4?t=1753480795896 HTTP/1.1" 503 Service Unavailable
2025-07-25 17:05:07,062 INFO sqlalchemy.engine.Engine ROLLBACK
INFO:     127.0.0.1:59042 - "GET /stream/thumbnail/3?t=1753480795896 HTTP/1.1" 200 OK
2025-07-25 17:05:11,061 INFO sqlalchemy.engine.Engine ROLLBACK
INFO:     127.0.0.1:59078 - "GET /stream/thumbnail/3?t=1753480795774 HTTP/1.1" 200 OK
2025-07-25 17:05:12,526 INFO sqlalchemy.engine.Engine BEGIN (implicit)
2025-07-25 17:05:12,526 INFO sqlalchemy.engine.Engine SELECT cameras.id, cameras.name, cameras.ip_address, cameras.port, cameras.connection_type, cameras.stream_path, cameras.location, cameras.username, cameras.password, cameras.status, cameras.created_at, cameras.updated_at, cameras.enabled 
FROM cameras 
WHERE cameras.id = ?
2025-07-25 17:05:12,526 INFO sqlalchemy.engine.Engine [cached since 316.7s ago] (1,)
2025-07-25 17:05:12,526 INFO sqlalchemy.engine.Engine ROLLBACK
INFO:     127.0.0.1:39338 - "GET /api/v1/streams/status/1 HTTP/1.1" 404 Not Found
2025-07-25 17:05:12,531 INFO sqlalchemy.engine.Engine BEGIN (implicit)
2025-07-25 17:05:12,531 INFO sqlalchemy.engine.Engine SELECT cameras.id, cameras.name, cameras.ip_address, cameras.port, cameras.connection_type, cameras.stream_path, cameras.location, cameras.username, cameras.password, cameras.status, cameras.created_at, cameras.updated_at, cameras.enabled 
FROM cameras 
WHERE cameras.id = ?
2025-07-25 17:05:12,531 INFO sqlalchemy.engine.Engine [cached since 316.7s ago] (2,)
2025-07-25 17:05:12,532 INFO sqlalchemy.engine.Engine ROLLBACK
INFO:     127.0.0.1:39338 - "GET /api/v1/streams/status/2 HTTP/1.1" 404 Not Found
2025-07-25 17:05:12,536 INFO sqlalchemy.engine.Engine BEGIN (implicit)
2025-07-25 17:05:12,536 INFO sqlalchemy.engine.Engine SELECT cameras.id, cameras.name, cameras.ip_address, cameras.port, cameras.connection_type, cameras.stream_path, cameras.location, cameras.username, cameras.password, cameras.status, cameras.created_at, cameras.updated_at, cameras.enabled 
FROM cameras 
WHERE cameras.id = ?
2025-07-25 17:05:12,536 INFO sqlalchemy.engine.Engine [cached since 316.8s ago] (3,)
2025-07-25 17:05:12,536 INFO sqlalchemy.engine.Engine ROLLBACK
INFO:     127.0.0.1:39338 - "GET /api/v1/streams/status/3 HTTP/1.1" 200 OK
2025-07-25 17:05:12,541 INFO sqlalchemy.engine.Engine BEGIN (implicit)
2025-07-25 17:05:12,541 INFO sqlalchemy.engine.Engine SELECT cameras.id, cameras.name, cameras.ip_address, cameras.port, cameras.connection_type, cameras.stream_path, cameras.location, cameras.username, cameras.password, cameras.status, cameras.created_at, cameras.updated_at, cameras.enabled 
FROM cameras 
WHERE cameras.id = ?
2025-07-25 17:05:12,541 INFO sqlalchemy.engine.Engine [cached since 316.8s ago] (4,)
2025-07-25 17:05:12,542 INFO sqlalchemy.engine.Engine ROLLBACK
INFO:     127.0.0.1:39338 - "GET /api/v1/streams/status/4 HTTP/1.1" 200 OK
[tcp @ 0x757888004740] Connection to tcp://192.168.1.205:80 failed: No route to host
Failed to open camera stream: http://192.168.1.205:80/mjpeg
2025-07-25 17:05:14,118 INFO sqlalchemy.engine.Engine SELECT cameras.id, cameras.name, cameras.ip_address, cameras.port, cameras.connection_type, cameras.stream_path, cameras.location, cameras.username, cameras.password, cameras.status, cameras.created_at, cameras.updated_at, cameras.enabled 
FROM cameras 
WHERE cameras.id = ?
2025-07-25 17:05:14,119 INFO sqlalchemy.engine.Engine [cached since 318.3s ago] (4,)
2025-07-25 17:05:14,119 INFO sqlalchemy.engine.Engine UPDATE cameras SET updated_at=? WHERE cameras.id = ?
2025-07-25 17:05:14,119 INFO sqlalchemy.engine.Engine [cached since 315.3s ago] ('2025-07-25 22:05:14.119501', 4)
2025-07-25 17:05:14,120 INFO sqlalchemy.engine.Engine COMMIT
2025-07-25 17:05:14,130 INFO sqlalchemy.engine.Engine BEGIN (implicit)
2025-07-25 17:05:14,131 INFO sqlalchemy.engine.Engine SELECT cameras.id, cameras.name, cameras.ip_address, cameras.port, cameras.connection_type, cameras.stream_path, cameras.location, cameras.username, cameras.password, cameras.status, cameras.created_at, cameras.updated_at, cameras.enabled 
FROM cameras 
WHERE cameras.id = ?
2025-07-25 17:05:14,131 INFO sqlalchemy.engine.Engine [cached since 315.3s ago] (4,)
Error getting thumbnail for camera 4: 503: Failed to capture frame from camera
2025-07-25 17:05:14,131 INFO sqlalchemy.engine.Engine SELECT cameras.id, cameras.name, cameras.ip_address, cameras.port, cameras.connection_type, cameras.stream_path, cameras.location, cameras.username, cameras.password, cameras.status, cameras.created_at, cameras.updated_at, cameras.enabled 
FROM cameras 
WHERE cameras.id = ?
2025-07-25 17:05:14,131 INFO sqlalchemy.engine.Engine [cached since 318.3s ago] (4,)
2025-07-25 17:05:14,132 INFO sqlalchemy.engine.Engine UPDATE cameras SET updated_at=? WHERE cameras.id = ?
2025-07-25 17:05:14,132 INFO sqlalchemy.engine.Engine [cached since 315.3s ago] ('2025-07-25 22:05:14.132164', 4)
2025-07-25 17:05:14,132 INFO sqlalchemy.engine.Engine COMMIT
2025-07-25 17:05:14,141 INFO sqlalchemy.engine.Engine BEGIN (implicit)
2025-07-25 17:05:14,141 INFO sqlalchemy.engine.Engine SELECT cameras.id, cameras.name, cameras.ip_address, cameras.port, cameras.connection_type, cameras.stream_path, cameras.location, cameras.username, cameras.password, cameras.status, cameras.created_at, cameras.updated_at, cameras.enabled 
FROM cameras 
WHERE cameras.id = ?
2025-07-25 17:05:14,141 INFO sqlalchemy.engine.Engine [cached since 315.3s ago] (4,)
2025-07-25 17:05:14,142 INFO sqlalchemy.engine.Engine ROLLBACK
INFO:     127.0.0.1:59054 - "GET /stream/thumbnail/4?t=1753480795773 HTTP/1.1" 503 Service Unavailable
2025-07-25 17:05:16,277 INFO sqlalchemy.engine.Engine BEGIN (implicit)
2025-07-25 17:05:16,277 INFO sqlalchemy.engine.Engine SELECT cameras.id, cameras.name, cameras.ip_address, cameras.port, cameras.connection_type, cameras.stream_path, cameras.location, cameras.username, cameras.password, cameras.status, cameras.created_at, cameras.updated_at, cameras.enabled 
FROM cameras 
WHERE cameras.id = ?
2025-07-25 17:05:16,277 INFO sqlalchemy.engine.Engine [cached since 320.5s ago] (1,)
2025-07-25 17:05:16,278 INFO sqlalchemy.engine.Engine ROLLBACK
INFO:     127.0.0.1:39338 - "GET /api/v1/streams/status/1 HTTP/1.1" 404 Not Found
2025-07-25 17:05:16,283 INFO sqlalchemy.engine.Engine BEGIN (implicit)
2025-07-25 17:05:16,283 INFO sqlalchemy.engine.Engine SELECT cameras.id, cameras.name, cameras.ip_address, cameras.port, cameras.connection_type, cameras.stream_path, cameras.location, cameras.username, cameras.password, cameras.status, cameras.created_at, cameras.updated_at, cameras.enabled 
FROM cameras 
WHERE cameras.id = ?
2025-07-25 17:05:16,283 INFO sqlalchemy.engine.Engine [cached since 320.5s ago] (2,)
2025-07-25 17:05:16,283 INFO sqlalchemy.engine.Engine ROLLBACK
INFO:     127.0.0.1:39338 - "GET /api/v1/streams/status/2 HTTP/1.1" 404 Not Found
2025-07-25 17:05:16,288 INFO sqlalchemy.engine.Engine BEGIN (implicit)
2025-07-25 17:05:16,288 INFO sqlalchemy.engine.Engine SELECT cameras.id, cameras.name, cameras.ip_address, cameras.port, cameras.connection_type, cameras.stream_path, cameras.location, cameras.username, cameras.password, cameras.status, cameras.created_at, cameras.updated_at, cameras.enabled 
FROM cameras 
WHERE cameras.id = ?
2025-07-25 17:05:16,288 INFO sqlalchemy.engine.Engine [cached since 320.5s ago] (3,)
2025-07-25 17:05:16,289 INFO sqlalchemy.engine.Engine ROLLBACK
INFO:     127.0.0.1:39338 - "GET /api/v1/streams/status/3 HTTP/1.1" 200 OK
2025-07-25 17:05:16,294 INFO sqlalchemy.engine.Engine BEGIN (implicit)
2025-07-25 17:05:16,294 INFO sqlalchemy.engine.Engine SELECT cameras.id, cameras.name, cameras.ip_address, cameras.port, cameras.connection_type, cameras.stream_path, cameras.location, cameras.username, cameras.password, cameras.status, cameras.created_at, cameras.updated_at, cameras.enabled 
FROM cameras 
WHERE cameras.id = ?
2025-07-25 17:05:16,294 INFO sqlalchemy.engine.Engine [cached since 320.5s ago] (4,)
2025-07-25 17:05:16,295 INFO sqlalchemy.engine.Engine ROLLBACK
INFO:     127.0.0.1:39338 - "GET /api/v1/streams/status/4 HTTP/1.1" 200 OK
2025-07-25 17:05:42,536 INFO sqlalchemy.engine.Engine BEGIN (implicit)
2025-07-25 17:05:42,537 INFO sqlalchemy.engine.Engine SELECT cameras.id, cameras.name, cameras.ip_address, cameras.port, cameras.connection_type, cameras.stream_path, cameras.location, cameras.username, cameras.password, cameras.status, cameras.created_at, cameras.updated_at, cameras.enabled 
FROM cameras 
WHERE cameras.id = ?
2025-07-25 17:05:42,537 INFO sqlalchemy.engine.Engine [cached since 346.8s ago] (1,)
2025-07-25 17:05:42,537 INFO sqlalchemy.engine.Engine ROLLBACK
INFO:     127.0.0.1:50562 - "GET /api/v1/streams/status/1 HTTP/1.1" 404 Not Found
2025-07-25 17:05:42,542 INFO sqlalchemy.engine.Engine BEGIN (implicit)
2025-07-25 17:05:42,542 INFO sqlalchemy.engine.Engine SELECT cameras.id, cameras.name, cameras.ip_address, cameras.port, cameras.connection_type, cameras.stream_path, cameras.location, cameras.username, cameras.password, cameras.status, cameras.created_at, cameras.updated_at, cameras.enabled 
FROM cameras 
WHERE cameras.id = ?
2025-07-25 17:05:42,542 INFO sqlalchemy.engine.Engine [cached since 346.8s ago] (2,)
2025-07-25 17:05:42,542 INFO sqlalchemy.engine.Engine ROLLBACK
INFO:     127.0.0.1:50562 - "GET /api/v1/streams/status/2 HTTP/1.1" 404 Not Found
2025-07-25 17:05:42,547 INFO sqlalchemy.engine.Engine BEGIN (implicit)
2025-07-25 17:05:42,547 INFO sqlalchemy.engine.Engine SELECT cameras.id, cameras.name, cameras.ip_address, cameras.port, cameras.connection_type, cameras.stream_path, cameras.location, cameras.username, cameras.password, cameras.status, cameras.created_at, cameras.updated_at, cameras.enabled 
FROM cameras 
WHERE cameras.id = ?
2025-07-25 17:05:42,547 INFO sqlalchemy.engine.Engine [cached since 346.8s ago] (3,)
2025-07-25 17:05:42,548 INFO sqlalchemy.engine.Engine ROLLBACK
INFO:     127.0.0.1:50562 - "GET /api/v1/streams/status/3 HTTP/1.1" 200 OK
2025-07-25 17:05:42,552 INFO sqlalchemy.engine.Engine BEGIN (implicit)
2025-07-25 17:05:42,552 INFO sqlalchemy.engine.Engine SELECT cameras.id, cameras.name, cameras.ip_address, cameras.port, cameras.connection_type, cameras.stream_path, cameras.location, cameras.username, cameras.password, cameras.status, cameras.created_at, cameras.updated_at, cameras.enabled 
FROM cameras 
WHERE cameras.id = ?
2025-07-25 17:05:42,552 INFO sqlalchemy.engine.Engine [cached since 346.8s ago] (4,)
2025-07-25 17:05:42,552 INFO sqlalchemy.engine.Engine ROLLBACK
INFO:     127.0.0.1:50562 - "GET /api/v1/streams/status/4 HTTP/1.1" 200 OK
2025-07-25 17:05:46,518 INFO sqlalchemy.engine.Engine BEGIN (implicit)
2025-07-25 17:05:46,518 INFO sqlalchemy.engine.Engine SELECT cameras.id, cameras.name, cameras.ip_address, cameras.port, cameras.connection_type, cameras.stream_path, cameras.location, cameras.username, cameras.password, cameras.status, cameras.created_at, cameras.updated_at, cameras.enabled 
FROM cameras 
WHERE cameras.id = ?
2025-07-25 17:05:46,518 INFO sqlalchemy.engine.Engine [cached since 350.7s ago] (1,)
2025-07-25 17:05:46,519 INFO sqlalchemy.engine.Engine ROLLBACK
INFO:     127.0.0.1:50562 - "GET /api/v1/streams/status/1 HTTP/1.1" 404 Not Found
2025-07-25 17:05:46,523 INFO sqlalchemy.engine.Engine BEGIN (implicit)
2025-07-25 17:05:46,523 INFO sqlalchemy.engine.Engine SELECT cameras.id, cameras.name, cameras.ip_address, cameras.port, cameras.connection_type, cameras.stream_path, cameras.location, cameras.username, cameras.password, cameras.status, cameras.created_at, cameras.updated_at, cameras.enabled 
FROM cameras 
WHERE cameras.id = ?
2025-07-25 17:05:46,524 INFO sqlalchemy.engine.Engine [cached since 350.7s ago] (2,)
2025-07-25 17:05:46,524 INFO sqlalchemy.engine.Engine ROLLBACK
INFO:     127.0.0.1:50562 - "GET /api/v1/streams/status/2 HTTP/1.1" 404 Not Found
2025-07-25 17:05:46,528 INFO sqlalchemy.engine.Engine BEGIN (implicit)
2025-07-25 17:05:46,528 INFO sqlalchemy.engine.Engine SELECT cameras.id, cameras.name, cameras.ip_address, cameras.port, cameras.connection_type, cameras.stream_path, cameras.location, cameras.username, cameras.password, cameras.status, cameras.created_at, cameras.updated_at, cameras.enabled 
FROM cameras 
WHERE cameras.id = ?
2025-07-25 17:05:46,528 INFO sqlalchemy.engine.Engine [cached since 350.7s ago] (3,)
2025-07-25 17:05:46,529 INFO sqlalchemy.engine.Engine ROLLBACK
INFO:     127.0.0.1:50562 - "GET /api/v1/streams/status/3 HTTP/1.1" 200 OK
2025-07-25 17:05:46,534 INFO sqlalchemy.engine.Engine BEGIN (implicit)
2025-07-25 17:05:46,534 INFO sqlalchemy.engine.Engine SELECT cameras.id, cameras.name, cameras.ip_address, cameras.port, cameras.connection_type, cameras.stream_path, cameras.location, cameras.username, cameras.password, cameras.status, cameras.created_at, cameras.updated_at, cameras.enabled 
FROM cameras 
WHERE cameras.id = ?
2025-07-25 17:05:46,535 INFO sqlalchemy.engine.Engine [cached since 350.8s ago] (4,)
2025-07-25 17:05:46,535 INFO sqlalchemy.engine.Engine ROLLBACK
INFO:     127.0.0.1:50562 - "GET /api/v1/streams/status/4 HTTP/1.1" 200 OK
2025-07-25 17:06:12,542 INFO sqlalchemy.engine.Engine BEGIN (implicit)
2025-07-25 17:06:12,542 INFO sqlalchemy.engine.Engine SELECT cameras.id, cameras.name, cameras.ip_address, cameras.port, cameras.connection_type, cameras.stream_path, cameras.location, cameras.username, cameras.password, cameras.status, cameras.created_at, cameras.updated_at, cameras.enabled 
FROM cameras 
WHERE cameras.id = ?
2025-07-25 17:06:12,543 INFO sqlalchemy.engine.Engine [cached since 376.8s ago] (1,)
2025-07-25 17:06:12,543 INFO sqlalchemy.engine.Engine ROLLBACK
INFO:     127.0.0.1:45158 - "GET /api/v1/streams/status/1 HTTP/1.1" 404 Not Found
2025-07-25 17:06:12,548 INFO sqlalchemy.engine.Engine BEGIN (implicit)
2025-07-25 17:06:12,548 INFO sqlalchemy.engine.Engine SELECT cameras.id, cameras.name, cameras.ip_address, cameras.port, cameras.connection_type, cameras.stream_path, cameras.location, cameras.username, cameras.password, cameras.status, cameras.created_at, cameras.updated_at, cameras.enabled 
FROM cameras 
WHERE cameras.id = ?
2025-07-25 17:06:12,548 INFO sqlalchemy.engine.Engine [cached since 376.8s ago] (2,)
2025-07-25 17:06:12,548 INFO sqlalchemy.engine.Engine ROLLBACK
INFO:     127.0.0.1:45158 - "GET /api/v1/streams/status/2 HTTP/1.1" 404 Not Found
2025-07-25 17:06:12,552 INFO sqlalchemy.engine.Engine BEGIN (implicit)
2025-07-25 17:06:12,552 INFO sqlalchemy.engine.Engine SELECT cameras.id, cameras.name, cameras.ip_address, cameras.port, cameras.connection_type, cameras.stream_path, cameras.location, cameras.username, cameras.password, cameras.status, cameras.created_at, cameras.updated_at, cameras.enabled 
FROM cameras 
WHERE cameras.id = ?
2025-07-25 17:06:12,552 INFO sqlalchemy.engine.Engine [cached since 376.8s ago] (3,)
2025-07-25 17:06:12,553 INFO sqlalchemy.engine.Engine ROLLBACK
INFO:     127.0.0.1:45158 - "GET /api/v1/streams/status/3 HTTP/1.1" 200 OK
2025-07-25 17:06:12,558 INFO sqlalchemy.engine.Engine BEGIN (implicit)
2025-07-25 17:06:12,558 INFO sqlalchemy.engine.Engine SELECT cameras.id, cameras.name, cameras.ip_address, cameras.port, cameras.connection_type, cameras.stream_path, cameras.location, cameras.username, cameras.password, cameras.status, cameras.created_at, cameras.updated_at, cameras.enabled 
FROM cameras 
WHERE cameras.id = ?
2025-07-25 17:06:12,558 INFO sqlalchemy.engine.Engine [cached since 376.8s ago] (4,)
2025-07-25 17:06:12,559 INFO sqlalchemy.engine.Engine ROLLBACK
INFO:     127.0.0.1:45158 - "GET /api/v1/streams/status/4 HTTP/1.1" 200 OK
2025-07-25 17:06:16,718 INFO sqlalchemy.engine.Engine BEGIN (implicit)
2025-07-25 17:06:16,718 INFO sqlalchemy.engine.Engine SELECT cameras.id, cameras.name, cameras.ip_address, cameras.port, cameras.connection_type, cameras.stream_path, cameras.location, cameras.username, cameras.password, cameras.status, cameras.created_at, cameras.updated_at, cameras.enabled 
FROM cameras 
WHERE cameras.id = ?
2025-07-25 17:06:16,718 INFO sqlalchemy.engine.Engine [cached since 380.9s ago] (1,)
2025-07-25 17:06:16,719 INFO sqlalchemy.engine.Engine ROLLBACK
INFO:     127.0.0.1:45158 - "GET /api/v1/streams/status/1 HTTP/1.1" 404 Not Found
2025-07-25 17:06:16,724 INFO sqlalchemy.engine.Engine BEGIN (implicit)
2025-07-25 17:06:16,724 INFO sqlalchemy.engine.Engine SELECT cameras.id, cameras.name, cameras.ip_address, cameras.port, cameras.connection_type, cameras.stream_path, cameras.location, cameras.username, cameras.password, cameras.status, cameras.created_at, cameras.updated_at, cameras.enabled 
FROM cameras 
WHERE cameras.id = ?
2025-07-25 17:06:16,724 INFO sqlalchemy.engine.Engine [cached since 380.9s ago] (2,)
2025-07-25 17:06:16,725 INFO sqlalchemy.engine.Engine ROLLBACK
INFO:     127.0.0.1:45158 - "GET /api/v1/streams/status/2 HTTP/1.1" 404 Not Found
2025-07-25 17:06:16,729 INFO sqlalchemy.engine.Engine BEGIN (implicit)
2025-07-25 17:06:16,729 INFO sqlalchemy.engine.Engine SELECT cameras.id, cameras.name, cameras.ip_address, cameras.port, cameras.connection_type, cameras.stream_path, cameras.location, cameras.username, cameras.password, cameras.status, cameras.created_at, cameras.updated_at, cameras.enabled 
FROM cameras 
WHERE cameras.id = ?
2025-07-25 17:06:16,729 INFO sqlalchemy.engine.Engine [cached since 380.9s ago] (3,)
2025-07-25 17:06:16,730 INFO sqlalchemy.engine.Engine ROLLBACK
INFO:     127.0.0.1:45158 - "GET /api/v1/streams/status/3 HTTP/1.1" 200 OK
2025-07-25 17:06:16,734 INFO sqlalchemy.engine.Engine BEGIN (implicit)
2025-07-25 17:06:16,734 INFO sqlalchemy.engine.Engine SELECT cameras.id, cameras.name, cameras.ip_address, cameras.port, cameras.connection_type, cameras.stream_path, cameras.location, cameras.username, cameras.password, cameras.status, cameras.created_at, cameras.updated_at, cameras.enabled 
FROM cameras 
WHERE cameras.id = ?
2025-07-25 17:06:16,734 INFO sqlalchemy.engine.Engine [cached since 381s ago] (4,)
2025-07-25 17:06:16,735 INFO sqlalchemy.engine.Engine ROLLBACK
INFO:     127.0.0.1:45158 - "GET /api/v1/streams/status/4 HTTP/1.1" 200 OK
2025-07-25 17:06:42,550 INFO sqlalchemy.engine.Engine BEGIN (implicit)
2025-07-25 17:06:42,550 INFO sqlalchemy.engine.Engine SELECT cameras.id, cameras.name, cameras.ip_address, cameras.port, cameras.connection_type, cameras.stream_path, cameras.location, cameras.username, cameras.password, cameras.status, cameras.created_at, cameras.updated_at, cameras.enabled 
FROM cameras 
WHERE cameras.id = ?
2025-07-25 17:06:42,550 INFO sqlalchemy.engine.Engine [cached since 406.8s ago] (1,)
2025-07-25 17:06:42,550 INFO sqlalchemy.engine.Engine ROLLBACK
INFO:     127.0.0.1:42200 - "GET /api/v1/streams/status/1 HTTP/1.1" 404 Not Found
2025-07-25 17:06:42,555 INFO sqlalchemy.engine.Engine BEGIN (implicit)
2025-07-25 17:06:42,555 INFO sqlalchemy.engine.Engine SELECT cameras.id, cameras.name, cameras.ip_address, cameras.port, cameras.connection_type, cameras.stream_path, cameras.location, cameras.username, cameras.password, cameras.status, cameras.created_at, cameras.updated_at, cameras.enabled 
FROM cameras 
WHERE cameras.id = ?
2025-07-25 17:06:42,555 INFO sqlalchemy.engine.Engine [cached since 406.8s ago] (2,)
2025-07-25 17:06:42,556 INFO sqlalchemy.engine.Engine ROLLBACK
INFO:     127.0.0.1:42200 - "GET /api/v1/streams/status/2 HTTP/1.1" 404 Not Found
2025-07-25 17:06:42,560 INFO sqlalchemy.engine.Engine BEGIN (implicit)
2025-07-25 17:06:42,561 INFO sqlalchemy.engine.Engine SELECT cameras.id, cameras.name, cameras.ip_address, cameras.port, cameras.connection_type, cameras.stream_path, cameras.location, cameras.username, cameras.password, cameras.status, cameras.created_at, cameras.updated_at, cameras.enabled 
FROM cameras 
WHERE cameras.id = ?
2025-07-25 17:06:42,561 INFO sqlalchemy.engine.Engine [cached since 406.8s ago] (3,)
2025-07-25 17:06:42,561 INFO sqlalchemy.engine.Engine ROLLBACK
INFO:     127.0.0.1:42200 - "GET /api/v1/streams/status/3 HTTP/1.1" 200 OK
2025-07-25 17:06:42,565 INFO sqlalchemy.engine.Engine BEGIN (implicit)
2025-07-25 17:06:42,565 INFO sqlalchemy.engine.Engine SELECT cameras.id, cameras.name, cameras.ip_address, cameras.port, cameras.connection_type, cameras.stream_path, cameras.location, cameras.username, cameras.password, cameras.status, cameras.created_at, cameras.updated_at, cameras.enabled 
FROM cameras 
WHERE cameras.id = ?
2025-07-25 17:06:42,565 INFO sqlalchemy.engine.Engine [cached since 406.8s ago] (4,)
2025-07-25 17:06:42,566 INFO sqlalchemy.engine.Engine ROLLBACK
INFO:     127.0.0.1:42200 - "GET /api/v1/streams/status/4 HTTP/1.1" 200 OK
2025-07-25 17:06:46,983 INFO sqlalchemy.engine.Engine BEGIN (implicit)
2025-07-25 17:06:46,984 INFO sqlalchemy.engine.Engine SELECT cameras.id, cameras.name, cameras.ip_address, cameras.port, cameras.connection_type, cameras.stream_path, cameras.location, cameras.username, cameras.password, cameras.status, cameras.created_at, cameras.updated_at, cameras.enabled 
FROM cameras 
WHERE cameras.id = ?
2025-07-25 17:06:46,984 INFO sqlalchemy.engine.Engine [cached since 411.2s ago] (1,)
2025-07-25 17:06:46,984 INFO sqlalchemy.engine.Engine ROLLBACK
INFO:     127.0.0.1:42200 - "GET /api/v1/streams/status/1 HTTP/1.1" 404 Not Found
2025-07-25 17:06:46,989 INFO sqlalchemy.engine.Engine BEGIN (implicit)
2025-07-25 17:06:46,989 INFO sqlalchemy.engine.Engine SELECT cameras.id, cameras.name, cameras.ip_address, cameras.port, cameras.connection_type, cameras.stream_path, cameras.location, cameras.username, cameras.password, cameras.status, cameras.created_at, cameras.updated_at, cameras.enabled 
FROM cameras 
WHERE cameras.id = ?
2025-07-25 17:06:46,989 INFO sqlalchemy.engine.Engine [cached since 411.2s ago] (2,)
2025-07-25 17:06:46,990 INFO sqlalchemy.engine.Engine ROLLBACK
INFO:     127.0.0.1:42200 - "GET /api/v1/streams/status/2 HTTP/1.1" 404 Not Found
2025-07-25 17:06:46,994 INFO sqlalchemy.engine.Engine BEGIN (implicit)
2025-07-25 17:06:46,994 INFO sqlalchemy.engine.Engine SELECT cameras.id, cameras.name, cameras.ip_address, cameras.port, cameras.connection_type, cameras.stream_path, cameras.location, cameras.username, cameras.password, cameras.status, cameras.created_at, cameras.updated_at, cameras.enabled 
FROM cameras 
WHERE cameras.id = ?
2025-07-25 17:06:46,994 INFO sqlalchemy.engine.Engine [cached since 411.2s ago] (3,)
2025-07-25 17:06:46,994 INFO sqlalchemy.engine.Engine ROLLBACK
INFO:     127.0.0.1:42200 - "GET /api/v1/streams/status/3 HTTP/1.1" 200 OK
2025-07-25 17:06:46,999 INFO sqlalchemy.engine.Engine BEGIN (implicit)
2025-07-25 17:06:46,999 INFO sqlalchemy.engine.Engine SELECT cameras.id, cameras.name, cameras.ip_address, cameras.port, cameras.connection_type, cameras.stream_path, cameras.location, cameras.username, cameras.password, cameras.status, cameras.created_at, cameras.updated_at, cameras.enabled 
FROM cameras 
WHERE cameras.id = ?
2025-07-25 17:06:46,999 INFO sqlalchemy.engine.Engine [cached since 411.2s ago] (4,)
2025-07-25 17:06:47,000 INFO sqlalchemy.engine.Engine ROLLBACK
INFO:     127.0.0.1:42200 - "GET /api/v1/streams/status/4 HTTP/1.1" 200 OK
2025-07-25 17:07:12,557 INFO sqlalchemy.engine.Engine BEGIN (implicit)
2025-07-25 17:07:12,557 INFO sqlalchemy.engine.Engine SELECT cameras.id, cameras.name, cameras.ip_address, cameras.port, cameras.connection_type, cameras.stream_path, cameras.location, cameras.username, cameras.password, cameras.status, cameras.created_at, cameras.updated_at, cameras.enabled 
FROM cameras 
WHERE cameras.id = ?
2025-07-25 17:07:12,557 INFO sqlalchemy.engine.Engine [cached since 436.8s ago] (1,)
2025-07-25 17:07:12,558 INFO sqlalchemy.engine.Engine ROLLBACK
INFO:     127.0.0.1:54912 - "GET /api/v1/streams/status/1 HTTP/1.1" 404 Not Found
2025-07-25 17:07:12,562 INFO sqlalchemy.engine.Engine BEGIN (implicit)
2025-07-25 17:07:12,562 INFO sqlalchemy.engine.Engine SELECT cameras.id, cameras.name, cameras.ip_address, cameras.port, cameras.connection_type, cameras.stream_path, cameras.location, cameras.username, cameras.password, cameras.status, cameras.created_at, cameras.updated_at, cameras.enabled 
FROM cameras 
WHERE cameras.id = ?
2025-07-25 17:07:12,563 INFO sqlalchemy.engine.Engine [cached since 436.8s ago] (2,)
2025-07-25 17:07:12,563 INFO sqlalchemy.engine.Engine ROLLBACK
INFO:     127.0.0.1:54912 - "GET /api/v1/streams/status/2 HTTP/1.1" 404 Not Found
2025-07-25 17:07:12,567 INFO sqlalchemy.engine.Engine BEGIN (implicit)
2025-07-25 17:07:12,567 INFO sqlalchemy.engine.Engine SELECT cameras.id, cameras.name, cameras.ip_address, cameras.port, cameras.connection_type, cameras.stream_path, cameras.location, cameras.username, cameras.password, cameras.status, cameras.created_at, cameras.updated_at, cameras.enabled 
FROM cameras 
WHERE cameras.id = ?
2025-07-25 17:07:12,567 INFO sqlalchemy.engine.Engine [cached since 436.8s ago] (3,)
2025-07-25 17:07:12,568 INFO sqlalchemy.engine.Engine ROLLBACK
INFO:     127.0.0.1:54912 - "GET /api/v1/streams/status/3 HTTP/1.1" 200 OK
2025-07-25 17:07:12,572 INFO sqlalchemy.engine.Engine BEGIN (implicit)
2025-07-25 17:07:12,572 INFO sqlalchemy.engine.Engine SELECT cameras.id, cameras.name, cameras.ip_address, cameras.port, cameras.connection_type, cameras.stream_path, cameras.location, cameras.username, cameras.password, cameras.status, cameras.created_at, cameras.updated_at, cameras.enabled 
FROM cameras 
WHERE cameras.id = ?
2025-07-25 17:07:12,572 INFO sqlalchemy.engine.Engine [cached since 436.8s ago] (4,)
2025-07-25 17:07:12,573 INFO sqlalchemy.engine.Engine ROLLBACK
INFO:     127.0.0.1:54912 - "GET /api/v1/streams/status/4 HTTP/1.1" 200 OK
2025-07-25 17:07:17,190 INFO sqlalchemy.engine.Engine BEGIN (implicit)
2025-07-25 17:07:17,190 INFO sqlalchemy.engine.Engine SELECT cameras.id, cameras.name, cameras.ip_address, cameras.port, cameras.connection_type, cameras.stream_path, cameras.location, cameras.username, cameras.password, cameras.status, cameras.created_at, cameras.updated_at, cameras.enabled 
FROM cameras 
WHERE cameras.id = ?
2025-07-25 17:07:17,190 INFO sqlalchemy.engine.Engine [cached since 441.4s ago] (1,)
2025-07-25 17:07:17,191 INFO sqlalchemy.engine.Engine ROLLBACK
INFO:     127.0.0.1:54912 - "GET /api/v1/streams/status/1 HTTP/1.1" 404 Not Found
2025-07-25 17:07:17,196 INFO sqlalchemy.engine.Engine BEGIN (implicit)
2025-07-25 17:07:17,196 INFO sqlalchemy.engine.Engine SELECT cameras.id, cameras.name, cameras.ip_address, cameras.port, cameras.connection_type, cameras.stream_path, cameras.location, cameras.username, cameras.password, cameras.status, cameras.created_at, cameras.updated_at, cameras.enabled 
FROM cameras 
WHERE cameras.id = ?
2025-07-25 17:07:17,196 INFO sqlalchemy.engine.Engine [cached since 441.4s ago] (2,)
2025-07-25 17:07:17,197 INFO sqlalchemy.engine.Engine ROLLBACK
INFO:     127.0.0.1:54912 - "GET /api/v1/streams/status/2 HTTP/1.1" 404 Not Found
2025-07-25 17:07:17,201 INFO sqlalchemy.engine.Engine BEGIN (implicit)
2025-07-25 17:07:17,201 INFO sqlalchemy.engine.Engine SELECT cameras.id, cameras.name, cameras.ip_address, cameras.port, cameras.connection_type, cameras.stream_path, cameras.location, cameras.username, cameras.password, cameras.status, cameras.created_at, cameras.updated_at, cameras.enabled 
FROM cameras 
WHERE cameras.id = ?
2025-07-25 17:07:17,201 INFO sqlalchemy.engine.Engine [cached since 441.4s ago] (3,)
2025-07-25 17:07:17,201 INFO sqlalchemy.engine.Engine ROLLBACK
INFO:     127.0.0.1:54912 - "GET /api/v1/streams/status/3 HTTP/1.1" 200 OK
2025-07-25 17:07:17,206 INFO sqlalchemy.engine.Engine BEGIN (implicit)
2025-07-25 17:07:17,206 INFO sqlalchemy.engine.Engine SELECT cameras.id, cameras.name, cameras.ip_address, cameras.port, cameras.connection_type, cameras.stream_path, cameras.location, cameras.username, cameras.password, cameras.status, cameras.created_at, cameras.updated_at, cameras.enabled 
FROM cameras 
WHERE cameras.id = ?
2025-07-25 17:07:17,206 INFO sqlalchemy.engine.Engine [cached since 441.4s ago] (4,)
2025-07-25 17:07:17,207 INFO sqlalchemy.engine.Engine ROLLBACK
INFO:     127.0.0.1:54912 - "GET /api/v1/streams/status/4 HTTP/1.1" 200 OK
2025-07-25 17:07:42,564 INFO sqlalchemy.engine.Engine BEGIN (implicit)
2025-07-25 17:07:42,564 INFO sqlalchemy.engine.Engine SELECT cameras.id, cameras.name, cameras.ip_address, cameras.port, cameras.connection_type, cameras.stream_path, cameras.location, cameras.username, cameras.password, cameras.status, cameras.created_at, cameras.updated_at, cameras.enabled 
FROM cameras 
WHERE cameras.id = ?
2025-07-25 17:07:42,564 INFO sqlalchemy.engine.Engine [cached since 466.8s ago] (1,)
2025-07-25 17:07:42,564 INFO sqlalchemy.engine.Engine ROLLBACK
INFO:     127.0.0.1:40586 - "GET /api/v1/streams/status/1 HTTP/1.1" 404 Not Found
2025-07-25 17:07:42,569 INFO sqlalchemy.engine.Engine BEGIN (implicit)
2025-07-25 17:07:42,569 INFO sqlalchemy.engine.Engine SELECT cameras.id, cameras.name, cameras.ip_address, cameras.port, cameras.connection_type, cameras.stream_path, cameras.location, cameras.username, cameras.password, cameras.status, cameras.created_at, cameras.updated_at, cameras.enabled 
FROM cameras 
WHERE cameras.id = ?
2025-07-25 17:07:42,569 INFO sqlalchemy.engine.Engine [cached since 466.8s ago] (2,)
2025-07-25 17:07:42,569 INFO sqlalchemy.engine.Engine ROLLBACK
INFO:     127.0.0.1:40586 - "GET /api/v1/streams/status/2 HTTP/1.1" 404 Not Found
2025-07-25 17:07:42,573 INFO sqlalchemy.engine.Engine BEGIN (implicit)
2025-07-25 17:07:42,573 INFO sqlalchemy.engine.Engine SELECT cameras.id, cameras.name, cameras.ip_address, cameras.port, cameras.connection_type, cameras.stream_path, cameras.location, cameras.username, cameras.password, cameras.status, cameras.created_at, cameras.updated_at, cameras.enabled 
FROM cameras 
WHERE cameras.id = ?
2025-07-25 17:07:42,573 INFO sqlalchemy.engine.Engine [cached since 466.8s ago] (3,)
2025-07-25 17:07:42,574 INFO sqlalchemy.engine.Engine ROLLBACK
INFO:     127.0.0.1:40586 - "GET /api/v1/streams/status/3 HTTP/1.1" 200 OK
2025-07-25 17:07:42,579 INFO sqlalchemy.engine.Engine BEGIN (implicit)
2025-07-25 17:07:42,579 INFO sqlalchemy.engine.Engine SELECT cameras.id, cameras.name, cameras.ip_address, cameras.port, cameras.connection_type, cameras.stream_path, cameras.location, cameras.username, cameras.password, cameras.status, cameras.created_at, cameras.updated_at, cameras.enabled 
FROM cameras 
WHERE cameras.id = ?
2025-07-25 17:07:42,579 INFO sqlalchemy.engine.Engine [cached since 466.8s ago] (4,)
2025-07-25 17:07:42,580 INFO sqlalchemy.engine.Engine ROLLBACK
INFO:     127.0.0.1:40586 - "GET /api/v1/streams/status/4 HTTP/1.1" 200 OK
2025-07-25 17:07:47,500 INFO sqlalchemy.engine.Engine BEGIN (implicit)
2025-07-25 17:07:47,500 INFO sqlalchemy.engine.Engine SELECT cameras.id, cameras.name, cameras.ip_address, cameras.port, cameras.connection_type, cameras.stream_path, cameras.location, cameras.username, cameras.password, cameras.status, cameras.created_at, cameras.updated_at, cameras.enabled 
FROM cameras 
WHERE cameras.id = ?
2025-07-25 17:07:47,500 INFO sqlalchemy.engine.Engine [cached since 471.7s ago] (1,)
2025-07-25 17:07:47,501 INFO sqlalchemy.engine.Engine ROLLBACK
INFO:     127.0.0.1:40586 - "GET /api/v1/streams/status/1 HTTP/1.1" 404 Not Found
2025-07-25 17:07:47,506 INFO sqlalchemy.engine.Engine BEGIN (implicit)
2025-07-25 17:07:47,506 INFO sqlalchemy.engine.Engine SELECT cameras.id, cameras.name, cameras.ip_address, cameras.port, cameras.connection_type, cameras.stream_path, cameras.location, cameras.username, cameras.password, cameras.status, cameras.created_at, cameras.updated_at, cameras.enabled 
FROM cameras 
WHERE cameras.id = ?
2025-07-25 17:07:47,506 INFO sqlalchemy.engine.Engine [cached since 471.7s ago] (2,)
2025-07-25 17:07:47,507 INFO sqlalchemy.engine.Engine ROLLBACK
INFO:     127.0.0.1:40586 - "GET /api/v1/streams/status/2 HTTP/1.1" 404 Not Found
2025-07-25 17:07:47,511 INFO sqlalchemy.engine.Engine BEGIN (implicit)
2025-07-25 17:07:47,511 INFO sqlalchemy.engine.Engine SELECT cameras.id, cameras.name, cameras.ip_address, cameras.port, cameras.connection_type, cameras.stream_path, cameras.location, cameras.username, cameras.password, cameras.status, cameras.created_at, cameras.updated_at, cameras.enabled 
FROM cameras 
WHERE cameras.id = ?
2025-07-25 17:07:47,511 INFO sqlalchemy.engine.Engine [cached since 471.7s ago] (3,)
2025-07-25 17:07:47,512 INFO sqlalchemy.engine.Engine ROLLBACK
INFO:     127.0.0.1:40586 - "GET /api/v1/streams/status/3 HTTP/1.1" 200 OK
2025-07-25 17:07:47,517 INFO sqlalchemy.engine.Engine BEGIN (implicit)
2025-07-25 17:07:47,517 INFO sqlalchemy.engine.Engine SELECT cameras.id, cameras.name, cameras.ip_address, cameras.port, cameras.connection_type, cameras.stream_path, cameras.location, cameras.username, cameras.password, cameras.status, cameras.created_at, cameras.updated_at, cameras.enabled 
FROM cameras 
WHERE cameras.id = ?
2025-07-25 17:07:47,517 INFO sqlalchemy.engine.Engine [cached since 471.7s ago] (4,)
2025-07-25 17:07:47,517 INFO sqlalchemy.engine.Engine ROLLBACK
INFO:     127.0.0.1:40586 - "GET /api/v1/streams/status/4 HTTP/1.1" 200 OK
2025-07-25 17:08:12,568 INFO sqlalchemy.engine.Engine BEGIN (implicit)
2025-07-25 17:08:12,568 INFO sqlalchemy.engine.Engine SELECT cameras.id, cameras.name, cameras.ip_address, cameras.port, cameras.connection_type, cameras.stream_path, cameras.location, cameras.username, cameras.password, cameras.status, cameras.created_at, cameras.updated_at, cameras.enabled 
FROM cameras 
WHERE cameras.id = ?
2025-07-25 17:08:12,568 INFO sqlalchemy.engine.Engine [cached since 496.8s ago] (1,)
2025-07-25 17:08:12,569 INFO sqlalchemy.engine.Engine ROLLBACK
INFO:     127.0.0.1:38314 - "GET /api/v1/streams/status/1 HTTP/1.1" 404 Not Found
2025-07-25 17:08:12,574 INFO sqlalchemy.engine.Engine BEGIN (implicit)
2025-07-25 17:08:12,574 INFO sqlalchemy.engine.Engine SELECT cameras.id, cameras.name, cameras.ip_address, cameras.port, cameras.connection_type, cameras.stream_path, cameras.location, cameras.username, cameras.password, cameras.status, cameras.created_at, cameras.updated_at, cameras.enabled 
FROM cameras 
WHERE cameras.id = ?
2025-07-25 17:08:12,574 INFO sqlalchemy.engine.Engine [cached since 496.8s ago] (2,)
2025-07-25 17:08:12,574 INFO sqlalchemy.engine.Engine ROLLBACK
INFO:     127.0.0.1:38314 - "GET /api/v1/streams/status/2 HTTP/1.1" 404 Not Found
2025-07-25 17:08:12,579 INFO sqlalchemy.engine.Engine BEGIN (implicit)
2025-07-25 17:08:12,579 INFO sqlalchemy.engine.Engine SELECT cameras.id, cameras.name, cameras.ip_address, cameras.port, cameras.connection_type, cameras.stream_path, cameras.location, cameras.username, cameras.password, cameras.status, cameras.created_at, cameras.updated_at, cameras.enabled 
FROM cameras 
WHERE cameras.id = ?
2025-07-25 17:08:12,579 INFO sqlalchemy.engine.Engine [cached since 496.8s ago] (3,)
2025-07-25 17:08:12,579 INFO sqlalchemy.engine.Engine ROLLBACK
INFO:     127.0.0.1:38314 - "GET /api/v1/streams/status/3 HTTP/1.1" 200 OK
2025-07-25 17:08:12,584 INFO sqlalchemy.engine.Engine BEGIN (implicit)
2025-07-25 17:08:12,584 INFO sqlalchemy.engine.Engine SELECT cameras.id, cameras.name, cameras.ip_address, cameras.port, cameras.connection_type, cameras.stream_path, cameras.location, cameras.username, cameras.password, cameras.status, cameras.created_at, cameras.updated_at, cameras.enabled 
FROM cameras 
WHERE cameras.id = ?
2025-07-25 17:08:12,584 INFO sqlalchemy.engine.Engine [cached since 496.8s ago] (4,)
2025-07-25 17:08:12,585 INFO sqlalchemy.engine.Engine ROLLBACK
INFO:     127.0.0.1:38314 - "GET /api/v1/streams/status/4 HTTP/1.1" 200 OK
2025-07-25 17:08:17,659 INFO sqlalchemy.engine.Engine BEGIN (implicit)
2025-07-25 17:08:17,659 INFO sqlalchemy.engine.Engine SELECT cameras.id, cameras.name, cameras.ip_address, cameras.port, cameras.connection_type, cameras.stream_path, cameras.location, cameras.username, cameras.password, cameras.status, cameras.created_at, cameras.updated_at, cameras.enabled 
FROM cameras 
WHERE cameras.id = ?
2025-07-25 17:08:17,659 INFO sqlalchemy.engine.Engine [cached since 501.9s ago] (1,)
2025-07-25 17:08:17,660 INFO sqlalchemy.engine.Engine ROLLBACK
INFO:     127.0.0.1:57808 - "GET /api/v1/streams/status/1 HTTP/1.1" 404 Not Found
2025-07-25 17:08:17,664 INFO sqlalchemy.engine.Engine BEGIN (implicit)
2025-07-25 17:08:17,665 INFO sqlalchemy.engine.Engine SELECT cameras.id, cameras.name, cameras.ip_address, cameras.port, cameras.connection_type, cameras.stream_path, cameras.location, cameras.username, cameras.password, cameras.status, cameras.created_at, cameras.updated_at, cameras.enabled 
FROM cameras 
WHERE cameras.id = ?
2025-07-25 17:08:17,665 INFO sqlalchemy.engine.Engine [cached since 501.9s ago] (2,)
2025-07-25 17:08:17,665 INFO sqlalchemy.engine.Engine ROLLBACK
INFO:     127.0.0.1:57808 - "GET /api/v1/streams/status/2 HTTP/1.1" 404 Not Found
2025-07-25 17:08:17,669 INFO sqlalchemy.engine.Engine BEGIN (implicit)
2025-07-25 17:08:17,669 INFO sqlalchemy.engine.Engine SELECT cameras.id, cameras.name, cameras.ip_address, cameras.port, cameras.connection_type, cameras.stream_path, cameras.location, cameras.username, cameras.password, cameras.status, cameras.created_at, cameras.updated_at, cameras.enabled 
FROM cameras 
WHERE cameras.id = ?
2025-07-25 17:08:17,669 INFO sqlalchemy.engine.Engine [cached since 501.9s ago] (3,)
2025-07-25 17:08:17,670 INFO sqlalchemy.engine.Engine ROLLBACK
INFO:     127.0.0.1:57808 - "GET /api/v1/streams/status/3 HTTP/1.1" 200 OK
2025-07-25 17:08:17,675 INFO sqlalchemy.engine.Engine BEGIN (implicit)
2025-07-25 17:08:17,675 INFO sqlalchemy.engine.Engine SELECT cameras.id, cameras.name, cameras.ip_address, cameras.port, cameras.connection_type, cameras.stream_path, cameras.location, cameras.username, cameras.password, cameras.status, cameras.created_at, cameras.updated_at, cameras.enabled 
FROM cameras 
WHERE cameras.id = ?
2025-07-25 17:08:17,675 INFO sqlalchemy.engine.Engine [cached since 501.9s ago] (4,)
2025-07-25 17:08:17,675 INFO sqlalchemy.engine.Engine ROLLBACK
INFO:     127.0.0.1:57808 - "GET /api/v1/streams/status/4 HTTP/1.1" 200 OK
2025-07-25 17:08:42,579 INFO sqlalchemy.engine.Engine BEGIN (implicit)
2025-07-25 17:08:42,579 INFO sqlalchemy.engine.Engine SELECT cameras.id, cameras.name, cameras.ip_address, cameras.port, cameras.connection_type, cameras.stream_path, cameras.location, cameras.username, cameras.password, cameras.status, cameras.created_at, cameras.updated_at, cameras.enabled 
FROM cameras 
WHERE cameras.id = ?
2025-07-25 17:08:42,579 INFO sqlalchemy.engine.Engine [cached since 526.8s ago] (1,)
2025-07-25 17:08:42,580 INFO sqlalchemy.engine.Engine ROLLBACK
INFO:     127.0.0.1:50906 - "GET /api/v1/streams/status/1 HTTP/1.1" 404 Not Found
2025-07-25 17:08:42,584 INFO sqlalchemy.engine.Engine BEGIN (implicit)
2025-07-25 17:08:42,584 INFO sqlalchemy.engine.Engine SELECT cameras.id, cameras.name, cameras.ip_address, cameras.port, cameras.connection_type, cameras.stream_path, cameras.location, cameras.username, cameras.password, cameras.status, cameras.created_at, cameras.updated_at, cameras.enabled 
FROM cameras 
WHERE cameras.id = ?
2025-07-25 17:08:42,584 INFO sqlalchemy.engine.Engine [cached since 526.8s ago] (2,)
2025-07-25 17:08:42,585 INFO sqlalchemy.engine.Engine ROLLBACK
INFO:     127.0.0.1:50906 - "GET /api/v1/streams/status/2 HTTP/1.1" 404 Not Found
2025-07-25 17:08:42,589 INFO sqlalchemy.engine.Engine BEGIN (implicit)
2025-07-25 17:08:42,589 INFO sqlalchemy.engine.Engine SELECT cameras.id, cameras.name, cameras.ip_address, cameras.port, cameras.connection_type, cameras.stream_path, cameras.location, cameras.username, cameras.password, cameras.status, cameras.created_at, cameras.updated_at, cameras.enabled 
FROM cameras 
WHERE cameras.id = ?
2025-07-25 17:08:42,589 INFO sqlalchemy.engine.Engine [cached since 526.8s ago] (3,)
2025-07-25 17:08:42,589 INFO sqlalchemy.engine.Engine ROLLBACK
INFO:     127.0.0.1:50906 - "GET /api/v1/streams/status/3 HTTP/1.1" 200 OK
2025-07-25 17:08:42,594 INFO sqlalchemy.engine.Engine BEGIN (implicit)
2025-07-25 17:08:42,594 INFO sqlalchemy.engine.Engine SELECT cameras.id, cameras.name, cameras.ip_address, cameras.port, cameras.connection_type, cameras.stream_path, cameras.location, cameras.username, cameras.password, cameras.status, cameras.created_at, cameras.updated_at, cameras.enabled 
FROM cameras 
WHERE cameras.id = ?
2025-07-25 17:08:42,594 INFO sqlalchemy.engine.Engine [cached since 526.8s ago] (4,)
2025-07-25 17:08:42,594 INFO sqlalchemy.engine.Engine ROLLBACK
INFO:     127.0.0.1:50906 - "GET /api/v1/streams/status/4 HTTP/1.1" 200 OK
2025-07-25 17:08:47,901 INFO sqlalchemy.engine.Engine BEGIN (implicit)
2025-07-25 17:08:47,901 INFO sqlalchemy.engine.Engine SELECT cameras.id, cameras.name, cameras.ip_address, cameras.port, cameras.connection_type, cameras.stream_path, cameras.location, cameras.username, cameras.password, cameras.status, cameras.created_at, cameras.updated_at, cameras.enabled 
FROM cameras 
WHERE cameras.id = ?
2025-07-25 17:08:47,901 INFO sqlalchemy.engine.Engine [cached since 532.1s ago] (1,)
2025-07-25 17:08:47,902 INFO sqlalchemy.engine.Engine ROLLBACK
INFO:     127.0.0.1:36104 - "GET /api/v1/streams/status/1 HTTP/1.1" 404 Not Found
2025-07-25 17:08:47,907 INFO sqlalchemy.engine.Engine BEGIN (implicit)
2025-07-25 17:08:47,907 INFO sqlalchemy.engine.Engine SELECT cameras.id, cameras.name, cameras.ip_address, cameras.port, cameras.connection_type, cameras.stream_path, cameras.location, cameras.username, cameras.password, cameras.status, cameras.created_at, cameras.updated_at, cameras.enabled 
FROM cameras 
WHERE cameras.id = ?
2025-07-25 17:08:47,907 INFO sqlalchemy.engine.Engine [cached since 532.1s ago] (2,)
2025-07-25 17:08:47,907 INFO sqlalchemy.engine.Engine ROLLBACK
INFO:     127.0.0.1:36104 - "GET /api/v1/streams/status/2 HTTP/1.1" 404 Not Found
2025-07-25 17:08:47,912 INFO sqlalchemy.engine.Engine BEGIN (implicit)
2025-07-25 17:08:47,912 INFO sqlalchemy.engine.Engine SELECT cameras.id, cameras.name, cameras.ip_address, cameras.port, cameras.connection_type, cameras.stream_path, cameras.location, cameras.username, cameras.password, cameras.status, cameras.created_at, cameras.updated_at, cameras.enabled 
FROM cameras 
WHERE cameras.id = ?
2025-07-25 17:08:47,912 INFO sqlalchemy.engine.Engine [cached since 532.1s ago] (3,)
2025-07-25 17:08:47,913 INFO sqlalchemy.engine.Engine ROLLBACK
INFO:     127.0.0.1:36104 - "GET /api/v1/streams/status/3 HTTP/1.1" 200 OK
2025-07-25 17:08:47,918 INFO sqlalchemy.engine.Engine BEGIN (implicit)
2025-07-25 17:08:47,918 INFO sqlalchemy.engine.Engine SELECT cameras.id, cameras.name, cameras.ip_address, cameras.port, cameras.connection_type, cameras.stream_path, cameras.location, cameras.username, cameras.password, cameras.status, cameras.created_at, cameras.updated_at, cameras.enabled 
FROM cameras 
WHERE cameras.id = ?
2025-07-25 17:08:47,918 INFO sqlalchemy.engine.Engine [cached since 532.1s ago] (4,)
2025-07-25 17:08:47,918 INFO sqlalchemy.engine.Engine ROLLBACK
INFO:     127.0.0.1:36104 - "GET /api/v1/streams/status/4 HTTP/1.1" 200 OK
2025-07-25 17:09:12,588 INFO sqlalchemy.engine.Engine BEGIN (implicit)
2025-07-25 17:09:12,588 INFO sqlalchemy.engine.Engine SELECT cameras.id, cameras.name, cameras.ip_address, cameras.port, cameras.connection_type, cameras.stream_path, cameras.location, cameras.username, cameras.password, cameras.status, cameras.created_at, cameras.updated_at, cameras.enabled 
FROM cameras 
WHERE cameras.id = ?
2025-07-25 17:09:12,588 INFO sqlalchemy.engine.Engine [cached since 556.8s ago] (1,)
2025-07-25 17:09:12,589 INFO sqlalchemy.engine.Engine ROLLBACK
INFO:     127.0.0.1:47842 - "GET /api/v1/streams/status/1 HTTP/1.1" 404 Not Found
2025-07-25 17:09:12,594 INFO sqlalchemy.engine.Engine BEGIN (implicit)
2025-07-25 17:09:12,594 INFO sqlalchemy.engine.Engine SELECT cameras.id, cameras.name, cameras.ip_address, cameras.port, cameras.connection_type, cameras.stream_path, cameras.location, cameras.username, cameras.password, cameras.status, cameras.created_at, cameras.updated_at, cameras.enabled 
FROM cameras 
WHERE cameras.id = ?
2025-07-25 17:09:12,595 INFO sqlalchemy.engine.Engine [cached since 556.8s ago] (2,)
2025-07-25 17:09:12,595 INFO sqlalchemy.engine.Engine ROLLBACK
INFO:     127.0.0.1:47842 - "GET /api/v1/streams/status/2 HTTP/1.1" 404 Not Found
2025-07-25 17:09:12,601 INFO sqlalchemy.engine.Engine BEGIN (implicit)
2025-07-25 17:09:12,601 INFO sqlalchemy.engine.Engine SELECT cameras.id, cameras.name, cameras.ip_address, cameras.port, cameras.connection_type, cameras.stream_path, cameras.location, cameras.username, cameras.password, cameras.status, cameras.created_at, cameras.updated_at, cameras.enabled 
FROM cameras 
WHERE cameras.id = ?
2025-07-25 17:09:12,601 INFO sqlalchemy.engine.Engine [cached since 556.8s ago] (3,)
2025-07-25 17:09:12,602 INFO sqlalchemy.engine.Engine ROLLBACK
INFO:     127.0.0.1:47842 - "GET /api/v1/streams/status/3 HTTP/1.1" 200 OK
2025-07-25 17:09:12,607 INFO sqlalchemy.engine.Engine BEGIN (implicit)
2025-07-25 17:09:12,607 INFO sqlalchemy.engine.Engine SELECT cameras.id, cameras.name, cameras.ip_address, cameras.port, cameras.connection_type, cameras.stream_path, cameras.location, cameras.username, cameras.password, cameras.status, cameras.created_at, cameras.updated_at, cameras.enabled 
FROM cameras 
WHERE cameras.id = ?
2025-07-25 17:09:12,607 INFO sqlalchemy.engine.Engine [cached since 556.8s ago] (4,)
2025-07-25 17:09:12,607 INFO sqlalchemy.engine.Engine ROLLBACK
INFO:     127.0.0.1:47842 - "GET /api/v1/streams/status/4 HTTP/1.1" 200 OK
2025-07-25 17:09:18,075 INFO sqlalchemy.engine.Engine BEGIN (implicit)
2025-07-25 17:09:18,075 INFO sqlalchemy.engine.Engine SELECT cameras.id, cameras.name, cameras.ip_address, cameras.port, cameras.connection_type, cameras.stream_path, cameras.location, cameras.username, cameras.password, cameras.status, cameras.created_at, cameras.updated_at, cameras.enabled 
FROM cameras 
WHERE cameras.id = ?
2025-07-25 17:09:18,075 INFO sqlalchemy.engine.Engine [cached since 562.3s ago] (1,)
2025-07-25 17:09:18,076 INFO sqlalchemy.engine.Engine ROLLBACK
INFO:     127.0.0.1:49268 - "GET /api/v1/streams/status/1 HTTP/1.1" 404 Not Found
2025-07-25 17:09:18,081 INFO sqlalchemy.engine.Engine BEGIN (implicit)
2025-07-25 17:09:18,081 INFO sqlalchemy.engine.Engine SELECT cameras.id, cameras.name, cameras.ip_address, cameras.port, cameras.connection_type, cameras.stream_path, cameras.location, cameras.username, cameras.password, cameras.status, cameras.created_at, cameras.updated_at, cameras.enabled 
FROM cameras 
WHERE cameras.id = ?
2025-07-25 17:09:18,081 INFO sqlalchemy.engine.Engine [cached since 562.3s ago] (2,)
2025-07-25 17:09:18,082 INFO sqlalchemy.engine.Engine ROLLBACK
INFO:     127.0.0.1:49268 - "GET /api/v1/streams/status/2 HTTP/1.1" 404 Not Found
2025-07-25 17:09:18,086 INFO sqlalchemy.engine.Engine BEGIN (implicit)
2025-07-25 17:09:18,087 INFO sqlalchemy.engine.Engine SELECT cameras.id, cameras.name, cameras.ip_address, cameras.port, cameras.connection_type, cameras.stream_path, cameras.location, cameras.username, cameras.password, cameras.status, cameras.created_at, cameras.updated_at, cameras.enabled 
FROM cameras 
WHERE cameras.id = ?
2025-07-25 17:09:18,087 INFO sqlalchemy.engine.Engine [cached since 562.3s ago] (3,)
2025-07-25 17:09:18,087 INFO sqlalchemy.engine.Engine ROLLBACK
INFO:     127.0.0.1:49268 - "GET /api/v1/streams/status/3 HTTP/1.1" 200 OK
2025-07-25 17:09:18,092 INFO sqlalchemy.engine.Engine BEGIN (implicit)
2025-07-25 17:09:18,092 INFO sqlalchemy.engine.Engine SELECT cameras.id, cameras.name, cameras.ip_address, cameras.port, cameras.connection_type, cameras.stream_path, cameras.location, cameras.username, cameras.password, cameras.status, cameras.created_at, cameras.updated_at, cameras.enabled 
FROM cameras 
WHERE cameras.id = ?
2025-07-25 17:09:18,092 INFO sqlalchemy.engine.Engine [cached since 562.3s ago] (4,)
2025-07-25 17:09:18,092 INFO sqlalchemy.engine.Engine ROLLBACK
INFO:     127.0.0.1:49268 - "GET /api/v1/streams/status/4 HTTP/1.1" 200 OK
2025-07-25 17:09:42,596 INFO sqlalchemy.engine.Engine BEGIN (implicit)
2025-07-25 17:09:42,596 INFO sqlalchemy.engine.Engine SELECT cameras.id, cameras.name, cameras.ip_address, cameras.port, cameras.connection_type, cameras.stream_path, cameras.location, cameras.username, cameras.password, cameras.status, cameras.created_at, cameras.updated_at, cameras.enabled 
FROM cameras 
WHERE cameras.id = ?
2025-07-25 17:09:42,596 INFO sqlalchemy.engine.Engine [cached since 586.8s ago] (1,)
2025-07-25 17:09:42,597 INFO sqlalchemy.engine.Engine ROLLBACK
INFO:     127.0.0.1:38350 - "GET /api/v1/streams/status/1 HTTP/1.1" 404 Not Found
2025-07-25 17:09:42,602 INFO sqlalchemy.engine.Engine BEGIN (implicit)
2025-07-25 17:09:42,602 INFO sqlalchemy.engine.Engine SELECT cameras.id, cameras.name, cameras.ip_address, cameras.port, cameras.connection_type, cameras.stream_path, cameras.location, cameras.username, cameras.password, cameras.status, cameras.created_at, cameras.updated_at, cameras.enabled 
FROM cameras 
WHERE cameras.id = ?
2025-07-25 17:09:42,602 INFO sqlalchemy.engine.Engine [cached since 586.8s ago] (2,)
2025-07-25 17:09:42,602 INFO sqlalchemy.engine.Engine ROLLBACK
INFO:     127.0.0.1:38350 - "GET /api/v1/streams/status/2 HTTP/1.1" 404 Not Found
2025-07-25 17:09:42,607 INFO sqlalchemy.engine.Engine BEGIN (implicit)
2025-07-25 17:09:42,607 INFO sqlalchemy.engine.Engine SELECT cameras.id, cameras.name, cameras.ip_address, cameras.port, cameras.connection_type, cameras.stream_path, cameras.location, cameras.username, cameras.password, cameras.status, cameras.created_at, cameras.updated_at, cameras.enabled 
FROM cameras 
WHERE cameras.id = ?
2025-07-25 17:09:42,607 INFO sqlalchemy.engine.Engine [cached since 586.8s ago] (3,)
2025-07-25 17:09:42,608 INFO sqlalchemy.engine.Engine ROLLBACK
INFO:     127.0.0.1:38350 - "GET /api/v1/streams/status/3 HTTP/1.1" 200 OK
2025-07-25 17:09:42,612 INFO sqlalchemy.engine.Engine BEGIN (implicit)
2025-07-25 17:09:42,612 INFO sqlalchemy.engine.Engine SELECT cameras.id, cameras.name, cameras.ip_address, cameras.port, cameras.connection_type, cameras.stream_path, cameras.location, cameras.username, cameras.password, cameras.status, cameras.created_at, cameras.updated_at, cameras.enabled 
FROM cameras 
WHERE cameras.id = ?
2025-07-25 17:09:42,612 INFO sqlalchemy.engine.Engine [cached since 586.8s ago] (4,)
2025-07-25 17:09:42,613 INFO sqlalchemy.engine.Engine ROLLBACK
INFO:     127.0.0.1:38350 - "GET /api/v1/streams/status/4 HTTP/1.1" 200 OK
2025-07-25 17:09:48,367 INFO sqlalchemy.engine.Engine BEGIN (implicit)
2025-07-25 17:09:48,367 INFO sqlalchemy.engine.Engine SELECT cameras.id, cameras.name, cameras.ip_address, cameras.port, cameras.connection_type, cameras.stream_path, cameras.location, cameras.username, cameras.password, cameras.status, cameras.created_at, cameras.updated_at, cameras.enabled 
FROM cameras 
WHERE cameras.id = ?
2025-07-25 17:09:48,367 INFO sqlalchemy.engine.Engine [cached since 592.6s ago] (1,)
2025-07-25 17:09:48,367 INFO sqlalchemy.engine.Engine ROLLBACK
INFO:     127.0.0.1:56442 - "GET /api/v1/streams/status/1 HTTP/1.1" 404 Not Found
2025-07-25 17:09:48,372 INFO sqlalchemy.engine.Engine BEGIN (implicit)
2025-07-25 17:09:48,373 INFO sqlalchemy.engine.Engine SELECT cameras.id, cameras.name, cameras.ip_address, cameras.port, cameras.connection_type, cameras.stream_path, cameras.location, cameras.username, cameras.password, cameras.status, cameras.created_at, cameras.updated_at, cameras.enabled 
FROM cameras 
WHERE cameras.id = ?
2025-07-25 17:09:48,373 INFO sqlalchemy.engine.Engine [cached since 592.6s ago] (2,)
2025-07-25 17:09:48,373 INFO sqlalchemy.engine.Engine ROLLBACK
INFO:     127.0.0.1:56442 - "GET /api/v1/streams/status/2 HTTP/1.1" 404 Not Found
2025-07-25 17:09:48,378 INFO sqlalchemy.engine.Engine BEGIN (implicit)
2025-07-25 17:09:48,378 INFO sqlalchemy.engine.Engine SELECT cameras.id, cameras.name, cameras.ip_address, cameras.port, cameras.connection_type, cameras.stream_path, cameras.location, cameras.username, cameras.password, cameras.status, cameras.created_at, cameras.updated_at, cameras.enabled 
FROM cameras 
WHERE cameras.id = ?
2025-07-25 17:09:48,378 INFO sqlalchemy.engine.Engine [cached since 592.6s ago] (3,)
2025-07-25 17:09:48,379 INFO sqlalchemy.engine.Engine ROLLBACK
INFO:     127.0.0.1:56442 - "GET /api/v1/streams/status/3 HTTP/1.1" 200 OK
2025-07-25 17:09:48,383 INFO sqlalchemy.engine.Engine BEGIN (implicit)
2025-07-25 17:09:48,383 INFO sqlalchemy.engine.Engine SELECT cameras.id, cameras.name, cameras.ip_address, cameras.port, cameras.connection_type, cameras.stream_path, cameras.location, cameras.username, cameras.password, cameras.status, cameras.created_at, cameras.updated_at, cameras.enabled 
FROM cameras 
WHERE cameras.id = ?
2025-07-25 17:09:48,383 INFO sqlalchemy.engine.Engine [cached since 592.6s ago] (4,)
2025-07-25 17:09:48,384 INFO sqlalchemy.engine.Engine ROLLBACK
INFO:     127.0.0.1:56442 - "GET /api/v1/streams/status/4 HTTP/1.1" 200 OK
2025-07-25 17:10:12,603 INFO sqlalchemy.engine.Engine BEGIN (implicit)
2025-07-25 17:10:12,603 INFO sqlalchemy.engine.Engine SELECT cameras.id, cameras.name, cameras.ip_address, cameras.port, cameras.connection_type, cameras.stream_path, cameras.location, cameras.username, cameras.password, cameras.status, cameras.created_at, cameras.updated_at, cameras.enabled 
FROM cameras 
WHERE cameras.id = ?
2025-07-25 17:10:12,603 INFO sqlalchemy.engine.Engine [cached since 616.8s ago] (1,)
2025-07-25 17:10:12,603 INFO sqlalchemy.engine.Engine ROLLBACK
INFO:     127.0.0.1:45692 - "GET /api/v1/streams/status/1 HTTP/1.1" 404 Not Found
2025-07-25 17:10:12,608 INFO sqlalchemy.engine.Engine BEGIN (implicit)
2025-07-25 17:10:12,608 INFO sqlalchemy.engine.Engine SELECT cameras.id, cameras.name, cameras.ip_address, cameras.port, cameras.connection_type, cameras.stream_path, cameras.location, cameras.username, cameras.password, cameras.status, cameras.created_at, cameras.updated_at, cameras.enabled 
FROM cameras 
WHERE cameras.id = ?
2025-07-25 17:10:12,608 INFO sqlalchemy.engine.Engine [cached since 616.8s ago] (2,)
2025-07-25 17:10:12,609 INFO sqlalchemy.engine.Engine ROLLBACK
INFO:     127.0.0.1:45692 - "GET /api/v1/streams/status/2 HTTP/1.1" 404 Not Found
2025-07-25 17:10:12,613 INFO sqlalchemy.engine.Engine BEGIN (implicit)
2025-07-25 17:10:12,613 INFO sqlalchemy.engine.Engine SELECT cameras.id, cameras.name, cameras.ip_address, cameras.port, cameras.connection_type, cameras.stream_path, cameras.location, cameras.username, cameras.password, cameras.status, cameras.created_at, cameras.updated_at, cameras.enabled 
FROM cameras 
WHERE cameras.id = ?
2025-07-25 17:10:12,613 INFO sqlalchemy.engine.Engine [cached since 616.8s ago] (3,)
2025-07-25 17:10:12,614 INFO sqlalchemy.engine.Engine ROLLBACK
INFO:     127.0.0.1:45692 - "GET /api/v1/streams/status/3 HTTP/1.1" 200 OK
2025-07-25 17:10:12,619 INFO sqlalchemy.engine.Engine BEGIN (implicit)
2025-07-25 17:10:12,619 INFO sqlalchemy.engine.Engine SELECT cameras.id, cameras.name, cameras.ip_address, cameras.port, cameras.connection_type, cameras.stream_path, cameras.location, cameras.username, cameras.password, cameras.status, cameras.created_at, cameras.updated_at, cameras.enabled 
FROM cameras 
WHERE cameras.id = ?
2025-07-25 17:10:12,619 INFO sqlalchemy.engine.Engine [cached since 616.8s ago] (4,)
2025-07-25 17:10:12,620 INFO sqlalchemy.engine.Engine ROLLBACK
INFO:     127.0.0.1:45692 - "GET /api/v1/streams/status/4 HTTP/1.1" 200 OK
2025-07-25 17:10:18,542 INFO sqlalchemy.engine.Engine BEGIN (implicit)
2025-07-25 17:10:18,542 INFO sqlalchemy.engine.Engine SELECT cameras.id, cameras.name, cameras.ip_address, cameras.port, cameras.connection_type, cameras.stream_path, cameras.location, cameras.username, cameras.password, cameras.status, cameras.created_at, cameras.updated_at, cameras.enabled 
FROM cameras 
WHERE cameras.id = ?
2025-07-25 17:10:18,542 INFO sqlalchemy.engine.Engine [cached since 622.8s ago] (1,)
2025-07-25 17:10:18,543 INFO sqlalchemy.engine.Engine ROLLBACK
INFO:     127.0.0.1:49710 - "GET /api/v1/streams/status/1 HTTP/1.1" 404 Not Found
2025-07-25 17:10:18,548 INFO sqlalchemy.engine.Engine BEGIN (implicit)
2025-07-25 17:10:18,548 INFO sqlalchemy.engine.Engine SELECT cameras.id, cameras.name, cameras.ip_address, cameras.port, cameras.connection_type, cameras.stream_path, cameras.location, cameras.username, cameras.password, cameras.status, cameras.created_at, cameras.updated_at, cameras.enabled 
FROM cameras 
WHERE cameras.id = ?
2025-07-25 17:10:18,548 INFO sqlalchemy.engine.Engine [cached since 622.8s ago] (2,)
2025-07-25 17:10:18,549 INFO sqlalchemy.engine.Engine ROLLBACK
INFO:     127.0.0.1:49710 - "GET /api/v1/streams/status/2 HTTP/1.1" 404 Not Found
2025-07-25 17:10:18,554 INFO sqlalchemy.engine.Engine BEGIN (implicit)
2025-07-25 17:10:18,554 INFO sqlalchemy.engine.Engine SELECT cameras.id, cameras.name, cameras.ip_address, cameras.port, cameras.connection_type, cameras.stream_path, cameras.location, cameras.username, cameras.password, cameras.status, cameras.created_at, cameras.updated_at, cameras.enabled 
FROM cameras 
WHERE cameras.id = ?
2025-07-25 17:10:18,554 INFO sqlalchemy.engine.Engine [cached since 622.8s ago] (3,)
2025-07-25 17:10:18,555 INFO sqlalchemy.engine.Engine ROLLBACK
INFO:     127.0.0.1:49710 - "GET /api/v1/streams/status/3 HTTP/1.1" 200 OK
2025-07-25 17:10:18,560 INFO sqlalchemy.engine.Engine BEGIN (implicit)
2025-07-25 17:10:18,560 INFO sqlalchemy.engine.Engine SELECT cameras.id, cameras.name, cameras.ip_address, cameras.port, cameras.connection_type, cameras.stream_path, cameras.location, cameras.username, cameras.password, cameras.status, cameras.created_at, cameras.updated_at, cameras.enabled 
FROM cameras 
WHERE cameras.id = ?
2025-07-25 17:10:18,560 INFO sqlalchemy.engine.Engine [cached since 622.8s ago] (4,)
2025-07-25 17:10:18,560 INFO sqlalchemy.engine.Engine ROLLBACK
INFO:     127.0.0.1:49710 - "GET /api/v1/streams/status/4 HTTP/1.1" 200 OK
2025-07-25 17:10:42,612 INFO sqlalchemy.engine.Engine BEGIN (implicit)
2025-07-25 17:10:42,612 INFO sqlalchemy.engine.Engine SELECT cameras.id, cameras.name, cameras.ip_address, cameras.port, cameras.connection_type, cameras.stream_path, cameras.location, cameras.username, cameras.password, cameras.status, cameras.created_at, cameras.updated_at, cameras.enabled 
FROM cameras 
WHERE cameras.id = ?
2025-07-25 17:10:42,612 INFO sqlalchemy.engine.Engine [cached since 646.8s ago] (1,)
2025-07-25 17:10:42,613 INFO sqlalchemy.engine.Engine ROLLBACK
INFO:     127.0.0.1:48018 - "GET /api/v1/streams/status/1 HTTP/1.1" 404 Not Found
2025-07-25 17:10:42,618 INFO sqlalchemy.engine.Engine BEGIN (implicit)
2025-07-25 17:10:42,618 INFO sqlalchemy.engine.Engine SELECT cameras.id, cameras.name, cameras.ip_address, cameras.port, cameras.connection_type, cameras.stream_path, cameras.location, cameras.username, cameras.password, cameras.status, cameras.created_at, cameras.updated_at, cameras.enabled 
FROM cameras 
WHERE cameras.id = ?
2025-07-25 17:10:42,618 INFO sqlalchemy.engine.Engine [cached since 646.8s ago] (2,)
2025-07-25 17:10:42,619 INFO sqlalchemy.engine.Engine ROLLBACK
INFO:     127.0.0.1:48018 - "GET /api/v1/streams/status/2 HTTP/1.1" 404 Not Found
2025-07-25 17:10:42,623 INFO sqlalchemy.engine.Engine BEGIN (implicit)
2025-07-25 17:10:42,624 INFO sqlalchemy.engine.Engine SELECT cameras.id, cameras.name, cameras.ip_address, cameras.port, cameras.connection_type, cameras.stream_path, cameras.location, cameras.username, cameras.password, cameras.status, cameras.created_at, cameras.updated_at, cameras.enabled 
FROM cameras 
WHERE cameras.id = ?
2025-07-25 17:10:42,624 INFO sqlalchemy.engine.Engine [cached since 646.8s ago] (3,)
2025-07-25 17:10:42,624 INFO sqlalchemy.engine.Engine ROLLBACK
INFO:     127.0.0.1:48018 - "GET /api/v1/streams/status/3 HTTP/1.1" 200 OK
2025-07-25 17:10:42,629 INFO sqlalchemy.engine.Engine BEGIN (implicit)
2025-07-25 17:10:42,629 INFO sqlalchemy.engine.Engine SELECT cameras.id, cameras.name, cameras.ip_address, cameras.port, cameras.connection_type, cameras.stream_path, cameras.location, cameras.username, cameras.password, cameras.status, cameras.created_at, cameras.updated_at, cameras.enabled 
FROM cameras 
WHERE cameras.id = ?
2025-07-25 17:10:42,629 INFO sqlalchemy.engine.Engine [cached since 646.8s ago] (4,)
2025-07-25 17:10:42,629 INFO sqlalchemy.engine.Engine ROLLBACK
INFO:     127.0.0.1:48018 - "GET /api/v1/streams/status/4 HTTP/1.1" 200 OK
2025-07-25 17:10:49,035 INFO sqlalchemy.engine.Engine BEGIN (implicit)
2025-07-25 17:10:49,035 INFO sqlalchemy.engine.Engine SELECT cameras.id, cameras.name, cameras.ip_address, cameras.port, cameras.connection_type, cameras.stream_path, cameras.location, cameras.username, cameras.password, cameras.status, cameras.created_at, cameras.updated_at, cameras.enabled 
FROM cameras 
WHERE cameras.id = ?
2025-07-25 17:10:49,035 INFO sqlalchemy.engine.Engine [cached since 653.3s ago] (1,)
2025-07-25 17:10:49,036 INFO sqlalchemy.engine.Engine ROLLBACK
INFO:     127.0.0.1:44114 - "GET /api/v1/streams/status/1 HTTP/1.1" 404 Not Found
2025-07-25 17:10:49,041 INFO sqlalchemy.engine.Engine BEGIN (implicit)
2025-07-25 17:10:49,041 INFO sqlalchemy.engine.Engine SELECT cameras.id, cameras.name, cameras.ip_address, cameras.port, cameras.connection_type, cameras.stream_path, cameras.location, cameras.username, cameras.password, cameras.status, cameras.created_at, cameras.updated_at, cameras.enabled 
FROM cameras 
WHERE cameras.id = ?
2025-07-25 17:10:49,041 INFO sqlalchemy.engine.Engine [cached since 653.3s ago] (2,)
2025-07-25 17:10:49,041 INFO sqlalchemy.engine.Engine ROLLBACK
INFO:     127.0.0.1:44114 - "GET /api/v1/streams/status/2 HTTP/1.1" 404 Not Found
2025-07-25 17:10:49,046 INFO sqlalchemy.engine.Engine BEGIN (implicit)
2025-07-25 17:10:49,046 INFO sqlalchemy.engine.Engine SELECT cameras.id, cameras.name, cameras.ip_address, cameras.port, cameras.connection_type, cameras.stream_path, cameras.location, cameras.username, cameras.password, cameras.status, cameras.created_at, cameras.updated_at, cameras.enabled 
FROM cameras 
WHERE cameras.id = ?
2025-07-25 17:10:49,046 INFO sqlalchemy.engine.Engine [cached since 653.3s ago] (3,)
2025-07-25 17:10:49,046 INFO sqlalchemy.engine.Engine ROLLBACK
INFO:     127.0.0.1:44114 - "GET /api/v1/streams/status/3 HTTP/1.1" 200 OK
2025-07-25 17:10:49,051 INFO sqlalchemy.engine.Engine BEGIN (implicit)
2025-07-25 17:10:49,051 INFO sqlalchemy.engine.Engine SELECT cameras.id, cameras.name, cameras.ip_address, cameras.port, cameras.connection_type, cameras.stream_path, cameras.location, cameras.username, cameras.password, cameras.status, cameras.created_at, cameras.updated_at, cameras.enabled 
FROM cameras 
WHERE cameras.id = ?
2025-07-25 17:10:49,051 INFO sqlalchemy.engine.Engine [cached since 653.3s ago] (4,)
2025-07-25 17:10:49,051 INFO sqlalchemy.engine.Engine ROLLBACK
INFO:     127.0.0.1:44114 - "GET /api/v1/streams/status/4 HTTP/1.1" 200 OK
2025-07-25 17:11:12,618 INFO sqlalchemy.engine.Engine BEGIN (implicit)
2025-07-25 17:11:12,618 INFO sqlalchemy.engine.Engine SELECT cameras.id, cameras.name, cameras.ip_address, cameras.port, cameras.connection_type, cameras.stream_path, cameras.location, cameras.username, cameras.password, cameras.status, cameras.created_at, cameras.updated_at, cameras.enabled 
FROM cameras 
WHERE cameras.id = ?
2025-07-25 17:11:12,618 INFO sqlalchemy.engine.Engine [cached since 676.8s ago] (1,)
2025-07-25 17:11:12,619 INFO sqlalchemy.engine.Engine ROLLBACK
INFO:     127.0.0.1:44918 - "GET /api/v1/streams/status/1 HTTP/1.1" 404 Not Found
2025-07-25 17:11:12,624 INFO sqlalchemy.engine.Engine BEGIN (implicit)
2025-07-25 17:11:12,624 INFO sqlalchemy.engine.Engine SELECT cameras.id, cameras.name, cameras.ip_address, cameras.port, cameras.connection_type, cameras.stream_path, cameras.location, cameras.username, cameras.password, cameras.status, cameras.created_at, cameras.updated_at, cameras.enabled 
FROM cameras 
WHERE cameras.id = ?
2025-07-25 17:11:12,624 INFO sqlalchemy.engine.Engine [cached since 676.8s ago] (2,)
2025-07-25 17:11:12,624 INFO sqlalchemy.engine.Engine ROLLBACK
INFO:     127.0.0.1:44918 - "GET /api/v1/streams/status/2 HTTP/1.1" 404 Not Found
2025-07-25 17:11:12,629 INFO sqlalchemy.engine.Engine BEGIN (implicit)
2025-07-25 17:11:12,629 INFO sqlalchemy.engine.Engine SELECT cameras.id, cameras.name, cameras.ip_address, cameras.port, cameras.connection_type, cameras.stream_path, cameras.location, cameras.username, cameras.password, cameras.status, cameras.created_at, cameras.updated_at, cameras.enabled 
FROM cameras 
WHERE cameras.id = ?
2025-07-25 17:11:12,629 INFO sqlalchemy.engine.Engine [cached since 676.8s ago] (3,)
2025-07-25 17:11:12,630 INFO sqlalchemy.engine.Engine ROLLBACK
INFO:     127.0.0.1:44918 - "GET /api/v1/streams/status/3 HTTP/1.1" 200 OK
2025-07-25 17:11:12,634 INFO sqlalchemy.engine.Engine BEGIN (implicit)
2025-07-25 17:11:12,635 INFO sqlalchemy.engine.Engine SELECT cameras.id, cameras.name, cameras.ip_address, cameras.port, cameras.connection_type, cameras.stream_path, cameras.location, cameras.username, cameras.password, cameras.status, cameras.created_at, cameras.updated_at, cameras.enabled 
FROM cameras 
WHERE cameras.id = ?
2025-07-25 17:11:12,635 INFO sqlalchemy.engine.Engine [cached since 676.9s ago] (4,)
2025-07-25 17:11:12,635 INFO sqlalchemy.engine.Engine ROLLBACK
INFO:     127.0.0.1:44918 - "GET /api/v1/streams/status/4 HTTP/1.1" 200 OK
2025-07-25 17:11:19,359 INFO sqlalchemy.engine.Engine BEGIN (implicit)
2025-07-25 17:11:19,359 INFO sqlalchemy.engine.Engine SELECT cameras.id, cameras.name, cameras.ip_address, cameras.port, cameras.connection_type, cameras.stream_path, cameras.location, cameras.username, cameras.password, cameras.status, cameras.created_at, cameras.updated_at, cameras.enabled 
FROM cameras 
WHERE cameras.id = ?
2025-07-25 17:11:19,359 INFO sqlalchemy.engine.Engine [cached since 683.6s ago] (1,)
2025-07-25 17:11:19,360 INFO sqlalchemy.engine.Engine ROLLBACK
INFO:     127.0.0.1:40328 - "GET /api/v1/streams/status/1 HTTP/1.1" 404 Not Found
2025-07-25 17:11:19,365 INFO sqlalchemy.engine.Engine BEGIN (implicit)
2025-07-25 17:11:19,365 INFO sqlalchemy.engine.Engine SELECT cameras.id, cameras.name, cameras.ip_address, cameras.port, cameras.connection_type, cameras.stream_path, cameras.location, cameras.username, cameras.password, cameras.status, cameras.created_at, cameras.updated_at, cameras.enabled 
FROM cameras 
WHERE cameras.id = ?
2025-07-25 17:11:19,365 INFO sqlalchemy.engine.Engine [cached since 683.6s ago] (2,)
2025-07-25 17:11:19,366 INFO sqlalchemy.engine.Engine ROLLBACK
INFO:     127.0.0.1:40328 - "GET /api/v1/streams/status/2 HTTP/1.1" 404 Not Found
2025-07-25 17:11:19,370 INFO sqlalchemy.engine.Engine BEGIN (implicit)
2025-07-25 17:11:19,370 INFO sqlalchemy.engine.Engine SELECT cameras.id, cameras.name, cameras.ip_address, cameras.port, cameras.connection_type, cameras.stream_path, cameras.location, cameras.username, cameras.password, cameras.status, cameras.created_at, cameras.updated_at, cameras.enabled 
FROM cameras 
WHERE cameras.id = ?
2025-07-25 17:11:19,370 INFO sqlalchemy.engine.Engine [cached since 683.6s ago] (3,)
2025-07-25 17:11:19,371 INFO sqlalchemy.engine.Engine ROLLBACK
INFO:     127.0.0.1:40328 - "GET /api/v1/streams/status/3 HTTP/1.1" 200 OK
2025-07-25 17:11:19,375 INFO sqlalchemy.engine.Engine BEGIN (implicit)
2025-07-25 17:11:19,375 INFO sqlalchemy.engine.Engine SELECT cameras.id, cameras.name, cameras.ip_address, cameras.port, cameras.connection_type, cameras.stream_path, cameras.location, cameras.username, cameras.password, cameras.status, cameras.created_at, cameras.updated_at, cameras.enabled 
FROM cameras 
WHERE cameras.id = ?
2025-07-25 17:11:19,375 INFO sqlalchemy.engine.Engine [cached since 683.6s ago] (4,)
2025-07-25 17:11:19,376 INFO sqlalchemy.engine.Engine ROLLBACK
INFO:     127.0.0.1:40328 - "GET /api/v1/streams/status/4 HTTP/1.1" 200 OK
2025-07-25 17:11:42,622 INFO sqlalchemy.engine.Engine BEGIN (implicit)
2025-07-25 17:11:42,622 INFO sqlalchemy.engine.Engine SELECT cameras.id, cameras.name, cameras.ip_address, cameras.port, cameras.connection_type, cameras.stream_path, cameras.location, cameras.username, cameras.password, cameras.status, cameras.created_at, cameras.updated_at, cameras.enabled 
FROM cameras 
WHERE cameras.id = ?
2025-07-25 17:11:42,622 INFO sqlalchemy.engine.Engine [cached since 706.8s ago] (1,)
2025-07-25 17:11:42,622 INFO sqlalchemy.engine.Engine ROLLBACK
INFO:     127.0.0.1:57426 - "GET /api/v1/streams/status/1 HTTP/1.1" 404 Not Found
2025-07-25 17:11:42,627 INFO sqlalchemy.engine.Engine BEGIN (implicit)
2025-07-25 17:11:42,628 INFO sqlalchemy.engine.Engine SELECT cameras.id, cameras.name, cameras.ip_address, cameras.port, cameras.connection_type, cameras.stream_path, cameras.location, cameras.username, cameras.password, cameras.status, cameras.created_at, cameras.updated_at, cameras.enabled 
FROM cameras 
WHERE cameras.id = ?
2025-07-25 17:11:42,628 INFO sqlalchemy.engine.Engine [cached since 706.8s ago] (2,)
2025-07-25 17:11:42,628 INFO sqlalchemy.engine.Engine ROLLBACK
INFO:     127.0.0.1:57426 - "GET /api/v1/streams/status/2 HTTP/1.1" 404 Not Found
2025-07-25 17:11:42,633 INFO sqlalchemy.engine.Engine BEGIN (implicit)
2025-07-25 17:11:42,633 INFO sqlalchemy.engine.Engine SELECT cameras.id, cameras.name, cameras.ip_address, cameras.port, cameras.connection_type, cameras.stream_path, cameras.location, cameras.username, cameras.password, cameras.status, cameras.created_at, cameras.updated_at, cameras.enabled 
FROM cameras 
WHERE cameras.id = ?
2025-07-25 17:11:42,633 INFO sqlalchemy.engine.Engine [cached since 706.9s ago] (3,)
2025-07-25 17:11:42,634 INFO sqlalchemy.engine.Engine ROLLBACK
INFO:     127.0.0.1:57426 - "GET /api/v1/streams/status/3 HTTP/1.1" 200 OK
2025-07-25 17:11:42,638 INFO sqlalchemy.engine.Engine BEGIN (implicit)
2025-07-25 17:11:42,638 INFO sqlalchemy.engine.Engine SELECT cameras.id, cameras.name, cameras.ip_address, cameras.port, cameras.connection_type, cameras.stream_path, cameras.location, cameras.username, cameras.password, cameras.status, cameras.created_at, cameras.updated_at, cameras.enabled 
FROM cameras 
WHERE cameras.id = ?
2025-07-25 17:11:42,639 INFO sqlalchemy.engine.Engine [cached since 706.9s ago] (4,)
2025-07-25 17:11:42,639 INFO sqlalchemy.engine.Engine ROLLBACK
INFO:     127.0.0.1:57426 - "GET /api/v1/streams/status/4 HTTP/1.1" 200 OK
2025-07-25 17:11:49,776 INFO sqlalchemy.engine.Engine BEGIN (implicit)
2025-07-25 17:11:49,777 INFO sqlalchemy.engine.Engine SELECT cameras.id, cameras.name, cameras.ip_address, cameras.port, cameras.connection_type, cameras.stream_path, cameras.location, cameras.username, cameras.password, cameras.status, cameras.created_at, cameras.updated_at, cameras.enabled 
FROM cameras 
WHERE cameras.id = ?
2025-07-25 17:11:49,777 INFO sqlalchemy.engine.Engine [cached since 714s ago] (1,)
2025-07-25 17:11:49,777 INFO sqlalchemy.engine.Engine ROLLBACK
INFO:     127.0.0.1:37270 - "GET /api/v1/streams/status/1 HTTP/1.1" 404 Not Found
2025-07-25 17:11:49,783 INFO sqlalchemy.engine.Engine BEGIN (implicit)
2025-07-25 17:11:49,783 INFO sqlalchemy.engine.Engine SELECT cameras.id, cameras.name, cameras.ip_address, cameras.port, cameras.connection_type, cameras.stream_path, cameras.location, cameras.username, cameras.password, cameras.status, cameras.created_at, cameras.updated_at, cameras.enabled 
FROM cameras 
WHERE cameras.id = ?
2025-07-25 17:11:49,783 INFO sqlalchemy.engine.Engine [cached since 714s ago] (2,)
2025-07-25 17:11:49,784 INFO sqlalchemy.engine.Engine ROLLBACK
INFO:     127.0.0.1:37270 - "GET /api/v1/streams/status/2 HTTP/1.1" 404 Not Found
2025-07-25 17:11:49,789 INFO sqlalchemy.engine.Engine BEGIN (implicit)
2025-07-25 17:11:49,789 INFO sqlalchemy.engine.Engine SELECT cameras.id, cameras.name, cameras.ip_address, cameras.port, cameras.connection_type, cameras.stream_path, cameras.location, cameras.username, cameras.password, cameras.status, cameras.created_at, cameras.updated_at, cameras.enabled 
FROM cameras 
WHERE cameras.id = ?
2025-07-25 17:11:49,789 INFO sqlalchemy.engine.Engine [cached since 714s ago] (3,)
2025-07-25 17:11:49,790 INFO sqlalchemy.engine.Engine ROLLBACK
INFO:     127.0.0.1:37270 - "GET /api/v1/streams/status/3 HTTP/1.1" 200 OK
2025-07-25 17:11:49,794 INFO sqlalchemy.engine.Engine BEGIN (implicit)
2025-07-25 17:11:49,794 INFO sqlalchemy.engine.Engine SELECT cameras.id, cameras.name, cameras.ip_address, cameras.port, cameras.connection_type, cameras.stream_path, cameras.location, cameras.username, cameras.password, cameras.status, cameras.created_at, cameras.updated_at, cameras.enabled 
FROM cameras 
WHERE cameras.id = ?
2025-07-25 17:11:49,794 INFO sqlalchemy.engine.Engine [cached since 714s ago] (4,)
2025-07-25 17:11:49,795 INFO sqlalchemy.engine.Engine ROLLBACK
INFO:     127.0.0.1:37270 - "GET /api/v1/streams/status/4 HTTP/1.1" 200 OK
2025-07-25 17:12:12,634 INFO sqlalchemy.engine.Engine BEGIN (implicit)
2025-07-25 17:12:12,634 INFO sqlalchemy.engine.Engine SELECT cameras.id, cameras.name, cameras.ip_address, cameras.port, cameras.connection_type, cameras.stream_path, cameras.location, cameras.username, cameras.password, cameras.status, cameras.created_at, cameras.updated_at, cameras.enabled 
FROM cameras 
WHERE cameras.id = ?
2025-07-25 17:12:12,634 INFO sqlalchemy.engine.Engine [cached since 736.9s ago] (1,)
2025-07-25 17:12:12,635 INFO sqlalchemy.engine.Engine ROLLBACK
INFO:     127.0.0.1:53272 - "GET /api/v1/streams/status/1 HTTP/1.1" 404 Not Found
2025-07-25 17:12:12,640 INFO sqlalchemy.engine.Engine BEGIN (implicit)
2025-07-25 17:12:12,640 INFO sqlalchemy.engine.Engine SELECT cameras.id, cameras.name, cameras.ip_address, cameras.port, cameras.connection_type, cameras.stream_path, cameras.location, cameras.username, cameras.password, cameras.status, cameras.created_at, cameras.updated_at, cameras.enabled 
FROM cameras 
WHERE cameras.id = ?
2025-07-25 17:12:12,640 INFO sqlalchemy.engine.Engine [cached since 736.9s ago] (2,)
2025-07-25 17:12:12,640 INFO sqlalchemy.engine.Engine ROLLBACK
INFO:     127.0.0.1:53272 - "GET /api/v1/streams/status/2 HTTP/1.1" 404 Not Found
2025-07-25 17:12:12,645 INFO sqlalchemy.engine.Engine BEGIN (implicit)
2025-07-25 17:12:12,645 INFO sqlalchemy.engine.Engine SELECT cameras.id, cameras.name, cameras.ip_address, cameras.port, cameras.connection_type, cameras.stream_path, cameras.location, cameras.username, cameras.password, cameras.status, cameras.created_at, cameras.updated_at, cameras.enabled 
FROM cameras 
WHERE cameras.id = ?
2025-07-25 17:12:12,645 INFO sqlalchemy.engine.Engine [cached since 736.9s ago] (3,)
2025-07-25 17:12:12,646 INFO sqlalchemy.engine.Engine ROLLBACK
INFO:     127.0.0.1:53272 - "GET /api/v1/streams/status/3 HTTP/1.1" 200 OK
2025-07-25 17:12:12,651 INFO sqlalchemy.engine.Engine BEGIN (implicit)
2025-07-25 17:12:12,651 INFO sqlalchemy.engine.Engine SELECT cameras.id, cameras.name, cameras.ip_address, cameras.port, cameras.connection_type, cameras.stream_path, cameras.location, cameras.username, cameras.password, cameras.status, cameras.created_at, cameras.updated_at, cameras.enabled 
FROM cameras 
WHERE cameras.id = ?
2025-07-25 17:12:12,651 INFO sqlalchemy.engine.Engine [cached since 736.9s ago] (4,)
2025-07-25 17:12:12,651 INFO sqlalchemy.engine.Engine ROLLBACK
INFO:     127.0.0.1:53272 - "GET /api/v1/streams/status/4 HTTP/1.1" 200 OK
2025-07-25 17:12:20,096 INFO sqlalchemy.engine.Engine BEGIN (implicit)
2025-07-25 17:12:20,096 INFO sqlalchemy.engine.Engine SELECT cameras.id, cameras.name, cameras.ip_address, cameras.port, cameras.connection_type, cameras.stream_path, cameras.location, cameras.username, cameras.password, cameras.status, cameras.created_at, cameras.updated_at, cameras.enabled 
FROM cameras 
WHERE cameras.id = ?
2025-07-25 17:12:20,096 INFO sqlalchemy.engine.Engine [cached since 744.3s ago] (1,)
2025-07-25 17:12:20,096 INFO sqlalchemy.engine.Engine ROLLBACK
INFO:     127.0.0.1:43160 - "GET /api/v1/streams/status/1 HTTP/1.1" 404 Not Found
2025-07-25 17:12:20,101 INFO sqlalchemy.engine.Engine BEGIN (implicit)
2025-07-25 17:12:20,101 INFO sqlalchemy.engine.Engine SELECT cameras.id, cameras.name, cameras.ip_address, cameras.port, cameras.connection_type, cameras.stream_path, cameras.location, cameras.username, cameras.password, cameras.status, cameras.created_at, cameras.updated_at, cameras.enabled 
FROM cameras 
WHERE cameras.id = ?
2025-07-25 17:12:20,101 INFO sqlalchemy.engine.Engine [cached since 744.3s ago] (2,)
2025-07-25 17:12:20,101 INFO sqlalchemy.engine.Engine ROLLBACK
INFO:     127.0.0.1:43160 - "GET /api/v1/streams/status/2 HTTP/1.1" 404 Not Found
2025-07-25 17:12:20,106 INFO sqlalchemy.engine.Engine BEGIN (implicit)
2025-07-25 17:12:20,107 INFO sqlalchemy.engine.Engine SELECT cameras.id, cameras.name, cameras.ip_address, cameras.port, cameras.connection_type, cameras.stream_path, cameras.location, cameras.username, cameras.password, cameras.status, cameras.created_at, cameras.updated_at, cameras.enabled 
FROM cameras 
WHERE cameras.id = ?
2025-07-25 17:12:20,107 INFO sqlalchemy.engine.Engine [cached since 744.3s ago] (3,)
2025-07-25 17:12:20,107 INFO sqlalchemy.engine.Engine ROLLBACK
INFO:     127.0.0.1:43160 - "GET /api/v1/streams/status/3 HTTP/1.1" 200 OK
2025-07-25 17:12:20,112 INFO sqlalchemy.engine.Engine BEGIN (implicit)
2025-07-25 17:12:20,112 INFO sqlalchemy.engine.Engine SELECT cameras.id, cameras.name, cameras.ip_address, cameras.port, cameras.connection_type, cameras.stream_path, cameras.location, cameras.username, cameras.password, cameras.status, cameras.created_at, cameras.updated_at, cameras.enabled 
FROM cameras 
WHERE cameras.id = ?
2025-07-25 17:12:20,112 INFO sqlalchemy.engine.Engine [cached since 744.3s ago] (4,)
2025-07-25 17:12:20,113 INFO sqlalchemy.engine.Engine ROLLBACK
INFO:     127.0.0.1:43160 - "GET /api/v1/streams/status/4 HTTP/1.1" 200 OK
2025-07-25 17:12:42,633 INFO sqlalchemy.engine.Engine BEGIN (implicit)
2025-07-25 17:12:42,633 INFO sqlalchemy.engine.Engine SELECT cameras.id, cameras.name, cameras.ip_address, cameras.port, cameras.connection_type, cameras.stream_path, cameras.location, cameras.username, cameras.password, cameras.status, cameras.created_at, cameras.updated_at, cameras.enabled 
FROM cameras 
WHERE cameras.id = ?
2025-07-25 17:12:42,633 INFO sqlalchemy.engine.Engine [cached since 766.8s ago] (1,)
2025-07-25 17:12:42,634 INFO sqlalchemy.engine.Engine ROLLBACK
INFO:     127.0.0.1:34774 - "GET /api/v1/streams/status/1 HTTP/1.1" 404 Not Found
2025-07-25 17:12:42,639 INFO sqlalchemy.engine.Engine BEGIN (implicit)
2025-07-25 17:12:42,639 INFO sqlalchemy.engine.Engine SELECT cameras.id, cameras.name, cameras.ip_address, cameras.port, cameras.connection_type, cameras.stream_path, cameras.location, cameras.username, cameras.password, cameras.status, cameras.created_at, cameras.updated_at, cameras.enabled 
FROM cameras 
WHERE cameras.id = ?
2025-07-25 17:12:42,639 INFO sqlalchemy.engine.Engine [cached since 766.9s ago] (2,)
2025-07-25 17:12:42,640 INFO sqlalchemy.engine.Engine ROLLBACK
INFO:     127.0.0.1:34774 - "GET /api/v1/streams/status/2 HTTP/1.1" 404 Not Found
2025-07-25 17:12:42,644 INFO sqlalchemy.engine.Engine BEGIN (implicit)
2025-07-25 17:12:42,644 INFO sqlalchemy.engine.Engine SELECT cameras.id, cameras.name, cameras.ip_address, cameras.port, cameras.connection_type, cameras.stream_path, cameras.location, cameras.username, cameras.password, cameras.status, cameras.created_at, cameras.updated_at, cameras.enabled 
FROM cameras 
WHERE cameras.id = ?
2025-07-25 17:12:42,644 INFO sqlalchemy.engine.Engine [cached since 766.9s ago] (3,)
2025-07-25 17:12:42,645 INFO sqlalchemy.engine.Engine ROLLBACK
INFO:     127.0.0.1:34774 - "GET /api/v1/streams/status/3 HTTP/1.1" 200 OK
2025-07-25 17:12:42,649 INFO sqlalchemy.engine.Engine BEGIN (implicit)
2025-07-25 17:12:42,649 INFO sqlalchemy.engine.Engine SELECT cameras.id, cameras.name, cameras.ip_address, cameras.port, cameras.connection_type, cameras.stream_path, cameras.location, cameras.username, cameras.password, cameras.status, cameras.created_at, cameras.updated_at, cameras.enabled 
FROM cameras 
WHERE cameras.id = ?
2025-07-25 17:12:42,649 INFO sqlalchemy.engine.Engine [cached since 766.9s ago] (4,)
2025-07-25 17:12:42,650 INFO sqlalchemy.engine.Engine ROLLBACK
INFO:     127.0.0.1:34774 - "GET /api/v1/streams/status/4 HTTP/1.1" 200 OK
2025-07-25 17:12:50,558 INFO sqlalchemy.engine.Engine BEGIN (implicit)
2025-07-25 17:12:50,558 INFO sqlalchemy.engine.Engine SELECT cameras.id, cameras.name, cameras.ip_address, cameras.port, cameras.connection_type, cameras.stream_path, cameras.location, cameras.username, cameras.password, cameras.status, cameras.created_at, cameras.updated_at, cameras.enabled 
FROM cameras 
WHERE cameras.id = ?
2025-07-25 17:12:50,558 INFO sqlalchemy.engine.Engine [cached since 774.8s ago] (1,)
2025-07-25 17:12:50,559 INFO sqlalchemy.engine.Engine ROLLBACK
INFO:     127.0.0.1:46414 - "GET /api/v1/streams/status/1 HTTP/1.1" 404 Not Found
2025-07-25 17:12:50,564 INFO sqlalchemy.engine.Engine BEGIN (implicit)
2025-07-25 17:12:50,564 INFO sqlalchemy.engine.Engine SELECT cameras.id, cameras.name, cameras.ip_address, cameras.port, cameras.connection_type, cameras.stream_path, cameras.location, cameras.username, cameras.password, cameras.status, cameras.created_at, cameras.updated_at, cameras.enabled 
FROM cameras 
WHERE cameras.id = ?
2025-07-25 17:12:50,564 INFO sqlalchemy.engine.Engine [cached since 774.8s ago] (2,)
2025-07-25 17:12:50,564 INFO sqlalchemy.engine.Engine ROLLBACK
INFO:     127.0.0.1:46414 - "GET /api/v1/streams/status/2 HTTP/1.1" 404 Not Found
2025-07-25 17:12:50,569 INFO sqlalchemy.engine.Engine BEGIN (implicit)
2025-07-25 17:12:50,569 INFO sqlalchemy.engine.Engine SELECT cameras.id, cameras.name, cameras.ip_address, cameras.port, cameras.connection_type, cameras.stream_path, cameras.location, cameras.username, cameras.password, cameras.status, cameras.created_at, cameras.updated_at, cameras.enabled 
FROM cameras 
WHERE cameras.id = ?
2025-07-25 17:12:50,569 INFO sqlalchemy.engine.Engine [cached since 774.8s ago] (3,)
2025-07-25 17:12:50,570 INFO sqlalchemy.engine.Engine ROLLBACK
INFO:     127.0.0.1:46414 - "GET /api/v1/streams/status/3 HTTP/1.1" 200 OK
2025-07-25 17:12:50,575 INFO sqlalchemy.engine.Engine BEGIN (implicit)
2025-07-25 17:12:50,575 INFO sqlalchemy.engine.Engine SELECT cameras.id, cameras.name, cameras.ip_address, cameras.port, cameras.connection_type, cameras.stream_path, cameras.location, cameras.username, cameras.password, cameras.status, cameras.created_at, cameras.updated_at, cameras.enabled 
FROM cameras 
WHERE cameras.id = ?
2025-07-25 17:12:50,575 INFO sqlalchemy.engine.Engine [cached since 774.8s ago] (4,)
2025-07-25 17:12:50,575 INFO sqlalchemy.engine.Engine ROLLBACK
INFO:     127.0.0.1:46414 - "GET /api/v1/streams/status/4 HTTP/1.1" 200 OK
2025-07-25 17:13:12,637 INFO sqlalchemy.engine.Engine BEGIN (implicit)
2025-07-25 17:13:12,637 INFO sqlalchemy.engine.Engine SELECT cameras.id, cameras.name, cameras.ip_address, cameras.port, cameras.connection_type, cameras.stream_path, cameras.location, cameras.username, cameras.password, cameras.status, cameras.created_at, cameras.updated_at, cameras.enabled 
FROM cameras 
WHERE cameras.id = ?
2025-07-25 17:13:12,637 INFO sqlalchemy.engine.Engine [cached since 796.9s ago] (1,)
2025-07-25 17:13:12,638 INFO sqlalchemy.engine.Engine ROLLBACK
INFO:     127.0.0.1:46788 - "GET /api/v1/streams/status/1 HTTP/1.1" 404 Not Found
2025-07-25 17:13:12,642 INFO sqlalchemy.engine.Engine BEGIN (implicit)
2025-07-25 17:13:12,643 INFO sqlalchemy.engine.Engine SELECT cameras.id, cameras.name, cameras.ip_address, cameras.port, cameras.connection_type, cameras.stream_path, cameras.location, cameras.username, cameras.password, cameras.status, cameras.created_at, cameras.updated_at, cameras.enabled 
FROM cameras 
WHERE cameras.id = ?
2025-07-25 17:13:12,643 INFO sqlalchemy.engine.Engine [cached since 796.9s ago] (2,)
2025-07-25 17:13:12,643 INFO sqlalchemy.engine.Engine ROLLBACK
INFO:     127.0.0.1:46788 - "GET /api/v1/streams/status/2 HTTP/1.1" 404 Not Found
2025-07-25 17:13:12,648 INFO sqlalchemy.engine.Engine BEGIN (implicit)
2025-07-25 17:13:12,648 INFO sqlalchemy.engine.Engine SELECT cameras.id, cameras.name, cameras.ip_address, cameras.port, cameras.connection_type, cameras.stream_path, cameras.location, cameras.username, cameras.password, cameras.status, cameras.created_at, cameras.updated_at, cameras.enabled 
FROM cameras 
WHERE cameras.id = ?
2025-07-25 17:13:12,648 INFO sqlalchemy.engine.Engine [cached since 796.9s ago] (3,)
2025-07-25 17:13:12,648 INFO sqlalchemy.engine.Engine ROLLBACK
INFO:     127.0.0.1:46788 - "GET /api/v1/streams/status/3 HTTP/1.1" 200 OK
2025-07-25 17:13:12,653 INFO sqlalchemy.engine.Engine BEGIN (implicit)
2025-07-25 17:13:12,653 INFO sqlalchemy.engine.Engine SELECT cameras.id, cameras.name, cameras.ip_address, cameras.port, cameras.connection_type, cameras.stream_path, cameras.location, cameras.username, cameras.password, cameras.status, cameras.created_at, cameras.updated_at, cameras.enabled 
FROM cameras 
WHERE cameras.id = ?
2025-07-25 17:13:12,653 INFO sqlalchemy.engine.Engine [cached since 796.9s ago] (4,)
2025-07-25 17:13:12,653 INFO sqlalchemy.engine.Engine ROLLBACK
INFO:     127.0.0.1:46788 - "GET /api/v1/streams/status/4 HTTP/1.1" 200 OK
2025-07-25 17:13:20,894 INFO sqlalchemy.engine.Engine BEGIN (implicit)
2025-07-25 17:13:20,894 INFO sqlalchemy.engine.Engine SELECT cameras.id, cameras.name, cameras.ip_address, cameras.port, cameras.connection_type, cameras.stream_path, cameras.location, cameras.username, cameras.password, cameras.status, cameras.created_at, cameras.updated_at, cameras.enabled 
FROM cameras 
WHERE cameras.id = ?
2025-07-25 17:13:20,894 INFO sqlalchemy.engine.Engine [cached since 805.1s ago] (1,)
2025-07-25 17:13:20,895 INFO sqlalchemy.engine.Engine ROLLBACK
INFO:     127.0.0.1:54446 - "GET /api/v1/streams/status/1 HTTP/1.1" 404 Not Found
2025-07-25 17:13:20,900 INFO sqlalchemy.engine.Engine BEGIN (implicit)
2025-07-25 17:13:20,900 INFO sqlalchemy.engine.Engine SELECT cameras.id, cameras.name, cameras.ip_address, cameras.port, cameras.connection_type, cameras.stream_path, cameras.location, cameras.username, cameras.password, cameras.status, cameras.created_at, cameras.updated_at, cameras.enabled 
FROM cameras 
WHERE cameras.id = ?
2025-07-25 17:13:20,900 INFO sqlalchemy.engine.Engine [cached since 805.1s ago] (2,)
2025-07-25 17:13:20,901 INFO sqlalchemy.engine.Engine ROLLBACK
INFO:     127.0.0.1:54446 - "GET /api/v1/streams/status/2 HTTP/1.1" 404 Not Found
2025-07-25 17:13:20,906 INFO sqlalchemy.engine.Engine BEGIN (implicit)
2025-07-25 17:13:20,906 INFO sqlalchemy.engine.Engine SELECT cameras.id, cameras.name, cameras.ip_address, cameras.port, cameras.connection_type, cameras.stream_path, cameras.location, cameras.username, cameras.password, cameras.status, cameras.created_at, cameras.updated_at, cameras.enabled 
FROM cameras 
WHERE cameras.id = ?
2025-07-25 17:13:20,906 INFO sqlalchemy.engine.Engine [cached since 805.1s ago] (3,)
2025-07-25 17:13:20,907 INFO sqlalchemy.engine.Engine ROLLBACK
INFO:     127.0.0.1:54446 - "GET /api/v1/streams/status/3 HTTP/1.1" 200 OK
2025-07-25 17:13:20,911 INFO sqlalchemy.engine.Engine BEGIN (implicit)
2025-07-25 17:13:20,911 INFO sqlalchemy.engine.Engine SELECT cameras.id, cameras.name, cameras.ip_address, cameras.port, cameras.connection_type, cameras.stream_path, cameras.location, cameras.username, cameras.password, cameras.status, cameras.created_at, cameras.updated_at, cameras.enabled 
FROM cameras 
WHERE cameras.id = ?
2025-07-25 17:13:20,911 INFO sqlalchemy.engine.Engine [cached since 805.1s ago] (4,)
2025-07-25 17:13:20,912 INFO sqlalchemy.engine.Engine ROLLBACK
INFO:     127.0.0.1:54446 - "GET /api/v1/streams/status/4 HTTP/1.1" 200 OK
2025-07-25 17:13:42,637 INFO sqlalchemy.engine.Engine BEGIN (implicit)
2025-07-25 17:13:42,638 INFO sqlalchemy.engine.Engine SELECT cameras.id, cameras.name, cameras.ip_address, cameras.port, cameras.connection_type, cameras.stream_path, cameras.location, cameras.username, cameras.password, cameras.status, cameras.created_at, cameras.updated_at, cameras.enabled 
FROM cameras 
WHERE cameras.id = ?
2025-07-25 17:13:42,638 INFO sqlalchemy.engine.Engine [cached since 826.9s ago] (1,)
2025-07-25 17:13:42,638 INFO sqlalchemy.engine.Engine ROLLBACK
INFO:     127.0.0.1:52120 - "GET /api/v1/streams/status/1 HTTP/1.1" 404 Not Found
2025-07-25 17:13:42,643 INFO sqlalchemy.engine.Engine BEGIN (implicit)
2025-07-25 17:13:42,643 INFO sqlalchemy.engine.Engine SELECT cameras.id, cameras.name, cameras.ip_address, cameras.port, cameras.connection_type, cameras.stream_path, cameras.location, cameras.username, cameras.password, cameras.status, cameras.created_at, cameras.updated_at, cameras.enabled 
FROM cameras 
WHERE cameras.id = ?
2025-07-25 17:13:42,643 INFO sqlalchemy.engine.Engine [cached since 826.9s ago] (2,)
2025-07-25 17:13:42,643 INFO sqlalchemy.engine.Engine ROLLBACK
INFO:     127.0.0.1:52120 - "GET /api/v1/streams/status/2 HTTP/1.1" 404 Not Found
2025-07-25 17:13:42,648 INFO sqlalchemy.engine.Engine BEGIN (implicit)
2025-07-25 17:13:42,649 INFO sqlalchemy.engine.Engine SELECT cameras.id, cameras.name, cameras.ip_address, cameras.port, cameras.connection_type, cameras.stream_path, cameras.location, cameras.username, cameras.password, cameras.status, cameras.created_at, cameras.updated_at, cameras.enabled 
FROM cameras 
WHERE cameras.id = ?
2025-07-25 17:13:42,649 INFO sqlalchemy.engine.Engine [cached since 826.9s ago] (3,)
2025-07-25 17:13:42,649 INFO sqlalchemy.engine.Engine ROLLBACK
INFO:     127.0.0.1:52120 - "GET /api/v1/streams/status/3 HTTP/1.1" 200 OK
2025-07-25 17:13:42,654 INFO sqlalchemy.engine.Engine BEGIN (implicit)
2025-07-25 17:13:42,654 INFO sqlalchemy.engine.Engine SELECT cameras.id, cameras.name, cameras.ip_address, cameras.port, cameras.connection_type, cameras.stream_path, cameras.location, cameras.username, cameras.password, cameras.status, cameras.created_at, cameras.updated_at, cameras.enabled 
FROM cameras 
WHERE cameras.id = ?
2025-07-25 17:13:42,654 INFO sqlalchemy.engine.Engine [cached since 826.9s ago] (4,)
2025-07-25 17:13:42,654 INFO sqlalchemy.engine.Engine ROLLBACK
INFO:     127.0.0.1:52120 - "GET /api/v1/streams/status/4 HTTP/1.1" 200 OK
2025-07-25 17:13:51,308 INFO sqlalchemy.engine.Engine BEGIN (implicit)
2025-07-25 17:13:51,309 INFO sqlalchemy.engine.Engine SELECT cameras.id, cameras.name, cameras.ip_address, cameras.port, cameras.connection_type, cameras.stream_path, cameras.location, cameras.username, cameras.password, cameras.status, cameras.created_at, cameras.updated_at, cameras.enabled 
FROM cameras 
WHERE cameras.id = ?
2025-07-25 17:13:51,309 INFO sqlalchemy.engine.Engine [cached since 835.5s ago] (1,)
2025-07-25 17:13:51,309 INFO sqlalchemy.engine.Engine ROLLBACK
INFO:     127.0.0.1:49966 - "GET /api/v1/streams/status/1 HTTP/1.1" 404 Not Found
2025-07-25 17:13:51,314 INFO sqlalchemy.engine.Engine BEGIN (implicit)
2025-07-25 17:13:51,315 INFO sqlalchemy.engine.Engine SELECT cameras.id, cameras.name, cameras.ip_address, cameras.port, cameras.connection_type, cameras.stream_path, cameras.location, cameras.username, cameras.password, cameras.status, cameras.created_at, cameras.updated_at, cameras.enabled 
FROM cameras 
WHERE cameras.id = ?
2025-07-25 17:13:51,315 INFO sqlalchemy.engine.Engine [cached since 835.5s ago] (2,)
2025-07-25 17:13:51,315 INFO sqlalchemy.engine.Engine ROLLBACK
INFO:     127.0.0.1:49966 - "GET /api/v1/streams/status/2 HTTP/1.1" 404 Not Found
2025-07-25 17:13:51,320 INFO sqlalchemy.engine.Engine BEGIN (implicit)
2025-07-25 17:13:51,320 INFO sqlalchemy.engine.Engine SELECT cameras.id, cameras.name, cameras.ip_address, cameras.port, cameras.connection_type, cameras.stream_path, cameras.location, cameras.username, cameras.password, cameras.status, cameras.created_at, cameras.updated_at, cameras.enabled 
FROM cameras 
WHERE cameras.id = ?
2025-07-25 17:13:51,320 INFO sqlalchemy.engine.Engine [cached since 835.5s ago] (3,)
2025-07-25 17:13:51,321 INFO sqlalchemy.engine.Engine ROLLBACK
INFO:     127.0.0.1:49966 - "GET /api/v1/streams/status/3 HTTP/1.1" 200 OK
2025-07-25 17:13:51,325 INFO sqlalchemy.engine.Engine BEGIN (implicit)
2025-07-25 17:13:51,325 INFO sqlalchemy.engine.Engine SELECT cameras.id, cameras.name, cameras.ip_address, cameras.port, cameras.connection_type, cameras.stream_path, cameras.location, cameras.username, cameras.password, cameras.status, cameras.created_at, cameras.updated_at, cameras.enabled 
FROM cameras 
WHERE cameras.id = ?
2025-07-25 17:13:51,325 INFO sqlalchemy.engine.Engine [cached since 835.5s ago] (4,)
2025-07-25 17:13:51,326 INFO sqlalchemy.engine.Engine ROLLBACK
INFO:     127.0.0.1:49966 - "GET /api/v1/streams/status/4 HTTP/1.1" 200 OK
2025-07-25 17:14:12,643 INFO sqlalchemy.engine.Engine BEGIN (implicit)
2025-07-25 17:14:12,643 INFO sqlalchemy.engine.Engine SELECT cameras.id, cameras.name, cameras.ip_address, cameras.port, cameras.connection_type, cameras.stream_path, cameras.location, cameras.username, cameras.password, cameras.status, cameras.created_at, cameras.updated_at, cameras.enabled 
FROM cameras 
WHERE cameras.id = ?
2025-07-25 17:14:12,643 INFO sqlalchemy.engine.Engine [cached since 856.9s ago] (1,)
2025-07-25 17:14:12,644 INFO sqlalchemy.engine.Engine ROLLBACK
INFO:     127.0.0.1:49558 - "GET /api/v1/streams/status/1 HTTP/1.1" 404 Not Found
2025-07-25 17:14:12,648 INFO sqlalchemy.engine.Engine BEGIN (implicit)
2025-07-25 17:14:12,649 INFO sqlalchemy.engine.Engine SELECT cameras.id, cameras.name, cameras.ip_address, cameras.port, cameras.connection_type, cameras.stream_path, cameras.location, cameras.username, cameras.password, cameras.status, cameras.created_at, cameras.updated_at, cameras.enabled 
FROM cameras 
WHERE cameras.id = ?
2025-07-25 17:14:12,649 INFO sqlalchemy.engine.Engine [cached since 856.9s ago] (2,)
2025-07-25 17:14:12,649 INFO sqlalchemy.engine.Engine ROLLBACK
INFO:     127.0.0.1:49558 - "GET /api/v1/streams/status/2 HTTP/1.1" 404 Not Found
2025-07-25 17:14:12,654 INFO sqlalchemy.engine.Engine BEGIN (implicit)
2025-07-25 17:14:12,654 INFO sqlalchemy.engine.Engine SELECT cameras.id, cameras.name, cameras.ip_address, cameras.port, cameras.connection_type, cameras.stream_path, cameras.location, cameras.username, cameras.password, cameras.status, cameras.created_at, cameras.updated_at, cameras.enabled 
FROM cameras 
WHERE cameras.id = ?
2025-07-25 17:14:12,654 INFO sqlalchemy.engine.Engine [cached since 856.9s ago] (3,)
2025-07-25 17:14:12,654 INFO sqlalchemy.engine.Engine ROLLBACK
INFO:     127.0.0.1:49558 - "GET /api/v1/streams/status/3 HTTP/1.1" 200 OK
2025-07-25 17:14:12,659 INFO sqlalchemy.engine.Engine BEGIN (implicit)
2025-07-25 17:14:12,659 INFO sqlalchemy.engine.Engine SELECT cameras.id, cameras.name, cameras.ip_address, cameras.port, cameras.connection_type, cameras.stream_path, cameras.location, cameras.username, cameras.password, cameras.status, cameras.created_at, cameras.updated_at, cameras.enabled 
FROM cameras 
WHERE cameras.id = ?
2025-07-25 17:14:12,659 INFO sqlalchemy.engine.Engine [cached since 856.9s ago] (4,)
2025-07-25 17:14:12,660 INFO sqlalchemy.engine.Engine ROLLBACK
INFO:     127.0.0.1:49558 - "GET /api/v1/streams/status/4 HTTP/1.1" 200 OK
2025-07-25 17:14:21,668 INFO sqlalchemy.engine.Engine BEGIN (implicit)
2025-07-25 17:14:21,669 INFO sqlalchemy.engine.Engine SELECT cameras.id, cameras.name, cameras.ip_address, cameras.port, cameras.connection_type, cameras.stream_path, cameras.location, cameras.username, cameras.password, cameras.status, cameras.created_at, cameras.updated_at, cameras.enabled 
FROM cameras 
WHERE cameras.id = ?
2025-07-25 17:14:21,669 INFO sqlalchemy.engine.Engine [cached since 865.9s ago] (1,)
2025-07-25 17:14:21,669 INFO sqlalchemy.engine.Engine ROLLBACK
INFO:     127.0.0.1:39876 - "GET /api/v1/streams/status/1 HTTP/1.1" 404 Not Found
2025-07-25 17:14:21,674 INFO sqlalchemy.engine.Engine BEGIN (implicit)
2025-07-25 17:14:21,674 INFO sqlalchemy.engine.Engine SELECT cameras.id, cameras.name, cameras.ip_address, cameras.port, cameras.connection_type, cameras.stream_path, cameras.location, cameras.username, cameras.password, cameras.status, cameras.created_at, cameras.updated_at, cameras.enabled 
FROM cameras 
WHERE cameras.id = ?
2025-07-25 17:14:21,675 INFO sqlalchemy.engine.Engine [cached since 865.9s ago] (2,)
2025-07-25 17:14:21,675 INFO sqlalchemy.engine.Engine ROLLBACK
INFO:     127.0.0.1:39876 - "GET /api/v1/streams/status/2 HTTP/1.1" 404 Not Found
2025-07-25 17:14:21,680 INFO sqlalchemy.engine.Engine BEGIN (implicit)
2025-07-25 17:14:21,680 INFO sqlalchemy.engine.Engine SELECT cameras.id, cameras.name, cameras.ip_address, cameras.port, cameras.connection_type, cameras.stream_path, cameras.location, cameras.username, cameras.password, cameras.status, cameras.created_at, cameras.updated_at, cameras.enabled 
FROM cameras 
WHERE cameras.id = ?
2025-07-25 17:14:21,680 INFO sqlalchemy.engine.Engine [cached since 865.9s ago] (3,)
2025-07-25 17:14:21,680 INFO sqlalchemy.engine.Engine ROLLBACK
INFO:     127.0.0.1:39876 - "GET /api/v1/streams/status/3 HTTP/1.1" 200 OK
2025-07-25 17:14:21,685 INFO sqlalchemy.engine.Engine BEGIN (implicit)
2025-07-25 17:14:21,685 INFO sqlalchemy.engine.Engine SELECT cameras.id, cameras.name, cameras.ip_address, cameras.port, cameras.connection_type, cameras.stream_path, cameras.location, cameras.username, cameras.password, cameras.status, cameras.created_at, cameras.updated_at, cameras.enabled 
FROM cameras 
WHERE cameras.id = ?
2025-07-25 17:14:21,685 INFO sqlalchemy.engine.Engine [cached since 865.9s ago] (4,)
2025-07-25 17:14:21,686 INFO sqlalchemy.engine.Engine ROLLBACK
INFO:     127.0.0.1:39876 - "GET /api/v1/streams/status/4 HTTP/1.1" 200 OK
2025-07-25 17:14:42,650 INFO sqlalchemy.engine.Engine BEGIN (implicit)
2025-07-25 17:14:42,650 INFO sqlalchemy.engine.Engine SELECT cameras.id, cameras.name, cameras.ip_address, cameras.port, cameras.connection_type, cameras.stream_path, cameras.location, cameras.username, cameras.password, cameras.status, cameras.created_at, cameras.updated_at, cameras.enabled 
FROM cameras 
WHERE cameras.id = ?
2025-07-25 17:14:42,650 INFO sqlalchemy.engine.Engine [cached since 886.9s ago] (1,)
2025-07-25 17:14:42,651 INFO sqlalchemy.engine.Engine ROLLBACK
INFO:     127.0.0.1:53412 - "GET /api/v1/streams/status/1 HTTP/1.1" 404 Not Found
2025-07-25 17:14:42,655 INFO sqlalchemy.engine.Engine BEGIN (implicit)
2025-07-25 17:14:42,656 INFO sqlalchemy.engine.Engine SELECT cameras.id, cameras.name, cameras.ip_address, cameras.port, cameras.connection_type, cameras.stream_path, cameras.location, cameras.username, cameras.password, cameras.status, cameras.created_at, cameras.updated_at, cameras.enabled 
FROM cameras 
WHERE cameras.id = ?
2025-07-25 17:14:42,656 INFO sqlalchemy.engine.Engine [cached since 886.9s ago] (2,)
2025-07-25 17:14:42,656 INFO sqlalchemy.engine.Engine ROLLBACK
INFO:     127.0.0.1:53412 - "GET /api/v1/streams/status/2 HTTP/1.1" 404 Not Found
2025-07-25 17:14:42,660 INFO sqlalchemy.engine.Engine BEGIN (implicit)
2025-07-25 17:14:42,660 INFO sqlalchemy.engine.Engine SELECT cameras.id, cameras.name, cameras.ip_address, cameras.port, cameras.connection_type, cameras.stream_path, cameras.location, cameras.username, cameras.password, cameras.status, cameras.created_at, cameras.updated_at, cameras.enabled 
FROM cameras 
WHERE cameras.id = ?
2025-07-25 17:14:42,661 INFO sqlalchemy.engine.Engine [cached since 886.9s ago] (3,)
2025-07-25 17:14:42,661 INFO sqlalchemy.engine.Engine ROLLBACK
INFO:     127.0.0.1:53412 - "GET /api/v1/streams/status/3 HTTP/1.1" 200 OK
2025-07-25 17:14:42,666 INFO sqlalchemy.engine.Engine BEGIN (implicit)
2025-07-25 17:14:42,666 INFO sqlalchemy.engine.Engine SELECT cameras.id, cameras.name, cameras.ip_address, cameras.port, cameras.connection_type, cameras.stream_path, cameras.location, cameras.username, cameras.password, cameras.status, cameras.created_at, cameras.updated_at, cameras.enabled 
FROM cameras 
WHERE cameras.id = ?
2025-07-25 17:14:42,666 INFO sqlalchemy.engine.Engine [cached since 886.9s ago] (4,)
2025-07-25 17:14:42,666 INFO sqlalchemy.engine.Engine ROLLBACK
INFO:     127.0.0.1:53412 - "GET /api/v1/streams/status/4 HTTP/1.1" 200 OK
2025-07-25 17:14:52,046 INFO sqlalchemy.engine.Engine BEGIN (implicit)
2025-07-25 17:14:52,047 INFO sqlalchemy.engine.Engine SELECT cameras.id, cameras.name, cameras.ip_address, cameras.port, cameras.connection_type, cameras.stream_path, cameras.location, cameras.username, cameras.password, cameras.status, cameras.created_at, cameras.updated_at, cameras.enabled 
FROM cameras 
WHERE cameras.id = ?
2025-07-25 17:14:52,047 INFO sqlalchemy.engine.Engine [cached since 896.3s ago] (1,)
2025-07-25 17:14:52,047 INFO sqlalchemy.engine.Engine ROLLBACK
INFO:     127.0.0.1:52590 - "GET /api/v1/streams/status/1 HTTP/1.1" 404 Not Found
2025-07-25 17:14:52,053 INFO sqlalchemy.engine.Engine BEGIN (implicit)
2025-07-25 17:14:52,053 INFO sqlalchemy.engine.Engine SELECT cameras.id, cameras.name, cameras.ip_address, cameras.port, cameras.connection_type, cameras.stream_path, cameras.location, cameras.username, cameras.password, cameras.status, cameras.created_at, cameras.updated_at, cameras.enabled 
FROM cameras 
WHERE cameras.id = ?
2025-07-25 17:14:52,053 INFO sqlalchemy.engine.Engine [cached since 896.3s ago] (2,)
2025-07-25 17:14:52,053 INFO sqlalchemy.engine.Engine ROLLBACK
INFO:     127.0.0.1:52590 - "GET /api/v1/streams/status/2 HTTP/1.1" 404 Not Found
2025-07-25 17:14:52,058 INFO sqlalchemy.engine.Engine BEGIN (implicit)
2025-07-25 17:14:52,058 INFO sqlalchemy.engine.Engine SELECT cameras.id, cameras.name, cameras.ip_address, cameras.port, cameras.connection_type, cameras.stream_path, cameras.location, cameras.username, cameras.password, cameras.status, cameras.created_at, cameras.updated_at, cameras.enabled 
FROM cameras 
WHERE cameras.id = ?
2025-07-25 17:14:52,058 INFO sqlalchemy.engine.Engine [cached since 896.3s ago] (3,)
2025-07-25 17:14:52,059 INFO sqlalchemy.engine.Engine ROLLBACK
INFO:     127.0.0.1:52590 - "GET /api/v1/streams/status/3 HTTP/1.1" 200 OK
2025-07-25 17:14:52,063 INFO sqlalchemy.engine.Engine BEGIN (implicit)
2025-07-25 17:14:52,064 INFO sqlalchemy.engine.Engine SELECT cameras.id, cameras.name, cameras.ip_address, cameras.port, cameras.connection_type, cameras.stream_path, cameras.location, cameras.username, cameras.password, cameras.status, cameras.created_at, cameras.updated_at, cameras.enabled 
FROM cameras 
WHERE cameras.id = ?
2025-07-25 17:14:52,064 INFO sqlalchemy.engine.Engine [cached since 896.3s ago] (4,)
2025-07-25 17:14:52,064 INFO sqlalchemy.engine.Engine ROLLBACK
INFO:     127.0.0.1:52590 - "GET /api/v1/streams/status/4 HTTP/1.1" 200 OK
2025-07-25 17:15:12,656 INFO sqlalchemy.engine.Engine BEGIN (implicit)
2025-07-25 17:15:12,656 INFO sqlalchemy.engine.Engine SELECT cameras.id, cameras.name, cameras.ip_address, cameras.port, cameras.connection_type, cameras.stream_path, cameras.location, cameras.username, cameras.password, cameras.status, cameras.created_at, cameras.updated_at, cameras.enabled 
FROM cameras 
WHERE cameras.id = ?
2025-07-25 17:15:12,656 INFO sqlalchemy.engine.Engine [cached since 916.9s ago] (1,)
2025-07-25 17:15:12,656 INFO sqlalchemy.engine.Engine ROLLBACK
INFO:     127.0.0.1:41114 - "GET /api/v1/streams/status/1 HTTP/1.1" 404 Not Found
2025-07-25 17:15:12,661 INFO sqlalchemy.engine.Engine BEGIN (implicit)
2025-07-25 17:15:12,662 INFO sqlalchemy.engine.Engine SELECT cameras.id, cameras.name, cameras.ip_address, cameras.port, cameras.connection_type, cameras.stream_path, cameras.location, cameras.username, cameras.password, cameras.status, cameras.created_at, cameras.updated_at, cameras.enabled 
FROM cameras 
WHERE cameras.id = ?
2025-07-25 17:15:12,662 INFO sqlalchemy.engine.Engine [cached since 916.9s ago] (2,)
2025-07-25 17:15:12,662 INFO sqlalchemy.engine.Engine ROLLBACK
INFO:     127.0.0.1:41114 - "GET /api/v1/streams/status/2 HTTP/1.1" 404 Not Found
2025-07-25 17:15:12,667 INFO sqlalchemy.engine.Engine BEGIN (implicit)
2025-07-25 17:15:12,667 INFO sqlalchemy.engine.Engine SELECT cameras.id, cameras.name, cameras.ip_address, cameras.port, cameras.connection_type, cameras.stream_path, cameras.location, cameras.username, cameras.password, cameras.status, cameras.created_at, cameras.updated_at, cameras.enabled 
FROM cameras 
WHERE cameras.id = ?
2025-07-25 17:15:12,667 INFO sqlalchemy.engine.Engine [cached since 916.9s ago] (3,)
2025-07-25 17:15:12,668 INFO sqlalchemy.engine.Engine ROLLBACK
INFO:     127.0.0.1:41114 - "GET /api/v1/streams/status/3 HTTP/1.1" 200 OK
2025-07-25 17:15:12,672 INFO sqlalchemy.engine.Engine BEGIN (implicit)
2025-07-25 17:15:12,672 INFO sqlalchemy.engine.Engine SELECT cameras.id, cameras.name, cameras.ip_address, cameras.port, cameras.connection_type, cameras.stream_path, cameras.location, cameras.username, cameras.password, cameras.status, cameras.created_at, cameras.updated_at, cameras.enabled 
FROM cameras 
WHERE cameras.id = ?
2025-07-25 17:15:12,672 INFO sqlalchemy.engine.Engine [cached since 916.9s ago] (4,)
2025-07-25 17:15:12,673 INFO sqlalchemy.engine.Engine ROLLBACK
INFO:     127.0.0.1:41114 - "GET /api/v1/streams/status/4 HTTP/1.1" 200 OK
2025-07-25 17:15:22,311 INFO sqlalchemy.engine.Engine BEGIN (implicit)
2025-07-25 17:15:22,311 INFO sqlalchemy.engine.Engine SELECT cameras.id, cameras.name, cameras.ip_address, cameras.port, cameras.connection_type, cameras.stream_path, cameras.location, cameras.username, cameras.password, cameras.status, cameras.created_at, cameras.updated_at, cameras.enabled 
FROM cameras 
WHERE cameras.id = ?
2025-07-25 17:15:22,311 INFO sqlalchemy.engine.Engine [cached since 926.5s ago] (1,)
2025-07-25 17:15:22,312 INFO sqlalchemy.engine.Engine ROLLBACK
INFO:     127.0.0.1:37926 - "GET /api/v1/streams/status/1 HTTP/1.1" 404 Not Found
2025-07-25 17:15:22,317 INFO sqlalchemy.engine.Engine BEGIN (implicit)
2025-07-25 17:15:22,317 INFO sqlalchemy.engine.Engine SELECT cameras.id, cameras.name, cameras.ip_address, cameras.port, cameras.connection_type, cameras.stream_path, cameras.location, cameras.username, cameras.password, cameras.status, cameras.created_at, cameras.updated_at, cameras.enabled 
FROM cameras 
WHERE cameras.id = ?
2025-07-25 17:15:22,317 INFO sqlalchemy.engine.Engine [cached since 926.5s ago] (2,)
2025-07-25 17:15:22,317 INFO sqlalchemy.engine.Engine ROLLBACK
INFO:     127.0.0.1:37926 - "GET /api/v1/streams/status/2 HTTP/1.1" 404 Not Found
2025-07-25 17:15:22,322 INFO sqlalchemy.engine.Engine BEGIN (implicit)
2025-07-25 17:15:22,322 INFO sqlalchemy.engine.Engine SELECT cameras.id, cameras.name, cameras.ip_address, cameras.port, cameras.connection_type, cameras.stream_path, cameras.location, cameras.username, cameras.password, cameras.status, cameras.created_at, cameras.updated_at, cameras.enabled 
FROM cameras 
WHERE cameras.id = ?
2025-07-25 17:15:22,322 INFO sqlalchemy.engine.Engine [cached since 926.5s ago] (3,)
2025-07-25 17:15:22,323 INFO sqlalchemy.engine.Engine ROLLBACK
INFO:     127.0.0.1:37926 - "GET /api/v1/streams/status/3 HTTP/1.1" 200 OK
2025-07-25 17:15:22,328 INFO sqlalchemy.engine.Engine BEGIN (implicit)
2025-07-25 17:15:22,328 INFO sqlalchemy.engine.Engine SELECT cameras.id, cameras.name, cameras.ip_address, cameras.port, cameras.connection_type, cameras.stream_path, cameras.location, cameras.username, cameras.password, cameras.status, cameras.created_at, cameras.updated_at, cameras.enabled 
FROM cameras 
WHERE cameras.id = ?
2025-07-25 17:15:22,328 INFO sqlalchemy.engine.Engine [cached since 926.5s ago] (4,)
2025-07-25 17:15:22,329 INFO sqlalchemy.engine.Engine ROLLBACK
INFO:     127.0.0.1:37926 - "GET /api/v1/streams/status/4 HTTP/1.1" 200 OK
2025-07-25 17:15:42,664 INFO sqlalchemy.engine.Engine BEGIN (implicit)
2025-07-25 17:15:42,665 INFO sqlalchemy.engine.Engine SELECT cameras.id, cameras.name, cameras.ip_address, cameras.port, cameras.connection_type, cameras.stream_path, cameras.location, cameras.username, cameras.password, cameras.status, cameras.created_at, cameras.updated_at, cameras.enabled 
FROM cameras 
WHERE cameras.id = ?
2025-07-25 17:15:42,665 INFO sqlalchemy.engine.Engine [cached since 946.9s ago] (1,)
2025-07-25 17:15:42,665 INFO sqlalchemy.engine.Engine ROLLBACK
INFO:     127.0.0.1:46098 - "GET /api/v1/streams/status/1 HTTP/1.1" 404 Not Found
2025-07-25 17:15:42,670 INFO sqlalchemy.engine.Engine BEGIN (implicit)
2025-07-25 17:15:42,670 INFO sqlalchemy.engine.Engine SELECT cameras.id, cameras.name, cameras.ip_address, cameras.port, cameras.connection_type, cameras.stream_path, cameras.location, cameras.username, cameras.password, cameras.status, cameras.created_at, cameras.updated_at, cameras.enabled 
FROM cameras 
WHERE cameras.id = ?
2025-07-25 17:15:42,670 INFO sqlalchemy.engine.Engine [cached since 946.9s ago] (2,)
2025-07-25 17:15:42,670 INFO sqlalchemy.engine.Engine ROLLBACK
INFO:     127.0.0.1:46098 - "GET /api/v1/streams/status/2 HTTP/1.1" 404 Not Found
2025-07-25 17:15:42,675 INFO sqlalchemy.engine.Engine BEGIN (implicit)
2025-07-25 17:15:42,676 INFO sqlalchemy.engine.Engine SELECT cameras.id, cameras.name, cameras.ip_address, cameras.port, cameras.connection_type, cameras.stream_path, cameras.location, cameras.username, cameras.password, cameras.status, cameras.created_at, cameras.updated_at, cameras.enabled 
FROM cameras 
WHERE cameras.id = ?
2025-07-25 17:15:42,676 INFO sqlalchemy.engine.Engine [cached since 946.9s ago] (3,)
2025-07-25 17:15:42,676 INFO sqlalchemy.engine.Engine ROLLBACK
INFO:     127.0.0.1:46098 - "GET /api/v1/streams/status/3 HTTP/1.1" 200 OK
2025-07-25 17:15:42,681 INFO sqlalchemy.engine.Engine BEGIN (implicit)
2025-07-25 17:15:42,681 INFO sqlalchemy.engine.Engine SELECT cameras.id, cameras.name, cameras.ip_address, cameras.port, cameras.connection_type, cameras.stream_path, cameras.location, cameras.username, cameras.password, cameras.status, cameras.created_at, cameras.updated_at, cameras.enabled 
FROM cameras 
WHERE cameras.id = ?
2025-07-25 17:15:42,681 INFO sqlalchemy.engine.Engine [cached since 946.9s ago] (4,)
2025-07-25 17:15:42,681 INFO sqlalchemy.engine.Engine ROLLBACK
INFO:     127.0.0.1:46098 - "GET /api/v1/streams/status/4 HTTP/1.1" 200 OK
2025-07-25 17:15:52,614 INFO sqlalchemy.engine.Engine BEGIN (implicit)
2025-07-25 17:15:52,615 INFO sqlalchemy.engine.Engine SELECT cameras.id, cameras.name, cameras.ip_address, cameras.port, cameras.connection_type, cameras.stream_path, cameras.location, cameras.username, cameras.password, cameras.status, cameras.created_at, cameras.updated_at, cameras.enabled 
FROM cameras 
WHERE cameras.id = ?
2025-07-25 17:15:52,615 INFO sqlalchemy.engine.Engine [cached since 956.8s ago] (1,)
2025-07-25 17:15:52,615 INFO sqlalchemy.engine.Engine ROLLBACK
INFO:     127.0.0.1:56472 - "GET /api/v1/streams/status/1 HTTP/1.1" 404 Not Found
2025-07-25 17:15:52,621 INFO sqlalchemy.engine.Engine BEGIN (implicit)
2025-07-25 17:15:52,621 INFO sqlalchemy.engine.Engine SELECT cameras.id, cameras.name, cameras.ip_address, cameras.port, cameras.connection_type, cameras.stream_path, cameras.location, cameras.username, cameras.password, cameras.status, cameras.created_at, cameras.updated_at, cameras.enabled 
FROM cameras 
WHERE cameras.id = ?
2025-07-25 17:15:52,621 INFO sqlalchemy.engine.Engine [cached since 956.8s ago] (2,)
2025-07-25 17:15:52,622 INFO sqlalchemy.engine.Engine ROLLBACK
INFO:     127.0.0.1:56472 - "GET /api/v1/streams/status/2 HTTP/1.1" 404 Not Found
2025-07-25 17:15:52,626 INFO sqlalchemy.engine.Engine BEGIN (implicit)
2025-07-25 17:15:52,626 INFO sqlalchemy.engine.Engine SELECT cameras.id, cameras.name, cameras.ip_address, cameras.port, cameras.connection_type, cameras.stream_path, cameras.location, cameras.username, cameras.password, cameras.status, cameras.created_at, cameras.updated_at, cameras.enabled 
FROM cameras 
WHERE cameras.id = ?
2025-07-25 17:15:52,626 INFO sqlalchemy.engine.Engine [cached since 956.8s ago] (3,)
2025-07-25 17:15:52,627 INFO sqlalchemy.engine.Engine ROLLBACK
INFO:     127.0.0.1:56472 - "GET /api/v1/streams/status/3 HTTP/1.1" 200 OK
2025-07-25 17:15:52,632 INFO sqlalchemy.engine.Engine BEGIN (implicit)
2025-07-25 17:15:52,632 INFO sqlalchemy.engine.Engine SELECT cameras.id, cameras.name, cameras.ip_address, cameras.port, cameras.connection_type, cameras.stream_path, cameras.location, cameras.username, cameras.password, cameras.status, cameras.created_at, cameras.updated_at, cameras.enabled 
FROM cameras 
WHERE cameras.id = ?
2025-07-25 17:15:52,632 INFO sqlalchemy.engine.Engine [cached since 956.8s ago] (4,)
2025-07-25 17:15:52,633 INFO sqlalchemy.engine.Engine ROLLBACK
INFO:     127.0.0.1:56472 - "GET /api/v1/streams/status/4 HTTP/1.1" 200 OK
2025-07-25 17:16:12,675 INFO sqlalchemy.engine.Engine BEGIN (implicit)
2025-07-25 17:16:12,675 INFO sqlalchemy.engine.Engine SELECT cameras.id, cameras.name, cameras.ip_address, cameras.port, cameras.connection_type, cameras.stream_path, cameras.location, cameras.username, cameras.password, cameras.status, cameras.created_at, cameras.updated_at, cameras.enabled 
FROM cameras 
WHERE cameras.id = ?
2025-07-25 17:16:12,675 INFO sqlalchemy.engine.Engine [cached since 976.9s ago] (1,)
2025-07-25 17:16:12,675 INFO sqlalchemy.engine.Engine ROLLBACK
INFO:     127.0.0.1:47730 - "GET /api/v1/streams/status/1 HTTP/1.1" 404 Not Found
2025-07-25 17:16:12,680 INFO sqlalchemy.engine.Engine BEGIN (implicit)
2025-07-25 17:16:12,680 INFO sqlalchemy.engine.Engine SELECT cameras.id, cameras.name, cameras.ip_address, cameras.port, cameras.connection_type, cameras.stream_path, cameras.location, cameras.username, cameras.password, cameras.status, cameras.created_at, cameras.updated_at, cameras.enabled 
FROM cameras 
WHERE cameras.id = ?
2025-07-25 17:16:12,680 INFO sqlalchemy.engine.Engine [cached since 976.9s ago] (2,)
2025-07-25 17:16:12,681 INFO sqlalchemy.engine.Engine ROLLBACK
INFO:     127.0.0.1:47730 - "GET /api/v1/streams/status/2 HTTP/1.1" 404 Not Found
2025-07-25 17:16:12,686 INFO sqlalchemy.engine.Engine BEGIN (implicit)
2025-07-25 17:16:12,686 INFO sqlalchemy.engine.Engine SELECT cameras.id, cameras.name, cameras.ip_address, cameras.port, cameras.connection_type, cameras.stream_path, cameras.location, cameras.username, cameras.password, cameras.status, cameras.created_at, cameras.updated_at, cameras.enabled 
FROM cameras 
WHERE cameras.id = ?
2025-07-25 17:16:12,686 INFO sqlalchemy.engine.Engine [cached since 976.9s ago] (3,)
2025-07-25 17:16:12,687 INFO sqlalchemy.engine.Engine ROLLBACK
INFO:     127.0.0.1:47730 - "GET /api/v1/streams/status/3 HTTP/1.1" 200 OK
2025-07-25 17:16:12,691 INFO sqlalchemy.engine.Engine BEGIN (implicit)
2025-07-25 17:16:12,692 INFO sqlalchemy.engine.Engine SELECT cameras.id, cameras.name, cameras.ip_address, cameras.port, cameras.connection_type, cameras.stream_path, cameras.location, cameras.username, cameras.password, cameras.status, cameras.created_at, cameras.updated_at, cameras.enabled 
FROM cameras 
WHERE cameras.id = ?
2025-07-25 17:16:12,692 INFO sqlalchemy.engine.Engine [cached since 976.9s ago] (4,)
2025-07-25 17:16:12,692 INFO sqlalchemy.engine.Engine ROLLBACK
INFO:     127.0.0.1:47730 - "GET /api/v1/streams/status/4 HTTP/1.1" 200 OK
2025-07-25 17:16:22,952 INFO sqlalchemy.engine.Engine BEGIN (implicit)
2025-07-25 17:16:22,952 INFO sqlalchemy.engine.Engine SELECT cameras.id, cameras.name, cameras.ip_address, cameras.port, cameras.connection_type, cameras.stream_path, cameras.location, cameras.username, cameras.password, cameras.status, cameras.created_at, cameras.updated_at, cameras.enabled 
FROM cameras 
WHERE cameras.id = ?
2025-07-25 17:16:22,952 INFO sqlalchemy.engine.Engine [cached since 987.2s ago] (1,)
2025-07-25 17:16:22,953 INFO sqlalchemy.engine.Engine ROLLBACK
INFO:     127.0.0.1:41096 - "GET /api/v1/streams/status/1 HTTP/1.1" 404 Not Found
2025-07-25 17:16:22,958 INFO sqlalchemy.engine.Engine BEGIN (implicit)
2025-07-25 17:16:22,958 INFO sqlalchemy.engine.Engine SELECT cameras.id, cameras.name, cameras.ip_address, cameras.port, cameras.connection_type, cameras.stream_path, cameras.location, cameras.username, cameras.password, cameras.status, cameras.created_at, cameras.updated_at, cameras.enabled 
FROM cameras 
WHERE cameras.id = ?
2025-07-25 17:16:22,958 INFO sqlalchemy.engine.Engine [cached since 987.2s ago] (2,)
2025-07-25 17:16:22,959 INFO sqlalchemy.engine.Engine ROLLBACK
INFO:     127.0.0.1:41096 - "GET /api/v1/streams/status/2 HTTP/1.1" 404 Not Found
2025-07-25 17:16:22,963 INFO sqlalchemy.engine.Engine BEGIN (implicit)
2025-07-25 17:16:22,963 INFO sqlalchemy.engine.Engine SELECT cameras.id, cameras.name, cameras.ip_address, cameras.port, cameras.connection_type, cameras.stream_path, cameras.location, cameras.username, cameras.password, cameras.status, cameras.created_at, cameras.updated_at, cameras.enabled 
FROM cameras 
WHERE cameras.id = ?
2025-07-25 17:16:22,963 INFO sqlalchemy.engine.Engine [cached since 987.2s ago] (3,)
2025-07-25 17:16:22,964 INFO sqlalchemy.engine.Engine ROLLBACK
INFO:     127.0.0.1:41096 - "GET /api/v1/streams/status/3 HTTP/1.1" 200 OK
2025-07-25 17:16:22,968 INFO sqlalchemy.engine.Engine BEGIN (implicit)
2025-07-25 17:16:22,969 INFO sqlalchemy.engine.Engine SELECT cameras.id, cameras.name, cameras.ip_address, cameras.port, cameras.connection_type, cameras.stream_path, cameras.location, cameras.username, cameras.password, cameras.status, cameras.created_at, cameras.updated_at, cameras.enabled 
FROM cameras 
WHERE cameras.id = ?
2025-07-25 17:16:22,969 INFO sqlalchemy.engine.Engine [cached since 987.2s ago] (4,)
2025-07-25 17:16:22,969 INFO sqlalchemy.engine.Engine ROLLBACK
INFO:     127.0.0.1:41096 - "GET /api/v1/streams/status/4 HTTP/1.1" 200 OK
2025-07-25 17:16:42,676 INFO sqlalchemy.engine.Engine BEGIN (implicit)
2025-07-25 17:16:42,677 INFO sqlalchemy.engine.Engine SELECT cameras.id, cameras.name, cameras.ip_address, cameras.port, cameras.connection_type, cameras.stream_path, cameras.location, cameras.username, cameras.password, cameras.status, cameras.created_at, cameras.updated_at, cameras.enabled 
FROM cameras 
WHERE cameras.id = ?
2025-07-25 17:16:42,677 INFO sqlalchemy.engine.Engine [cached since 1007s ago] (1,)
2025-07-25 17:16:42,677 INFO sqlalchemy.engine.Engine ROLLBACK
INFO:     127.0.0.1:35646 - "GET /api/v1/streams/status/1 HTTP/1.1" 404 Not Found
2025-07-25 17:16:42,682 INFO sqlalchemy.engine.Engine BEGIN (implicit)
2025-07-25 17:16:42,682 INFO sqlalchemy.engine.Engine SELECT cameras.id, cameras.name, cameras.ip_address, cameras.port, cameras.connection_type, cameras.stream_path, cameras.location, cameras.username, cameras.password, cameras.status, cameras.created_at, cameras.updated_at, cameras.enabled 
FROM cameras 
WHERE cameras.id = ?
2025-07-25 17:16:42,682 INFO sqlalchemy.engine.Engine [cached since 1007s ago] (2,)
2025-07-25 17:16:42,683 INFO sqlalchemy.engine.Engine ROLLBACK
INFO:     127.0.0.1:35646 - "GET /api/v1/streams/status/2 HTTP/1.1" 404 Not Found
2025-07-25 17:16:42,687 INFO sqlalchemy.engine.Engine BEGIN (implicit)
2025-07-25 17:16:42,687 INFO sqlalchemy.engine.Engine SELECT cameras.id, cameras.name, cameras.ip_address, cameras.port, cameras.connection_type, cameras.stream_path, cameras.location, cameras.username, cameras.password, cameras.status, cameras.created_at, cameras.updated_at, cameras.enabled 
FROM cameras 
WHERE cameras.id = ?
2025-07-25 17:16:42,687 INFO sqlalchemy.engine.Engine [cached since 1007s ago] (3,)
2025-07-25 17:16:42,688 INFO sqlalchemy.engine.Engine ROLLBACK
INFO:     127.0.0.1:35646 - "GET /api/v1/streams/status/3 HTTP/1.1" 200 OK
2025-07-25 17:16:42,693 INFO sqlalchemy.engine.Engine BEGIN (implicit)
2025-07-25 17:16:42,693 INFO sqlalchemy.engine.Engine SELECT cameras.id, cameras.name, cameras.ip_address, cameras.port, cameras.connection_type, cameras.stream_path, cameras.location, cameras.username, cameras.password, cameras.status, cameras.created_at, cameras.updated_at, cameras.enabled 
FROM cameras 
WHERE cameras.id = ?
2025-07-25 17:16:42,693 INFO sqlalchemy.engine.Engine [cached since 1007s ago] (4,)
2025-07-25 17:16:42,693 INFO sqlalchemy.engine.Engine ROLLBACK
INFO:     127.0.0.1:35646 - "GET /api/v1/streams/status/4 HTTP/1.1" 200 OK
2025-07-25 17:16:53,412 INFO sqlalchemy.engine.Engine BEGIN (implicit)
2025-07-25 17:16:53,412 INFO sqlalchemy.engine.Engine SELECT cameras.id, cameras.name, cameras.ip_address, cameras.port, cameras.connection_type, cameras.stream_path, cameras.location, cameras.username, cameras.password, cameras.status, cameras.created_at, cameras.updated_at, cameras.enabled 
FROM cameras 
WHERE cameras.id = ?
2025-07-25 17:16:53,412 INFO sqlalchemy.engine.Engine [cached since 1018s ago] (1,)
2025-07-25 17:16:53,412 INFO sqlalchemy.engine.Engine ROLLBACK
INFO:     127.0.0.1:35124 - "GET /api/v1/streams/status/1 HTTP/1.1" 404 Not Found
2025-07-25 17:16:53,417 INFO sqlalchemy.engine.Engine BEGIN (implicit)
2025-07-25 17:16:53,418 INFO sqlalchemy.engine.Engine SELECT cameras.id, cameras.name, cameras.ip_address, cameras.port, cameras.connection_type, cameras.stream_path, cameras.location, cameras.username, cameras.password, cameras.status, cameras.created_at, cameras.updated_at, cameras.enabled 
FROM cameras 
WHERE cameras.id = ?
2025-07-25 17:16:53,418 INFO sqlalchemy.engine.Engine [cached since 1018s ago] (2,)
2025-07-25 17:16:53,418 INFO sqlalchemy.engine.Engine ROLLBACK
INFO:     127.0.0.1:35124 - "GET /api/v1/streams/status/2 HTTP/1.1" 404 Not Found
2025-07-25 17:16:53,423 INFO sqlalchemy.engine.Engine BEGIN (implicit)
2025-07-25 17:16:53,423 INFO sqlalchemy.engine.Engine SELECT cameras.id, cameras.name, cameras.ip_address, cameras.port, cameras.connection_type, cameras.stream_path, cameras.location, cameras.username, cameras.password, cameras.status, cameras.created_at, cameras.updated_at, cameras.enabled 
FROM cameras 
WHERE cameras.id = ?
2025-07-25 17:16:53,423 INFO sqlalchemy.engine.Engine [cached since 1018s ago] (3,)
2025-07-25 17:16:53,423 INFO sqlalchemy.engine.Engine ROLLBACK
INFO:     127.0.0.1:35124 - "GET /api/v1/streams/status/3 HTTP/1.1" 200 OK
2025-07-25 17:16:53,428 INFO sqlalchemy.engine.Engine BEGIN (implicit)
2025-07-25 17:16:53,428 INFO sqlalchemy.engine.Engine SELECT cameras.id, cameras.name, cameras.ip_address, cameras.port, cameras.connection_type, cameras.stream_path, cameras.location, cameras.username, cameras.password, cameras.status, cameras.created_at, cameras.updated_at, cameras.enabled 
FROM cameras 
WHERE cameras.id = ?
2025-07-25 17:16:53,428 INFO sqlalchemy.engine.Engine [cached since 1018s ago] (4,)
2025-07-25 17:16:53,429 INFO sqlalchemy.engine.Engine ROLLBACK
INFO:     127.0.0.1:35124 - "GET /api/v1/streams/status/4 HTTP/1.1" 200 OK
2025-07-25 17:17:12,684 INFO sqlalchemy.engine.Engine BEGIN (implicit)
2025-07-25 17:17:12,684 INFO sqlalchemy.engine.Engine SELECT cameras.id, cameras.name, cameras.ip_address, cameras.port, cameras.connection_type, cameras.stream_path, cameras.location, cameras.username, cameras.password, cameras.status, cameras.created_at, cameras.updated_at, cameras.enabled 
FROM cameras 
WHERE cameras.id = ?
2025-07-25 17:17:12,684 INFO sqlalchemy.engine.Engine [cached since 1037s ago] (1,)
2025-07-25 17:17:12,685 INFO sqlalchemy.engine.Engine ROLLBACK
INFO:     127.0.0.1:47358 - "GET /api/v1/streams/status/1 HTTP/1.1" 404 Not Found
2025-07-25 17:17:12,689 INFO sqlalchemy.engine.Engine BEGIN (implicit)
2025-07-25 17:17:12,690 INFO sqlalchemy.engine.Engine SELECT cameras.id, cameras.name, cameras.ip_address, cameras.port, cameras.connection_type, cameras.stream_path, cameras.location, cameras.username, cameras.password, cameras.status, cameras.created_at, cameras.updated_at, cameras.enabled 
FROM cameras 
WHERE cameras.id = ?
2025-07-25 17:17:12,690 INFO sqlalchemy.engine.Engine [cached since 1037s ago] (2,)
2025-07-25 17:17:12,690 INFO sqlalchemy.engine.Engine ROLLBACK
INFO:     127.0.0.1:47358 - "GET /api/v1/streams/status/2 HTTP/1.1" 404 Not Found
2025-07-25 17:17:12,695 INFO sqlalchemy.engine.Engine BEGIN (implicit)
2025-07-25 17:17:12,695 INFO sqlalchemy.engine.Engine SELECT cameras.id, cameras.name, cameras.ip_address, cameras.port, cameras.connection_type, cameras.stream_path, cameras.location, cameras.username, cameras.password, cameras.status, cameras.created_at, cameras.updated_at, cameras.enabled 
FROM cameras 
WHERE cameras.id = ?
2025-07-25 17:17:12,695 INFO sqlalchemy.engine.Engine [cached since 1037s ago] (3,)
2025-07-25 17:17:12,696 INFO sqlalchemy.engine.Engine ROLLBACK
INFO:     127.0.0.1:47358 - "GET /api/v1/streams/status/3 HTTP/1.1" 200 OK
2025-07-25 17:17:12,700 INFO sqlalchemy.engine.Engine BEGIN (implicit)
2025-07-25 17:17:12,701 INFO sqlalchemy.engine.Engine SELECT cameras.id, cameras.name, cameras.ip_address, cameras.port, cameras.connection_type, cameras.stream_path, cameras.location, cameras.username, cameras.password, cameras.status, cameras.created_at, cameras.updated_at, cameras.enabled 
FROM cameras 
WHERE cameras.id = ?
2025-07-25 17:17:12,701 INFO sqlalchemy.engine.Engine [cached since 1037s ago] (4,)
2025-07-25 17:17:12,701 INFO sqlalchemy.engine.Engine ROLLBACK
INFO:     127.0.0.1:47358 - "GET /api/v1/streams/status/4 HTTP/1.1" 200 OK
2025-07-25 17:17:23,785 INFO sqlalchemy.engine.Engine BEGIN (implicit)
2025-07-25 17:17:23,785 INFO sqlalchemy.engine.Engine SELECT cameras.id, cameras.name, cameras.ip_address, cameras.port, cameras.connection_type, cameras.stream_path, cameras.location, cameras.username, cameras.password, cameras.status, cameras.created_at, cameras.updated_at, cameras.enabled 
FROM cameras 
WHERE cameras.id = ?
2025-07-25 17:17:23,785 INFO sqlalchemy.engine.Engine [cached since 1048s ago] (1,)
2025-07-25 17:17:23,786 INFO sqlalchemy.engine.Engine ROLLBACK
INFO:     127.0.0.1:40534 - "GET /api/v1/streams/status/1 HTTP/1.1" 404 Not Found
2025-07-25 17:17:23,791 INFO sqlalchemy.engine.Engine BEGIN (implicit)
2025-07-25 17:17:23,791 INFO sqlalchemy.engine.Engine SELECT cameras.id, cameras.name, cameras.ip_address, cameras.port, cameras.connection_type, cameras.stream_path, cameras.location, cameras.username, cameras.password, cameras.status, cameras.created_at, cameras.updated_at, cameras.enabled 
FROM cameras 
WHERE cameras.id = ?
2025-07-25 17:17:23,791 INFO sqlalchemy.engine.Engine [cached since 1048s ago] (2,)
2025-07-25 17:17:23,791 INFO sqlalchemy.engine.Engine ROLLBACK
INFO:     127.0.0.1:40534 - "GET /api/v1/streams/status/2 HTTP/1.1" 404 Not Found
2025-07-25 17:17:23,796 INFO sqlalchemy.engine.Engine BEGIN (implicit)
2025-07-25 17:17:23,796 INFO sqlalchemy.engine.Engine SELECT cameras.id, cameras.name, cameras.ip_address, cameras.port, cameras.connection_type, cameras.stream_path, cameras.location, cameras.username, cameras.password, cameras.status, cameras.created_at, cameras.updated_at, cameras.enabled 
FROM cameras 
WHERE cameras.id = ?
2025-07-25 17:17:23,796 INFO sqlalchemy.engine.Engine [cached since 1048s ago] (3,)
2025-07-25 17:17:23,797 INFO sqlalchemy.engine.Engine ROLLBACK
INFO:     127.0.0.1:40534 - "GET /api/v1/streams/status/3 HTTP/1.1" 200 OK
2025-07-25 17:17:23,801 INFO sqlalchemy.engine.Engine BEGIN (implicit)
2025-07-25 17:17:23,801 INFO sqlalchemy.engine.Engine SELECT cameras.id, cameras.name, cameras.ip_address, cameras.port, cameras.connection_type, cameras.stream_path, cameras.location, cameras.username, cameras.password, cameras.status, cameras.created_at, cameras.updated_at, cameras.enabled 
FROM cameras 
WHERE cameras.id = ?
2025-07-25 17:17:23,801 INFO sqlalchemy.engine.Engine [cached since 1048s ago] (4,)
2025-07-25 17:17:23,802 INFO sqlalchemy.engine.Engine ROLLBACK
INFO:     127.0.0.1:40534 - "GET /api/v1/streams/status/4 HTTP/1.1" 200 OK
2025-07-25 17:17:42,690 INFO sqlalchemy.engine.Engine BEGIN (implicit)
2025-07-25 17:17:42,691 INFO sqlalchemy.engine.Engine SELECT cameras.id, cameras.name, cameras.ip_address, cameras.port, cameras.connection_type, cameras.stream_path, cameras.location, cameras.username, cameras.password, cameras.status, cameras.created_at, cameras.updated_at, cameras.enabled 
FROM cameras 
WHERE cameras.id = ?
2025-07-25 17:17:42,691 INFO sqlalchemy.engine.Engine [cached since 1067s ago] (1,)
2025-07-25 17:17:42,691 INFO sqlalchemy.engine.Engine ROLLBACK
INFO:     127.0.0.1:59572 - "GET /api/v1/streams/status/1 HTTP/1.1" 404 Not Found
2025-07-25 17:17:42,696 INFO sqlalchemy.engine.Engine BEGIN (implicit)
2025-07-25 17:17:42,696 INFO sqlalchemy.engine.Engine SELECT cameras.id, cameras.name, cameras.ip_address, cameras.port, cameras.connection_type, cameras.stream_path, cameras.location, cameras.username, cameras.password, cameras.status, cameras.created_at, cameras.updated_at, cameras.enabled 
FROM cameras 
WHERE cameras.id = ?
2025-07-25 17:17:42,696 INFO sqlalchemy.engine.Engine [cached since 1067s ago] (2,)
2025-07-25 17:17:42,697 INFO sqlalchemy.engine.Engine ROLLBACK
INFO:     127.0.0.1:59572 - "GET /api/v1/streams/status/2 HTTP/1.1" 404 Not Found
2025-07-25 17:17:42,702 INFO sqlalchemy.engine.Engine BEGIN (implicit)
2025-07-25 17:17:42,702 INFO sqlalchemy.engine.Engine SELECT cameras.id, cameras.name, cameras.ip_address, cameras.port, cameras.connection_type, cameras.stream_path, cameras.location, cameras.username, cameras.password, cameras.status, cameras.created_at, cameras.updated_at, cameras.enabled 
FROM cameras 
WHERE cameras.id = ?
2025-07-25 17:17:42,702 INFO sqlalchemy.engine.Engine [cached since 1067s ago] (3,)
2025-07-25 17:17:42,702 INFO sqlalchemy.engine.Engine ROLLBACK
INFO:     127.0.0.1:59572 - "GET /api/v1/streams/status/3 HTTP/1.1" 200 OK
2025-07-25 17:17:42,707 INFO sqlalchemy.engine.Engine BEGIN (implicit)
2025-07-25 17:17:42,707 INFO sqlalchemy.engine.Engine SELECT cameras.id, cameras.name, cameras.ip_address, cameras.port, cameras.connection_type, cameras.stream_path, cameras.location, cameras.username, cameras.password, cameras.status, cameras.created_at, cameras.updated_at, cameras.enabled 
FROM cameras 
WHERE cameras.id = ?
2025-07-25 17:17:42,707 INFO sqlalchemy.engine.Engine [cached since 1067s ago] (4,)
2025-07-25 17:17:42,708 INFO sqlalchemy.engine.Engine ROLLBACK
INFO:     127.0.0.1:59572 - "GET /api/v1/streams/status/4 HTTP/1.1" 200 OK
2025-07-25 17:17:54,191 INFO sqlalchemy.engine.Engine BEGIN (implicit)
2025-07-25 17:17:54,191 INFO sqlalchemy.engine.Engine SELECT cameras.id, cameras.name, cameras.ip_address, cameras.port, cameras.connection_type, cameras.stream_path, cameras.location, cameras.username, cameras.password, cameras.status, cameras.created_at, cameras.updated_at, cameras.enabled 
FROM cameras 
WHERE cameras.id = ?
2025-07-25 17:17:54,191 INFO sqlalchemy.engine.Engine [cached since 1078s ago] (1,)
2025-07-25 17:17:54,191 INFO sqlalchemy.engine.Engine ROLLBACK
INFO:     127.0.0.1:55552 - "GET /api/v1/streams/status/1 HTTP/1.1" 404 Not Found
2025-07-25 17:17:54,196 INFO sqlalchemy.engine.Engine BEGIN (implicit)
2025-07-25 17:17:54,196 INFO sqlalchemy.engine.Engine SELECT cameras.id, cameras.name, cameras.ip_address, cameras.port, cameras.connection_type, cameras.stream_path, cameras.location, cameras.username, cameras.password, cameras.status, cameras.created_at, cameras.updated_at, cameras.enabled 
FROM cameras 
WHERE cameras.id = ?
2025-07-25 17:17:54,197 INFO sqlalchemy.engine.Engine [cached since 1078s ago] (2,)
2025-07-25 17:17:54,197 INFO sqlalchemy.engine.Engine ROLLBACK
INFO:     127.0.0.1:55552 - "GET /api/v1/streams/status/2 HTTP/1.1" 404 Not Found
2025-07-25 17:17:54,202 INFO sqlalchemy.engine.Engine BEGIN (implicit)
2025-07-25 17:17:54,202 INFO sqlalchemy.engine.Engine SELECT cameras.id, cameras.name, cameras.ip_address, cameras.port, cameras.connection_type, cameras.stream_path, cameras.location, cameras.username, cameras.password, cameras.status, cameras.created_at, cameras.updated_at, cameras.enabled 
FROM cameras 
WHERE cameras.id = ?
2025-07-25 17:17:54,202 INFO sqlalchemy.engine.Engine [cached since 1078s ago] (3,)
2025-07-25 17:17:54,203 INFO sqlalchemy.engine.Engine ROLLBACK
INFO:     127.0.0.1:55552 - "GET /api/v1/streams/status/3 HTTP/1.1" 200 OK
2025-07-25 17:17:54,207 INFO sqlalchemy.engine.Engine BEGIN (implicit)
2025-07-25 17:17:54,208 INFO sqlalchemy.engine.Engine SELECT cameras.id, cameras.name, cameras.ip_address, cameras.port, cameras.connection_type, cameras.stream_path, cameras.location, cameras.username, cameras.password, cameras.status, cameras.created_at, cameras.updated_at, cameras.enabled 
FROM cameras 
WHERE cameras.id = ?
2025-07-25 17:17:54,208 INFO sqlalchemy.engine.Engine [cached since 1078s ago] (4,)
2025-07-25 17:17:54,208 INFO sqlalchemy.engine.Engine ROLLBACK
INFO:     127.0.0.1:55552 - "GET /api/v1/streams/status/4 HTTP/1.1" 200 OK
2025-07-25 17:18:12,701 INFO sqlalchemy.engine.Engine BEGIN (implicit)
2025-07-25 17:18:12,701 INFO sqlalchemy.engine.Engine SELECT cameras.id, cameras.name, cameras.ip_address, cameras.port, cameras.connection_type, cameras.stream_path, cameras.location, cameras.username, cameras.password, cameras.status, cameras.created_at, cameras.updated_at, cameras.enabled 
FROM cameras 
WHERE cameras.id = ?
2025-07-25 17:18:12,701 INFO sqlalchemy.engine.Engine [cached since 1097s ago] (1,)
2025-07-25 17:18:12,702 INFO sqlalchemy.engine.Engine ROLLBACK
INFO:     127.0.0.1:40228 - "GET /api/v1/streams/status/1 HTTP/1.1" 404 Not Found
2025-07-25 17:18:12,707 INFO sqlalchemy.engine.Engine BEGIN (implicit)
2025-07-25 17:18:12,707 INFO sqlalchemy.engine.Engine SELECT cameras.id, cameras.name, cameras.ip_address, cameras.port, cameras.connection_type, cameras.stream_path, cameras.location, cameras.username, cameras.password, cameras.status, cameras.created_at, cameras.updated_at, cameras.enabled 
FROM cameras 
WHERE cameras.id = ?
2025-07-25 17:18:12,707 INFO sqlalchemy.engine.Engine [cached since 1097s ago] (2,)
2025-07-25 17:18:12,707 INFO sqlalchemy.engine.Engine ROLLBACK
INFO:     127.0.0.1:40228 - "GET /api/v1/streams/status/2 HTTP/1.1" 404 Not Found
2025-07-25 17:18:12,712 INFO sqlalchemy.engine.Engine BEGIN (implicit)
2025-07-25 17:18:12,712 INFO sqlalchemy.engine.Engine SELECT cameras.id, cameras.name, cameras.ip_address, cameras.port, cameras.connection_type, cameras.stream_path, cameras.location, cameras.username, cameras.password, cameras.status, cameras.created_at, cameras.updated_at, cameras.enabled 
FROM cameras 
WHERE cameras.id = ?
2025-07-25 17:18:12,712 INFO sqlalchemy.engine.Engine [cached since 1097s ago] (3,)
2025-07-25 17:18:12,713 INFO sqlalchemy.engine.Engine ROLLBACK
INFO:     127.0.0.1:40228 - "GET /api/v1/streams/status/3 HTTP/1.1" 200 OK
2025-07-25 17:18:12,717 INFO sqlalchemy.engine.Engine BEGIN (implicit)
2025-07-25 17:18:12,717 INFO sqlalchemy.engine.Engine SELECT cameras.id, cameras.name, cameras.ip_address, cameras.port, cameras.connection_type, cameras.stream_path, cameras.location, cameras.username, cameras.password, cameras.status, cameras.created_at, cameras.updated_at, cameras.enabled 
FROM cameras 
WHERE cameras.id = ?
2025-07-25 17:18:12,717 INFO sqlalchemy.engine.Engine [cached since 1097s ago] (4,)
2025-07-25 17:18:12,718 INFO sqlalchemy.engine.Engine ROLLBACK
INFO:     127.0.0.1:40228 - "GET /api/v1/streams/status/4 HTTP/1.1" 200 OK
2025-07-25 17:18:24,549 INFO sqlalchemy.engine.Engine BEGIN (implicit)
2025-07-25 17:18:24,549 INFO sqlalchemy.engine.Engine SELECT cameras.id, cameras.name, cameras.ip_address, cameras.port, cameras.connection_type, cameras.stream_path, cameras.location, cameras.username, cameras.password, cameras.status, cameras.created_at, cameras.updated_at, cameras.enabled 
FROM cameras 
WHERE cameras.id = ?
2025-07-25 17:18:24,549 INFO sqlalchemy.engine.Engine [cached since 1109s ago] (1,)
2025-07-25 17:18:24,549 INFO sqlalchemy.engine.Engine ROLLBACK
INFO:     127.0.0.1:55014 - "GET /api/v1/streams/status/1 HTTP/1.1" 404 Not Found
2025-07-25 17:18:24,554 INFO sqlalchemy.engine.Engine BEGIN (implicit)
2025-07-25 17:18:24,554 INFO sqlalchemy.engine.Engine SELECT cameras.id, cameras.name, cameras.ip_address, cameras.port, cameras.connection_type, cameras.stream_path, cameras.location, cameras.username, cameras.password, cameras.status, cameras.created_at, cameras.updated_at, cameras.enabled 
FROM cameras 
WHERE cameras.id = ?
2025-07-25 17:18:24,554 INFO sqlalchemy.engine.Engine [cached since 1109s ago] (2,)
2025-07-25 17:18:24,555 INFO sqlalchemy.engine.Engine ROLLBACK
INFO:     127.0.0.1:55014 - "GET /api/v1/streams/status/2 HTTP/1.1" 404 Not Found
2025-07-25 17:18:24,560 INFO sqlalchemy.engine.Engine BEGIN (implicit)
2025-07-25 17:18:24,560 INFO sqlalchemy.engine.Engine SELECT cameras.id, cameras.name, cameras.ip_address, cameras.port, cameras.connection_type, cameras.stream_path, cameras.location, cameras.username, cameras.password, cameras.status, cameras.created_at, cameras.updated_at, cameras.enabled 
FROM cameras 
WHERE cameras.id = ?
2025-07-25 17:18:24,560 INFO sqlalchemy.engine.Engine [cached since 1109s ago] (3,)
2025-07-25 17:18:24,561 INFO sqlalchemy.engine.Engine ROLLBACK
INFO:     127.0.0.1:55014 - "GET /api/v1/streams/status/3 HTTP/1.1" 200 OK
2025-07-25 17:18:24,565 INFO sqlalchemy.engine.Engine BEGIN (implicit)
2025-07-25 17:18:24,565 INFO sqlalchemy.engine.Engine SELECT cameras.id, cameras.name, cameras.ip_address, cameras.port, cameras.connection_type, cameras.stream_path, cameras.location, cameras.username, cameras.password, cameras.status, cameras.created_at, cameras.updated_at, cameras.enabled 
FROM cameras 
WHERE cameras.id = ?
2025-07-25 17:18:24,565 INFO sqlalchemy.engine.Engine [cached since 1109s ago] (4,)
2025-07-25 17:18:24,566 INFO sqlalchemy.engine.Engine ROLLBACK
INFO:     127.0.0.1:55014 - "GET /api/v1/streams/status/4 HTTP/1.1" 200 OK
2025-07-25 17:18:42,709 INFO sqlalchemy.engine.Engine BEGIN (implicit)
2025-07-25 17:18:42,709 INFO sqlalchemy.engine.Engine SELECT cameras.id, cameras.name, cameras.ip_address, cameras.port, cameras.connection_type, cameras.stream_path, cameras.location, cameras.username, cameras.password, cameras.status, cameras.created_at, cameras.updated_at, cameras.enabled 
FROM cameras 
WHERE cameras.id = ?
2025-07-25 17:18:42,710 INFO sqlalchemy.engine.Engine [cached since 1127s ago] (1,)
2025-07-25 17:18:42,710 INFO sqlalchemy.engine.Engine ROLLBACK
INFO:     127.0.0.1:45840 - "GET /api/v1/streams/status/1 HTTP/1.1" 404 Not Found
2025-07-25 17:18:42,715 INFO sqlalchemy.engine.Engine BEGIN (implicit)
2025-07-25 17:18:42,715 INFO sqlalchemy.engine.Engine SELECT cameras.id, cameras.name, cameras.ip_address, cameras.port, cameras.connection_type, cameras.stream_path, cameras.location, cameras.username, cameras.password, cameras.status, cameras.created_at, cameras.updated_at, cameras.enabled 
FROM cameras 
WHERE cameras.id = ?
2025-07-25 17:18:42,715 INFO sqlalchemy.engine.Engine [cached since 1127s ago] (2,)
2025-07-25 17:18:42,715 INFO sqlalchemy.engine.Engine ROLLBACK
INFO:     127.0.0.1:45840 - "GET /api/v1/streams/status/2 HTTP/1.1" 404 Not Found
2025-07-25 17:18:42,720 INFO sqlalchemy.engine.Engine BEGIN (implicit)
2025-07-25 17:18:42,720 INFO sqlalchemy.engine.Engine SELECT cameras.id, cameras.name, cameras.ip_address, cameras.port, cameras.connection_type, cameras.stream_path, cameras.location, cameras.username, cameras.password, cameras.status, cameras.created_at, cameras.updated_at, cameras.enabled 
FROM cameras 
WHERE cameras.id = ?
2025-07-25 17:18:42,720 INFO sqlalchemy.engine.Engine [cached since 1127s ago] (3,)
2025-07-25 17:18:42,720 INFO sqlalchemy.engine.Engine ROLLBACK
INFO:     127.0.0.1:45840 - "GET /api/v1/streams/status/3 HTTP/1.1" 200 OK
2025-07-25 17:18:42,725 INFO sqlalchemy.engine.Engine BEGIN (implicit)
2025-07-25 17:18:42,725 INFO sqlalchemy.engine.Engine SELECT cameras.id, cameras.name, cameras.ip_address, cameras.port, cameras.connection_type, cameras.stream_path, cameras.location, cameras.username, cameras.password, cameras.status, cameras.created_at, cameras.updated_at, cameras.enabled 
FROM cameras 
WHERE cameras.id = ?
2025-07-25 17:18:42,725 INFO sqlalchemy.engine.Engine [cached since 1127s ago] (4,)
2025-07-25 17:18:42,726 INFO sqlalchemy.engine.Engine ROLLBACK
INFO:     127.0.0.1:45840 - "GET /api/v1/streams/status/4 HTTP/1.1" 200 OK
2025-07-25 17:18:54,942 INFO sqlalchemy.engine.Engine BEGIN (implicit)
2025-07-25 17:18:54,942 INFO sqlalchemy.engine.Engine SELECT cameras.id, cameras.name, cameras.ip_address, cameras.port, cameras.connection_type, cameras.stream_path, cameras.location, cameras.username, cameras.password, cameras.status, cameras.created_at, cameras.updated_at, cameras.enabled 
FROM cameras 
WHERE cameras.id = ?
2025-07-25 17:18:54,942 INFO sqlalchemy.engine.Engine [cached since 1139s ago] (1,)
2025-07-25 17:18:54,943 INFO sqlalchemy.engine.Engine ROLLBACK
INFO:     127.0.0.1:51768 - "GET /api/v1/streams/status/1 HTTP/1.1" 404 Not Found
2025-07-25 17:18:54,948 INFO sqlalchemy.engine.Engine BEGIN (implicit)
2025-07-25 17:18:54,948 INFO sqlalchemy.engine.Engine SELECT cameras.id, cameras.name, cameras.ip_address, cameras.port, cameras.connection_type, cameras.stream_path, cameras.location, cameras.username, cameras.password, cameras.status, cameras.created_at, cameras.updated_at, cameras.enabled 
FROM cameras 
WHERE cameras.id = ?
2025-07-25 17:18:54,948 INFO sqlalchemy.engine.Engine [cached since 1139s ago] (2,)
2025-07-25 17:18:54,949 INFO sqlalchemy.engine.Engine ROLLBACK
INFO:     127.0.0.1:51768 - "GET /api/v1/streams/status/2 HTTP/1.1" 404 Not Found
2025-07-25 17:18:54,953 INFO sqlalchemy.engine.Engine BEGIN (implicit)
2025-07-25 17:18:54,954 INFO sqlalchemy.engine.Engine SELECT cameras.id, cameras.name, cameras.ip_address, cameras.port, cameras.connection_type, cameras.stream_path, cameras.location, cameras.username, cameras.password, cameras.status, cameras.created_at, cameras.updated_at, cameras.enabled 
FROM cameras 
WHERE cameras.id = ?
2025-07-25 17:18:54,954 INFO sqlalchemy.engine.Engine [cached since 1139s ago] (3,)
2025-07-25 17:18:54,954 INFO sqlalchemy.engine.Engine ROLLBACK
INFO:     127.0.0.1:51768 - "GET /api/v1/streams/status/3 HTTP/1.1" 200 OK
2025-07-25 17:18:54,959 INFO sqlalchemy.engine.Engine BEGIN (implicit)
2025-07-25 17:18:54,959 INFO sqlalchemy.engine.Engine SELECT cameras.id, cameras.name, cameras.ip_address, cameras.port, cameras.connection_type, cameras.stream_path, cameras.location, cameras.username, cameras.password, cameras.status, cameras.created_at, cameras.updated_at, cameras.enabled 
FROM cameras 
WHERE cameras.id = ?
2025-07-25 17:18:54,959 INFO sqlalchemy.engine.Engine [cached since 1139s ago] (4,)
2025-07-25 17:18:54,960 INFO sqlalchemy.engine.Engine ROLLBACK
INFO:     127.0.0.1:51768 - "GET /api/v1/streams/status/4 HTTP/1.1" 200 OK
2025-07-25 17:19:12,715 INFO sqlalchemy.engine.Engine BEGIN (implicit)
2025-07-25 17:19:12,715 INFO sqlalchemy.engine.Engine SELECT cameras.id, cameras.name, cameras.ip_address, cameras.port, cameras.connection_type, cameras.stream_path, cameras.location, cameras.username, cameras.password, cameras.status, cameras.created_at, cameras.updated_at, cameras.enabled 
FROM cameras 
WHERE cameras.id = ?
2025-07-25 17:19:12,715 INFO sqlalchemy.engine.Engine [cached since 1157s ago] (1,)
2025-07-25 17:19:12,716 INFO sqlalchemy.engine.Engine ROLLBACK
INFO:     127.0.0.1:56348 - "GET /api/v1/streams/status/1 HTTP/1.1" 404 Not Found
2025-07-25 17:19:12,720 INFO sqlalchemy.engine.Engine BEGIN (implicit)
2025-07-25 17:19:12,720 INFO sqlalchemy.engine.Engine SELECT cameras.id, cameras.name, cameras.ip_address, cameras.port, cameras.connection_type, cameras.stream_path, cameras.location, cameras.username, cameras.password, cameras.status, cameras.created_at, cameras.updated_at, cameras.enabled 
FROM cameras 
WHERE cameras.id = ?
2025-07-25 17:19:12,720 INFO sqlalchemy.engine.Engine [cached since 1157s ago] (2,)
2025-07-25 17:19:12,721 INFO sqlalchemy.engine.Engine ROLLBACK
INFO:     127.0.0.1:56348 - "GET /api/v1/streams/status/2 HTTP/1.1" 404 Not Found
2025-07-25 17:19:12,726 INFO sqlalchemy.engine.Engine BEGIN (implicit)
2025-07-25 17:19:12,726 INFO sqlalchemy.engine.Engine SELECT cameras.id, cameras.name, cameras.ip_address, cameras.port, cameras.connection_type, cameras.stream_path, cameras.location, cameras.username, cameras.password, cameras.status, cameras.created_at, cameras.updated_at, cameras.enabled 
FROM cameras 
WHERE cameras.id = ?
2025-07-25 17:19:12,726 INFO sqlalchemy.engine.Engine [cached since 1157s ago] (3,)
2025-07-25 17:19:12,726 INFO sqlalchemy.engine.Engine ROLLBACK
INFO:     127.0.0.1:56348 - "GET /api/v1/streams/status/3 HTTP/1.1" 200 OK
2025-07-25 17:19:12,731 INFO sqlalchemy.engine.Engine BEGIN (implicit)
2025-07-25 17:19:12,731 INFO sqlalchemy.engine.Engine SELECT cameras.id, cameras.name, cameras.ip_address, cameras.port, cameras.connection_type, cameras.stream_path, cameras.location, cameras.username, cameras.password, cameras.status, cameras.created_at, cameras.updated_at, cameras.enabled 
FROM cameras 
WHERE cameras.id = ?
2025-07-25 17:19:12,732 INFO sqlalchemy.engine.Engine [cached since 1157s ago] (4,)
2025-07-25 17:19:12,732 INFO sqlalchemy.engine.Engine ROLLBACK
INFO:     127.0.0.1:56348 - "GET /api/v1/streams/status/4 HTTP/1.1" 200 OK
2025-07-25 17:19:25,275 INFO sqlalchemy.engine.Engine BEGIN (implicit)
2025-07-25 17:19:25,275 INFO sqlalchemy.engine.Engine SELECT cameras.id, cameras.name, cameras.ip_address, cameras.port, cameras.connection_type, cameras.stream_path, cameras.location, cameras.username, cameras.password, cameras.status, cameras.created_at, cameras.updated_at, cameras.enabled 
FROM cameras 
WHERE cameras.id = ?
2025-07-25 17:19:25,275 INFO sqlalchemy.engine.Engine [cached since 1169s ago] (1,)
2025-07-25 17:19:25,276 INFO sqlalchemy.engine.Engine ROLLBACK
INFO:     127.0.0.1:43388 - "GET /api/v1/streams/status/1 HTTP/1.1" 404 Not Found
2025-07-25 17:19:25,280 INFO sqlalchemy.engine.Engine BEGIN (implicit)
2025-07-25 17:19:25,280 INFO sqlalchemy.engine.Engine SELECT cameras.id, cameras.name, cameras.ip_address, cameras.port, cameras.connection_type, cameras.stream_path, cameras.location, cameras.username, cameras.password, cameras.status, cameras.created_at, cameras.updated_at, cameras.enabled 
FROM cameras 
WHERE cameras.id = ?
2025-07-25 17:19:25,280 INFO sqlalchemy.engine.Engine [cached since 1169s ago] (2,)
2025-07-25 17:19:25,281 INFO sqlalchemy.engine.Engine ROLLBACK
INFO:     127.0.0.1:43388 - "GET /api/v1/streams/status/2 HTTP/1.1" 404 Not Found
2025-07-25 17:19:25,285 INFO sqlalchemy.engine.Engine BEGIN (implicit)
2025-07-25 17:19:25,285 INFO sqlalchemy.engine.Engine SELECT cameras.id, cameras.name, cameras.ip_address, cameras.port, cameras.connection_type, cameras.stream_path, cameras.location, cameras.username, cameras.password, cameras.status, cameras.created_at, cameras.updated_at, cameras.enabled 
FROM cameras 
WHERE cameras.id = ?
2025-07-25 17:19:25,285 INFO sqlalchemy.engine.Engine [cached since 1170s ago] (3,)
2025-07-25 17:19:25,285 INFO sqlalchemy.engine.Engine ROLLBACK
INFO:     127.0.0.1:43388 - "GET /api/v1/streams/status/3 HTTP/1.1" 200 OK
2025-07-25 17:19:25,290 INFO sqlalchemy.engine.Engine BEGIN (implicit)
2025-07-25 17:19:25,290 INFO sqlalchemy.engine.Engine SELECT cameras.id, cameras.name, cameras.ip_address, cameras.port, cameras.connection_type, cameras.stream_path, cameras.location, cameras.username, cameras.password, cameras.status, cameras.created_at, cameras.updated_at, cameras.enabled 
FROM cameras 
WHERE cameras.id = ?
2025-07-25 17:19:25,291 INFO sqlalchemy.engine.Engine [cached since 1170s ago] (4,)
2025-07-25 17:19:25,291 INFO sqlalchemy.engine.Engine ROLLBACK
INFO:     127.0.0.1:43388 - "GET /api/v1/streams/status/4 HTTP/1.1" 200 OK
2025-07-25 17:19:42,717 INFO sqlalchemy.engine.Engine BEGIN (implicit)
2025-07-25 17:19:42,717 INFO sqlalchemy.engine.Engine SELECT cameras.id, cameras.name, cameras.ip_address, cameras.port, cameras.connection_type, cameras.stream_path, cameras.location, cameras.username, cameras.password, cameras.status, cameras.created_at, cameras.updated_at, cameras.enabled 
FROM cameras 
WHERE cameras.id = ?
2025-07-25 17:19:42,717 INFO sqlalchemy.engine.Engine [cached since 1187s ago] (1,)
2025-07-25 17:19:42,718 INFO sqlalchemy.engine.Engine ROLLBACK
INFO:     127.0.0.1:39672 - "GET /api/v1/streams/status/1 HTTP/1.1" 404 Not Found
2025-07-25 17:19:42,723 INFO sqlalchemy.engine.Engine BEGIN (implicit)
2025-07-25 17:19:42,723 INFO sqlalchemy.engine.Engine SELECT cameras.id, cameras.name, cameras.ip_address, cameras.port, cameras.connection_type, cameras.stream_path, cameras.location, cameras.username, cameras.password, cameras.status, cameras.created_at, cameras.updated_at, cameras.enabled 
FROM cameras 
WHERE cameras.id = ?
2025-07-25 17:19:42,723 INFO sqlalchemy.engine.Engine [cached since 1187s ago] (2,)
2025-07-25 17:19:42,723 INFO sqlalchemy.engine.Engine ROLLBACK
INFO:     127.0.0.1:39672 - "GET /api/v1/streams/status/2 HTTP/1.1" 404 Not Found
2025-07-25 17:19:42,727 INFO sqlalchemy.engine.Engine BEGIN (implicit)
2025-07-25 17:19:42,728 INFO sqlalchemy.engine.Engine SELECT cameras.id, cameras.name, cameras.ip_address, cameras.port, cameras.connection_type, cameras.stream_path, cameras.location, cameras.username, cameras.password, cameras.status, cameras.created_at, cameras.updated_at, cameras.enabled 
FROM cameras 
WHERE cameras.id = ?
2025-07-25 17:19:42,728 INFO sqlalchemy.engine.Engine [cached since 1187s ago] (3,)
2025-07-25 17:19:42,728 INFO sqlalchemy.engine.Engine ROLLBACK
INFO:     127.0.0.1:39672 - "GET /api/v1/streams/status/3 HTTP/1.1" 200 OK
2025-07-25 17:19:42,733 INFO sqlalchemy.engine.Engine BEGIN (implicit)
2025-07-25 17:19:42,733 INFO sqlalchemy.engine.Engine SELECT cameras.id, cameras.name, cameras.ip_address, cameras.port, cameras.connection_type, cameras.stream_path, cameras.location, cameras.username, cameras.password, cameras.status, cameras.created_at, cameras.updated_at, cameras.enabled 
FROM cameras 
WHERE cameras.id = ?
2025-07-25 17:19:42,733 INFO sqlalchemy.engine.Engine [cached since 1187s ago] (4,)
2025-07-25 17:19:42,733 INFO sqlalchemy.engine.Engine ROLLBACK
INFO:     127.0.0.1:39672 - "GET /api/v1/streams/status/4 HTTP/1.1" 200 OK
2025-07-25 17:19:55,694 INFO sqlalchemy.engine.Engine BEGIN (implicit)
2025-07-25 17:19:55,694 INFO sqlalchemy.engine.Engine SELECT cameras.id, cameras.name, cameras.ip_address, cameras.port, cameras.connection_type, cameras.stream_path, cameras.location, cameras.username, cameras.password, cameras.status, cameras.created_at, cameras.updated_at, cameras.enabled 
FROM cameras 
WHERE cameras.id = ?
2025-07-25 17:19:55,694 INFO sqlalchemy.engine.Engine [cached since 1200s ago] (1,)
2025-07-25 17:19:55,695 INFO sqlalchemy.engine.Engine ROLLBACK
INFO:     127.0.0.1:44166 - "GET /api/v1/streams/status/1 HTTP/1.1" 404 Not Found
2025-07-25 17:19:55,699 INFO sqlalchemy.engine.Engine BEGIN (implicit)
2025-07-25 17:19:55,700 INFO sqlalchemy.engine.Engine SELECT cameras.id, cameras.name, cameras.ip_address, cameras.port, cameras.connection_type, cameras.stream_path, cameras.location, cameras.username, cameras.password, cameras.status, cameras.created_at, cameras.updated_at, cameras.enabled 
FROM cameras 
WHERE cameras.id = ?
2025-07-25 17:19:55,700 INFO sqlalchemy.engine.Engine [cached since 1200s ago] (2,)
2025-07-25 17:19:55,700 INFO sqlalchemy.engine.Engine ROLLBACK
INFO:     127.0.0.1:44166 - "GET /api/v1/streams/status/2 HTTP/1.1" 404 Not Found
2025-07-25 17:19:55,705 INFO sqlalchemy.engine.Engine BEGIN (implicit)
2025-07-25 17:19:55,705 INFO sqlalchemy.engine.Engine SELECT cameras.id, cameras.name, cameras.ip_address, cameras.port, cameras.connection_type, cameras.stream_path, cameras.location, cameras.username, cameras.password, cameras.status, cameras.created_at, cameras.updated_at, cameras.enabled 
FROM cameras 
WHERE cameras.id = ?
2025-07-25 17:19:55,705 INFO sqlalchemy.engine.Engine [cached since 1200s ago] (3,)
2025-07-25 17:19:55,706 INFO sqlalchemy.engine.Engine ROLLBACK
INFO:     127.0.0.1:44166 - "GET /api/v1/streams/status/3 HTTP/1.1" 200 OK
2025-07-25 17:19:55,710 INFO sqlalchemy.engine.Engine BEGIN (implicit)
2025-07-25 17:19:55,711 INFO sqlalchemy.engine.Engine SELECT cameras.id, cameras.name, cameras.ip_address, cameras.port, cameras.connection_type, cameras.stream_path, cameras.location, cameras.username, cameras.password, cameras.status, cameras.created_at, cameras.updated_at, cameras.enabled 
FROM cameras 
WHERE cameras.id = ?
2025-07-25 17:19:55,711 INFO sqlalchemy.engine.Engine [cached since 1200s ago] (4,)
2025-07-25 17:19:55,711 INFO sqlalchemy.engine.Engine ROLLBACK
INFO:     127.0.0.1:44166 - "GET /api/v1/streams/status/4 HTTP/1.1" 200 OK
2025-07-25 17:20:12,731 INFO sqlalchemy.engine.Engine BEGIN (implicit)
2025-07-25 17:20:12,731 INFO sqlalchemy.engine.Engine SELECT cameras.id, cameras.name, cameras.ip_address, cameras.port, cameras.connection_type, cameras.stream_path, cameras.location, cameras.username, cameras.password, cameras.status, cameras.created_at, cameras.updated_at, cameras.enabled 
FROM cameras 
WHERE cameras.id = ?
2025-07-25 17:20:12,731 INFO sqlalchemy.engine.Engine [cached since 1217s ago] (1,)
2025-07-25 17:20:12,731 INFO sqlalchemy.engine.Engine ROLLBACK
INFO:     127.0.0.1:38526 - "GET /api/v1/streams/status/1 HTTP/1.1" 404 Not Found
2025-07-25 17:20:12,736 INFO sqlalchemy.engine.Engine BEGIN (implicit)
2025-07-25 17:20:12,736 INFO sqlalchemy.engine.Engine SELECT cameras.id, cameras.name, cameras.ip_address, cameras.port, cameras.connection_type, cameras.stream_path, cameras.location, cameras.username, cameras.password, cameras.status, cameras.created_at, cameras.updated_at, cameras.enabled 
FROM cameras 
WHERE cameras.id = ?
2025-07-25 17:20:12,736 INFO sqlalchemy.engine.Engine [cached since 1217s ago] (2,)
2025-07-25 17:20:12,736 INFO sqlalchemy.engine.Engine ROLLBACK
INFO:     127.0.0.1:38526 - "GET /api/v1/streams/status/2 HTTP/1.1" 404 Not Found
2025-07-25 17:20:12,740 INFO sqlalchemy.engine.Engine BEGIN (implicit)
2025-07-25 17:20:12,740 INFO sqlalchemy.engine.Engine SELECT cameras.id, cameras.name, cameras.ip_address, cameras.port, cameras.connection_type, cameras.stream_path, cameras.location, cameras.username, cameras.password, cameras.status, cameras.created_at, cameras.updated_at, cameras.enabled 
FROM cameras 
WHERE cameras.id = ?
2025-07-25 17:20:12,740 INFO sqlalchemy.engine.Engine [cached since 1217s ago] (3,)
2025-07-25 17:20:12,741 INFO sqlalchemy.engine.Engine ROLLBACK
INFO:     127.0.0.1:38526 - "GET /api/v1/streams/status/3 HTTP/1.1" 200 OK
2025-07-25 17:20:12,746 INFO sqlalchemy.engine.Engine BEGIN (implicit)
2025-07-25 17:20:12,746 INFO sqlalchemy.engine.Engine SELECT cameras.id, cameras.name, cameras.ip_address, cameras.port, cameras.connection_type, cameras.stream_path, cameras.location, cameras.username, cameras.password, cameras.status, cameras.created_at, cameras.updated_at, cameras.enabled 
FROM cameras 
WHERE cameras.id = ?
2025-07-25 17:20:12,746 INFO sqlalchemy.engine.Engine [cached since 1217s ago] (4,)
2025-07-25 17:20:12,746 INFO sqlalchemy.engine.Engine ROLLBACK
INFO:     127.0.0.1:38526 - "GET /api/v1/streams/status/4 HTTP/1.1" 200 OK
2025-07-25 17:20:26,144 INFO sqlalchemy.engine.Engine BEGIN (implicit)
2025-07-25 17:20:26,144 INFO sqlalchemy.engine.Engine SELECT cameras.id, cameras.name, cameras.ip_address, cameras.port, cameras.connection_type, cameras.stream_path, cameras.location, cameras.username, cameras.password, cameras.status, cameras.created_at, cameras.updated_at, cameras.enabled 
FROM cameras 
WHERE cameras.id = ?
2025-07-25 17:20:26,144 INFO sqlalchemy.engine.Engine [cached since 1230s ago] (1,)
2025-07-25 17:20:26,145 INFO sqlalchemy.engine.Engine ROLLBACK
INFO:     127.0.0.1:35782 - "GET /api/v1/streams/status/1 HTTP/1.1" 404 Not Found
2025-07-25 17:20:26,149 INFO sqlalchemy.engine.Engine BEGIN (implicit)
2025-07-25 17:20:26,150 INFO sqlalchemy.engine.Engine SELECT cameras.id, cameras.name, cameras.ip_address, cameras.port, cameras.connection_type, cameras.stream_path, cameras.location, cameras.username, cameras.password, cameras.status, cameras.created_at, cameras.updated_at, cameras.enabled 
FROM cameras 
WHERE cameras.id = ?
2025-07-25 17:20:26,150 INFO sqlalchemy.engine.Engine [cached since 1230s ago] (2,)
2025-07-25 17:20:26,150 INFO sqlalchemy.engine.Engine ROLLBACK
INFO:     127.0.0.1:35782 - "GET /api/v1/streams/status/2 HTTP/1.1" 404 Not Found
2025-07-25 17:20:26,154 INFO sqlalchemy.engine.Engine BEGIN (implicit)
2025-07-25 17:20:26,154 INFO sqlalchemy.engine.Engine SELECT cameras.id, cameras.name, cameras.ip_address, cameras.port, cameras.connection_type, cameras.stream_path, cameras.location, cameras.username, cameras.password, cameras.status, cameras.created_at, cameras.updated_at, cameras.enabled 
FROM cameras 
WHERE cameras.id = ?
2025-07-25 17:20:26,154 INFO sqlalchemy.engine.Engine [cached since 1230s ago] (3,)
2025-07-25 17:20:26,155 INFO sqlalchemy.engine.Engine ROLLBACK
INFO:     127.0.0.1:35782 - "GET /api/v1/streams/status/3 HTTP/1.1" 200 OK
2025-07-25 17:20:26,159 INFO sqlalchemy.engine.Engine BEGIN (implicit)
2025-07-25 17:20:26,159 INFO sqlalchemy.engine.Engine SELECT cameras.id, cameras.name, cameras.ip_address, cameras.port, cameras.connection_type, cameras.stream_path, cameras.location, cameras.username, cameras.password, cameras.status, cameras.created_at, cameras.updated_at, cameras.enabled 
FROM cameras 
WHERE cameras.id = ?
2025-07-25 17:20:26,159 INFO sqlalchemy.engine.Engine [cached since 1230s ago] (4,)
2025-07-25 17:20:26,159 INFO sqlalchemy.engine.Engine ROLLBACK
INFO:     127.0.0.1:35782 - "GET /api/v1/streams/status/4 HTTP/1.1" 200 OK
2025-07-25 17:20:42,744 INFO sqlalchemy.engine.Engine BEGIN (implicit)
2025-07-25 17:20:42,744 INFO sqlalchemy.engine.Engine SELECT cameras.id, cameras.name, cameras.ip_address, cameras.port, cameras.connection_type, cameras.stream_path, cameras.location, cameras.username, cameras.password, cameras.status, cameras.created_at, cameras.updated_at, cameras.enabled 
FROM cameras 
WHERE cameras.id = ?
2025-07-25 17:20:42,744 INFO sqlalchemy.engine.Engine [cached since 1247s ago] (1,)
2025-07-25 17:20:42,745 INFO sqlalchemy.engine.Engine ROLLBACK
INFO:     127.0.0.1:54934 - "GET /api/v1/streams/status/1 HTTP/1.1" 404 Not Found
2025-07-25 17:20:42,749 INFO sqlalchemy.engine.Engine BEGIN (implicit)
2025-07-25 17:20:42,749 INFO sqlalchemy.engine.Engine SELECT cameras.id, cameras.name, cameras.ip_address, cameras.port, cameras.connection_type, cameras.stream_path, cameras.location, cameras.username, cameras.password, cameras.status, cameras.created_at, cameras.updated_at, cameras.enabled 
FROM cameras 
WHERE cameras.id = ?
2025-07-25 17:20:42,749 INFO sqlalchemy.engine.Engine [cached since 1247s ago] (2,)
2025-07-25 17:20:42,750 INFO sqlalchemy.engine.Engine ROLLBACK
INFO:     127.0.0.1:54934 - "GET /api/v1/streams/status/2 HTTP/1.1" 404 Not Found
2025-07-25 17:20:42,754 INFO sqlalchemy.engine.Engine BEGIN (implicit)
2025-07-25 17:20:42,754 INFO sqlalchemy.engine.Engine SELECT cameras.id, cameras.name, cameras.ip_address, cameras.port, cameras.connection_type, cameras.stream_path, cameras.location, cameras.username, cameras.password, cameras.status, cameras.created_at, cameras.updated_at, cameras.enabled 
FROM cameras 
WHERE cameras.id = ?
2025-07-25 17:20:42,754 INFO sqlalchemy.engine.Engine [cached since 1247s ago] (3,)
2025-07-25 17:20:42,755 INFO sqlalchemy.engine.Engine ROLLBACK
INFO:     127.0.0.1:54934 - "GET /api/v1/streams/status/3 HTTP/1.1" 200 OK
2025-07-25 17:20:42,759 INFO sqlalchemy.engine.Engine BEGIN (implicit)
2025-07-25 17:20:42,759 INFO sqlalchemy.engine.Engine SELECT cameras.id, cameras.name, cameras.ip_address, cameras.port, cameras.connection_type, cameras.stream_path, cameras.location, cameras.username, cameras.password, cameras.status, cameras.created_at, cameras.updated_at, cameras.enabled 
FROM cameras 
WHERE cameras.id = ?
2025-07-25 17:20:42,759 INFO sqlalchemy.engine.Engine [cached since 1247s ago] (4,)
2025-07-25 17:20:42,760 INFO sqlalchemy.engine.Engine ROLLBACK
INFO:     127.0.0.1:54934 - "GET /api/v1/streams/status/4 HTTP/1.1" 200 OK
2025-07-25 17:20:56,619 INFO sqlalchemy.engine.Engine BEGIN (implicit)
2025-07-25 17:20:56,620 INFO sqlalchemy.engine.Engine SELECT cameras.id, cameras.name, cameras.ip_address, cameras.port, cameras.connection_type, cameras.stream_path, cameras.location, cameras.username, cameras.password, cameras.status, cameras.created_at, cameras.updated_at, cameras.enabled 
FROM cameras 
WHERE cameras.id = ?
2025-07-25 17:20:56,620 INFO sqlalchemy.engine.Engine [cached since 1261s ago] (1,)
2025-07-25 17:20:56,620 INFO sqlalchemy.engine.Engine ROLLBACK
INFO:     127.0.0.1:59986 - "GET /api/v1/streams/status/1 HTTP/1.1" 404 Not Found
2025-07-25 17:20:56,625 INFO sqlalchemy.engine.Engine BEGIN (implicit)
2025-07-25 17:20:56,625 INFO sqlalchemy.engine.Engine SELECT cameras.id, cameras.name, cameras.ip_address, cameras.port, cameras.connection_type, cameras.stream_path, cameras.location, cameras.username, cameras.password, cameras.status, cameras.created_at, cameras.updated_at, cameras.enabled 
FROM cameras 
WHERE cameras.id = ?
2025-07-25 17:20:56,625 INFO sqlalchemy.engine.Engine [cached since 1261s ago] (2,)
2025-07-25 17:20:56,626 INFO sqlalchemy.engine.Engine ROLLBACK
INFO:     127.0.0.1:59986 - "GET /api/v1/streams/status/2 HTTP/1.1" 404 Not Found
2025-07-25 17:20:56,630 INFO sqlalchemy.engine.Engine BEGIN (implicit)
2025-07-25 17:20:56,631 INFO sqlalchemy.engine.Engine SELECT cameras.id, cameras.name, cameras.ip_address, cameras.port, cameras.connection_type, cameras.stream_path, cameras.location, cameras.username, cameras.password, cameras.status, cameras.created_at, cameras.updated_at, cameras.enabled 
FROM cameras 
WHERE cameras.id = ?
2025-07-25 17:20:56,631 INFO sqlalchemy.engine.Engine [cached since 1261s ago] (3,)
2025-07-25 17:20:56,631 INFO sqlalchemy.engine.Engine ROLLBACK
INFO:     127.0.0.1:59986 - "GET /api/v1/streams/status/3 HTTP/1.1" 200 OK
2025-07-25 17:20:56,636 INFO sqlalchemy.engine.Engine BEGIN (implicit)
2025-07-25 17:20:56,636 INFO sqlalchemy.engine.Engine SELECT cameras.id, cameras.name, cameras.ip_address, cameras.port, cameras.connection_type, cameras.stream_path, cameras.location, cameras.username, cameras.password, cameras.status, cameras.created_at, cameras.updated_at, cameras.enabled 
FROM cameras 
WHERE cameras.id = ?
2025-07-25 17:20:56,636 INFO sqlalchemy.engine.Engine [cached since 1261s ago] (4,)
2025-07-25 17:20:56,637 INFO sqlalchemy.engine.Engine ROLLBACK
INFO:     127.0.0.1:59986 - "GET /api/v1/streams/status/4 HTTP/1.1" 200 OK
2025-07-25 17:21:12,751 INFO sqlalchemy.engine.Engine BEGIN (implicit)
2025-07-25 17:21:12,751 INFO sqlalchemy.engine.Engine SELECT cameras.id, cameras.name, cameras.ip_address, cameras.port, cameras.connection_type, cameras.stream_path, cameras.location, cameras.username, cameras.password, cameras.status, cameras.created_at, cameras.updated_at, cameras.enabled 
FROM cameras 
WHERE cameras.id = ?
2025-07-25 17:21:12,751 INFO sqlalchemy.engine.Engine [cached since 1277s ago] (1,)
2025-07-25 17:21:12,752 INFO sqlalchemy.engine.Engine ROLLBACK
INFO:     127.0.0.1:56924 - "GET /api/v1/streams/status/1 HTTP/1.1" 404 Not Found
2025-07-25 17:21:12,756 INFO sqlalchemy.engine.Engine BEGIN (implicit)
2025-07-25 17:21:12,756 INFO sqlalchemy.engine.Engine SELECT cameras.id, cameras.name, cameras.ip_address, cameras.port, cameras.connection_type, cameras.stream_path, cameras.location, cameras.username, cameras.password, cameras.status, cameras.created_at, cameras.updated_at, cameras.enabled 
FROM cameras 
WHERE cameras.id = ?
2025-07-25 17:21:12,756 INFO sqlalchemy.engine.Engine [cached since 1277s ago] (2,)
2025-07-25 17:21:12,757 INFO sqlalchemy.engine.Engine ROLLBACK
INFO:     127.0.0.1:56924 - "GET /api/v1/streams/status/2 HTTP/1.1" 404 Not Found
2025-07-25 17:21:12,761 INFO sqlalchemy.engine.Engine BEGIN (implicit)
2025-07-25 17:21:12,762 INFO sqlalchemy.engine.Engine SELECT cameras.id, cameras.name, cameras.ip_address, cameras.port, cameras.connection_type, cameras.stream_path, cameras.location, cameras.username, cameras.password, cameras.status, cameras.created_at, cameras.updated_at, cameras.enabled 
FROM cameras 
WHERE cameras.id = ?
2025-07-25 17:21:12,762 INFO sqlalchemy.engine.Engine [cached since 1277s ago] (3,)
2025-07-25 17:21:12,762 INFO sqlalchemy.engine.Engine ROLLBACK
INFO:     127.0.0.1:56924 - "GET /api/v1/streams/status/3 HTTP/1.1" 200 OK
2025-07-25 17:21:12,766 INFO sqlalchemy.engine.Engine BEGIN (implicit)
2025-07-25 17:21:12,766 INFO sqlalchemy.engine.Engine SELECT cameras.id, cameras.name, cameras.ip_address, cameras.port, cameras.connection_type, cameras.stream_path, cameras.location, cameras.username, cameras.password, cameras.status, cameras.created_at, cameras.updated_at, cameras.enabled 
FROM cameras 
WHERE cameras.id = ?
2025-07-25 17:21:12,766 INFO sqlalchemy.engine.Engine [cached since 1277s ago] (4,)
2025-07-25 17:21:12,767 INFO sqlalchemy.engine.Engine ROLLBACK
INFO:     127.0.0.1:56924 - "GET /api/v1/streams/status/4 HTTP/1.1" 200 OK
2025-07-25 17:21:26,873 INFO sqlalchemy.engine.Engine BEGIN (implicit)
2025-07-25 17:21:26,873 INFO sqlalchemy.engine.Engine SELECT cameras.id, cameras.name, cameras.ip_address, cameras.port, cameras.connection_type, cameras.stream_path, cameras.location, cameras.username, cameras.password, cameras.status, cameras.created_at, cameras.updated_at, cameras.enabled 
FROM cameras 
WHERE cameras.id = ?
2025-07-25 17:21:26,873 INFO sqlalchemy.engine.Engine [cached since 1291s ago] (1,)
2025-07-25 17:21:26,874 INFO sqlalchemy.engine.Engine ROLLBACK
INFO:     127.0.0.1:55404 - "GET /api/v1/streams/status/1 HTTP/1.1" 404 Not Found
2025-07-25 17:21:26,879 INFO sqlalchemy.engine.Engine BEGIN (implicit)
2025-07-25 17:21:26,879 INFO sqlalchemy.engine.Engine SELECT cameras.id, cameras.name, cameras.ip_address, cameras.port, cameras.connection_type, cameras.stream_path, cameras.location, cameras.username, cameras.password, cameras.status, cameras.created_at, cameras.updated_at, cameras.enabled 
FROM cameras 
WHERE cameras.id = ?
2025-07-25 17:21:26,879 INFO sqlalchemy.engine.Engine [cached since 1291s ago] (2,)
2025-07-25 17:21:26,880 INFO sqlalchemy.engine.Engine ROLLBACK
INFO:     127.0.0.1:55404 - "GET /api/v1/streams/status/2 HTTP/1.1" 404 Not Found
2025-07-25 17:21:26,884 INFO sqlalchemy.engine.Engine BEGIN (implicit)
2025-07-25 17:21:26,884 INFO sqlalchemy.engine.Engine SELECT cameras.id, cameras.name, cameras.ip_address, cameras.port, cameras.connection_type, cameras.stream_path, cameras.location, cameras.username, cameras.password, cameras.status, cameras.created_at, cameras.updated_at, cameras.enabled 
FROM cameras 
WHERE cameras.id = ?
2025-07-25 17:21:26,884 INFO sqlalchemy.engine.Engine [cached since 1291s ago] (3,)
2025-07-25 17:21:26,884 INFO sqlalchemy.engine.Engine ROLLBACK
INFO:     127.0.0.1:55404 - "GET /api/v1/streams/status/3 HTTP/1.1" 200 OK
2025-07-25 17:21:26,889 INFO sqlalchemy.engine.Engine BEGIN (implicit)
2025-07-25 17:21:26,889 INFO sqlalchemy.engine.Engine SELECT cameras.id, cameras.name, cameras.ip_address, cameras.port, cameras.connection_type, cameras.stream_path, cameras.location, cameras.username, cameras.password, cameras.status, cameras.created_at, cameras.updated_at, cameras.enabled 
FROM cameras 
WHERE cameras.id = ?
2025-07-25 17:21:26,889 INFO sqlalchemy.engine.Engine [cached since 1291s ago] (4,)
2025-07-25 17:21:26,889 INFO sqlalchemy.engine.Engine ROLLBACK
INFO:     127.0.0.1:55404 - "GET /api/v1/streams/status/4 HTTP/1.1" 200 OK
2025-07-25 17:21:42,766 INFO sqlalchemy.engine.Engine BEGIN (implicit)
2025-07-25 17:21:42,766 INFO sqlalchemy.engine.Engine SELECT cameras.id, cameras.name, cameras.ip_address, cameras.port, cameras.connection_type, cameras.stream_path, cameras.location, cameras.username, cameras.password, cameras.status, cameras.created_at, cameras.updated_at, cameras.enabled 
FROM cameras 
WHERE cameras.id = ?
2025-07-25 17:21:42,766 INFO sqlalchemy.engine.Engine [cached since 1307s ago] (1,)
2025-07-25 17:21:42,766 INFO sqlalchemy.engine.Engine ROLLBACK
INFO:     127.0.0.1:57868 - "GET /api/v1/streams/status/1 HTTP/1.1" 404 Not Found
2025-07-25 17:21:42,771 INFO sqlalchemy.engine.Engine BEGIN (implicit)
2025-07-25 17:21:42,771 INFO sqlalchemy.engine.Engine SELECT cameras.id, cameras.name, cameras.ip_address, cameras.port, cameras.connection_type, cameras.stream_path, cameras.location, cameras.username, cameras.password, cameras.status, cameras.created_at, cameras.updated_at, cameras.enabled 
FROM cameras 
WHERE cameras.id = ?
2025-07-25 17:21:42,771 INFO sqlalchemy.engine.Engine [cached since 1307s ago] (2,)
2025-07-25 17:21:42,771 INFO sqlalchemy.engine.Engine ROLLBACK
INFO:     127.0.0.1:57868 - "GET /api/v1/streams/status/2 HTTP/1.1" 404 Not Found
2025-07-25 17:21:42,775 INFO sqlalchemy.engine.Engine BEGIN (implicit)
2025-07-25 17:21:42,775 INFO sqlalchemy.engine.Engine SELECT cameras.id, cameras.name, cameras.ip_address, cameras.port, cameras.connection_type, cameras.stream_path, cameras.location, cameras.username, cameras.password, cameras.status, cameras.created_at, cameras.updated_at, cameras.enabled 
FROM cameras 
WHERE cameras.id = ?
2025-07-25 17:21:42,775 INFO sqlalchemy.engine.Engine [cached since 1307s ago] (3,)
2025-07-25 17:21:42,776 INFO sqlalchemy.engine.Engine ROLLBACK
INFO:     127.0.0.1:57868 - "GET /api/v1/streams/status/3 HTTP/1.1" 200 OK
2025-07-25 17:21:42,780 INFO sqlalchemy.engine.Engine BEGIN (implicit)
2025-07-25 17:21:42,781 INFO sqlalchemy.engine.Engine SELECT cameras.id, cameras.name, cameras.ip_address, cameras.port, cameras.connection_type, cameras.stream_path, cameras.location, cameras.username, cameras.password, cameras.status, cameras.created_at, cameras.updated_at, cameras.enabled 
FROM cameras 
WHERE cameras.id = ?
2025-07-25 17:21:42,781 INFO sqlalchemy.engine.Engine [cached since 1307s ago] (4,)
2025-07-25 17:21:42,781 INFO sqlalchemy.engine.Engine ROLLBACK
INFO:     127.0.0.1:57868 - "GET /api/v1/streams/status/4 HTTP/1.1" 200 OK
2025-07-25 17:21:57,285 INFO sqlalchemy.engine.Engine BEGIN (implicit)
2025-07-25 17:21:57,285 INFO sqlalchemy.engine.Engine SELECT cameras.id, cameras.name, cameras.ip_address, cameras.port, cameras.connection_type, cameras.stream_path, cameras.location, cameras.username, cameras.password, cameras.status, cameras.created_at, cameras.updated_at, cameras.enabled 
FROM cameras 
WHERE cameras.id = ?
2025-07-25 17:21:57,285 INFO sqlalchemy.engine.Engine [cached since 1322s ago] (1,)
2025-07-25 17:21:57,285 INFO sqlalchemy.engine.Engine ROLLBACK
INFO:     127.0.0.1:44584 - "GET /api/v1/streams/status/1 HTTP/1.1" 404 Not Found
2025-07-25 17:21:57,290 INFO sqlalchemy.engine.Engine BEGIN (implicit)
2025-07-25 17:21:57,290 INFO sqlalchemy.engine.Engine SELECT cameras.id, cameras.name, cameras.ip_address, cameras.port, cameras.connection_type, cameras.stream_path, cameras.location, cameras.username, cameras.password, cameras.status, cameras.created_at, cameras.updated_at, cameras.enabled 
FROM cameras 
WHERE cameras.id = ?
2025-07-25 17:21:57,290 INFO sqlalchemy.engine.Engine [cached since 1322s ago] (2,)
2025-07-25 17:21:57,290 INFO sqlalchemy.engine.Engine ROLLBACK
INFO:     127.0.0.1:44584 - "GET /api/v1/streams/status/2 HTTP/1.1" 404 Not Found
2025-07-25 17:21:57,295 INFO sqlalchemy.engine.Engine BEGIN (implicit)
2025-07-25 17:21:57,295 INFO sqlalchemy.engine.Engine SELECT cameras.id, cameras.name, cameras.ip_address, cameras.port, cameras.connection_type, cameras.stream_path, cameras.location, cameras.username, cameras.password, cameras.status, cameras.created_at, cameras.updated_at, cameras.enabled 
FROM cameras 
WHERE cameras.id = ?
2025-07-25 17:21:57,295 INFO sqlalchemy.engine.Engine [cached since 1322s ago] (3,)
2025-07-25 17:21:57,296 INFO sqlalchemy.engine.Engine ROLLBACK
INFO:     127.0.0.1:44584 - "GET /api/v1/streams/status/3 HTTP/1.1" 200 OK
2025-07-25 17:21:57,300 INFO sqlalchemy.engine.Engine BEGIN (implicit)
2025-07-25 17:21:57,300 INFO sqlalchemy.engine.Engine SELECT cameras.id, cameras.name, cameras.ip_address, cameras.port, cameras.connection_type, cameras.stream_path, cameras.location, cameras.username, cameras.password, cameras.status, cameras.created_at, cameras.updated_at, cameras.enabled 
FROM cameras 
WHERE cameras.id = ?
2025-07-25 17:21:57,300 INFO sqlalchemy.engine.Engine [cached since 1322s ago] (4,)
2025-07-25 17:21:57,301 INFO sqlalchemy.engine.Engine ROLLBACK
INFO:     127.0.0.1:44584 - "GET /api/v1/streams/status/4 HTTP/1.1" 200 OK
2025-07-25 17:22:12,769 INFO sqlalchemy.engine.Engine BEGIN (implicit)
2025-07-25 17:22:12,770 INFO sqlalchemy.engine.Engine SELECT cameras.id, cameras.name, cameras.ip_address, cameras.port, cameras.connection_type, cameras.stream_path, cameras.location, cameras.username, cameras.password, cameras.status, cameras.created_at, cameras.updated_at, cameras.enabled 
FROM cameras 
WHERE cameras.id = ?
2025-07-25 17:22:12,770 INFO sqlalchemy.engine.Engine [cached since 1337s ago] (1,)
2025-07-25 17:22:12,770 INFO sqlalchemy.engine.Engine ROLLBACK
INFO:     127.0.0.1:44898 - "GET /api/v1/streams/status/1 HTTP/1.1" 404 Not Found
2025-07-25 17:22:12,775 INFO sqlalchemy.engine.Engine BEGIN (implicit)
2025-07-25 17:22:12,775 INFO sqlalchemy.engine.Engine SELECT cameras.id, cameras.name, cameras.ip_address, cameras.port, cameras.connection_type, cameras.stream_path, cameras.location, cameras.username, cameras.password, cameras.status, cameras.created_at, cameras.updated_at, cameras.enabled 
FROM cameras 
WHERE cameras.id = ?
2025-07-25 17:22:12,775 INFO sqlalchemy.engine.Engine [cached since 1337s ago] (2,)
2025-07-25 17:22:12,775 INFO sqlalchemy.engine.Engine ROLLBACK
INFO:     127.0.0.1:44898 - "GET /api/v1/streams/status/2 HTTP/1.1" 404 Not Found
2025-07-25 17:22:12,779 INFO sqlalchemy.engine.Engine BEGIN (implicit)
2025-07-25 17:22:12,779 INFO sqlalchemy.engine.Engine SELECT cameras.id, cameras.name, cameras.ip_address, cameras.port, cameras.connection_type, cameras.stream_path, cameras.location, cameras.username, cameras.password, cameras.status, cameras.created_at, cameras.updated_at, cameras.enabled 
FROM cameras 
WHERE cameras.id = ?
2025-07-25 17:22:12,780 INFO sqlalchemy.engine.Engine [cached since 1337s ago] (3,)
2025-07-25 17:22:12,780 INFO sqlalchemy.engine.Engine ROLLBACK
INFO:     127.0.0.1:44898 - "GET /api/v1/streams/status/3 HTTP/1.1" 200 OK
2025-07-25 17:22:12,784 INFO sqlalchemy.engine.Engine BEGIN (implicit)
2025-07-25 17:22:12,785 INFO sqlalchemy.engine.Engine SELECT cameras.id, cameras.name, cameras.ip_address, cameras.port, cameras.connection_type, cameras.stream_path, cameras.location, cameras.username, cameras.password, cameras.status, cameras.created_at, cameras.updated_at, cameras.enabled 
FROM cameras 
WHERE cameras.id = ?
2025-07-25 17:22:12,785 INFO sqlalchemy.engine.Engine [cached since 1337s ago] (4,)
2025-07-25 17:22:12,785 INFO sqlalchemy.engine.Engine ROLLBACK
INFO:     127.0.0.1:44898 - "GET /api/v1/streams/status/4 HTTP/1.1" 200 OK
2025-07-25 17:22:27,668 INFO sqlalchemy.engine.Engine BEGIN (implicit)
2025-07-25 17:22:27,668 INFO sqlalchemy.engine.Engine SELECT cameras.id, cameras.name, cameras.ip_address, cameras.port, cameras.connection_type, cameras.stream_path, cameras.location, cameras.username, cameras.password, cameras.status, cameras.created_at, cameras.updated_at, cameras.enabled 
FROM cameras 
WHERE cameras.id = ?
2025-07-25 17:22:27,668 INFO sqlalchemy.engine.Engine [cached since 1352s ago] (1,)
2025-07-25 17:22:27,668 INFO sqlalchemy.engine.Engine ROLLBACK
INFO:     127.0.0.1:49262 - "GET /api/v1/streams/status/1 HTTP/1.1" 404 Not Found
2025-07-25 17:22:27,673 INFO sqlalchemy.engine.Engine BEGIN (implicit)
2025-07-25 17:22:27,673 INFO sqlalchemy.engine.Engine SELECT cameras.id, cameras.name, cameras.ip_address, cameras.port, cameras.connection_type, cameras.stream_path, cameras.location, cameras.username, cameras.password, cameras.status, cameras.created_at, cameras.updated_at, cameras.enabled 
FROM cameras 
WHERE cameras.id = ?
2025-07-25 17:22:27,673 INFO sqlalchemy.engine.Engine [cached since 1352s ago] (2,)
2025-07-25 17:22:27,673 INFO sqlalchemy.engine.Engine ROLLBACK
INFO:     127.0.0.1:49262 - "GET /api/v1/streams/status/2 HTTP/1.1" 404 Not Found
2025-07-25 17:22:27,678 INFO sqlalchemy.engine.Engine BEGIN (implicit)
2025-07-25 17:22:27,678 INFO sqlalchemy.engine.Engine SELECT cameras.id, cameras.name, cameras.ip_address, cameras.port, cameras.connection_type, cameras.stream_path, cameras.location, cameras.username, cameras.password, cameras.status, cameras.created_at, cameras.updated_at, cameras.enabled 
FROM cameras 
WHERE cameras.id = ?
2025-07-25 17:22:27,678 INFO sqlalchemy.engine.Engine [cached since 1352s ago] (3,)
2025-07-25 17:22:27,678 INFO sqlalchemy.engine.Engine ROLLBACK
INFO:     127.0.0.1:49262 - "GET /api/v1/streams/status/3 HTTP/1.1" 200 OK
2025-07-25 17:22:27,683 INFO sqlalchemy.engine.Engine BEGIN (implicit)
2025-07-25 17:22:27,683 INFO sqlalchemy.engine.Engine SELECT cameras.id, cameras.name, cameras.ip_address, cameras.port, cameras.connection_type, cameras.stream_path, cameras.location, cameras.username, cameras.password, cameras.status, cameras.created_at, cameras.updated_at, cameras.enabled 
FROM cameras 
WHERE cameras.id = ?
2025-07-25 17:22:27,683 INFO sqlalchemy.engine.Engine [cached since 1352s ago] (4,)
2025-07-25 17:22:27,684 INFO sqlalchemy.engine.Engine ROLLBACK
INFO:     127.0.0.1:49262 - "GET /api/v1/streams/status/4 HTTP/1.1" 200 OK
2025-07-25 17:22:42,781 INFO sqlalchemy.engine.Engine BEGIN (implicit)
2025-07-25 17:22:42,781 INFO sqlalchemy.engine.Engine SELECT cameras.id, cameras.name, cameras.ip_address, cameras.port, cameras.connection_type, cameras.stream_path, cameras.location, cameras.username, cameras.password, cameras.status, cameras.created_at, cameras.updated_at, cameras.enabled 
FROM cameras 
WHERE cameras.id = ?
2025-07-25 17:22:42,781 INFO sqlalchemy.engine.Engine [cached since 1367s ago] (1,)
2025-07-25 17:22:42,782 INFO sqlalchemy.engine.Engine ROLLBACK
INFO:     127.0.0.1:45050 - "GET /api/v1/streams/status/1 HTTP/1.1" 404 Not Found
2025-07-25 17:22:42,786 INFO sqlalchemy.engine.Engine BEGIN (implicit)
2025-07-25 17:22:42,786 INFO sqlalchemy.engine.Engine SELECT cameras.id, cameras.name, cameras.ip_address, cameras.port, cameras.connection_type, cameras.stream_path, cameras.location, cameras.username, cameras.password, cameras.status, cameras.created_at, cameras.updated_at, cameras.enabled 
FROM cameras 
WHERE cameras.id = ?
2025-07-25 17:22:42,786 INFO sqlalchemy.engine.Engine [cached since 1367s ago] (2,)
2025-07-25 17:22:42,787 INFO sqlalchemy.engine.Engine ROLLBACK
INFO:     127.0.0.1:45050 - "GET /api/v1/streams/status/2 HTTP/1.1" 404 Not Found
2025-07-25 17:22:42,791 INFO sqlalchemy.engine.Engine BEGIN (implicit)
2025-07-25 17:22:42,792 INFO sqlalchemy.engine.Engine SELECT cameras.id, cameras.name, cameras.ip_address, cameras.port, cameras.connection_type, cameras.stream_path, cameras.location, cameras.username, cameras.password, cameras.status, cameras.created_at, cameras.updated_at, cameras.enabled 
FROM cameras 
WHERE cameras.id = ?
2025-07-25 17:22:42,792 INFO sqlalchemy.engine.Engine [cached since 1367s ago] (3,)
2025-07-25 17:22:42,792 INFO sqlalchemy.engine.Engine ROLLBACK
INFO:     127.0.0.1:45050 - "GET /api/v1/streams/status/3 HTTP/1.1" 200 OK
2025-07-25 17:22:42,796 INFO sqlalchemy.engine.Engine BEGIN (implicit)
2025-07-25 17:22:42,796 INFO sqlalchemy.engine.Engine SELECT cameras.id, cameras.name, cameras.ip_address, cameras.port, cameras.connection_type, cameras.stream_path, cameras.location, cameras.username, cameras.password, cameras.status, cameras.created_at, cameras.updated_at, cameras.enabled 
FROM cameras 
WHERE cameras.id = ?
2025-07-25 17:22:42,796 INFO sqlalchemy.engine.Engine [cached since 1367s ago] (4,)
2025-07-25 17:22:42,797 INFO sqlalchemy.engine.Engine ROLLBACK
INFO:     127.0.0.1:45050 - "GET /api/v1/streams/status/4 HTTP/1.1" 200 OK
2025-07-25 17:22:58,025 INFO sqlalchemy.engine.Engine BEGIN (implicit)
2025-07-25 17:22:58,026 INFO sqlalchemy.engine.Engine SELECT cameras.id, cameras.name, cameras.ip_address, cameras.port, cameras.connection_type, cameras.stream_path, cameras.location, cameras.username, cameras.password, cameras.status, cameras.created_at, cameras.updated_at, cameras.enabled 
FROM cameras 
WHERE cameras.id = ?
2025-07-25 17:22:58,026 INFO sqlalchemy.engine.Engine [cached since 1382s ago] (1,)
2025-07-25 17:22:58,026 INFO sqlalchemy.engine.Engine ROLLBACK
INFO:     127.0.0.1:59088 - "GET /api/v1/streams/status/1 HTTP/1.1" 404 Not Found
2025-07-25 17:22:58,031 INFO sqlalchemy.engine.Engine BEGIN (implicit)
2025-07-25 17:22:58,031 INFO sqlalchemy.engine.Engine SELECT cameras.id, cameras.name, cameras.ip_address, cameras.port, cameras.connection_type, cameras.stream_path, cameras.location, cameras.username, cameras.password, cameras.status, cameras.created_at, cameras.updated_at, cameras.enabled 
FROM cameras 
WHERE cameras.id = ?
2025-07-25 17:22:58,031 INFO sqlalchemy.engine.Engine [cached since 1382s ago] (2,)
2025-07-25 17:22:58,032 INFO sqlalchemy.engine.Engine ROLLBACK
INFO:     127.0.0.1:59088 - "GET /api/v1/streams/status/2 HTTP/1.1" 404 Not Found
2025-07-25 17:22:58,037 INFO sqlalchemy.engine.Engine BEGIN (implicit)
2025-07-25 17:22:58,037 INFO sqlalchemy.engine.Engine SELECT cameras.id, cameras.name, cameras.ip_address, cameras.port, cameras.connection_type, cameras.stream_path, cameras.location, cameras.username, cameras.password, cameras.status, cameras.created_at, cameras.updated_at, cameras.enabled 
FROM cameras 
WHERE cameras.id = ?
2025-07-25 17:22:58,037 INFO sqlalchemy.engine.Engine [cached since 1382s ago] (3,)
2025-07-25 17:22:58,037 INFO sqlalchemy.engine.Engine ROLLBACK
INFO:     127.0.0.1:59088 - "GET /api/v1/streams/status/3 HTTP/1.1" 200 OK
2025-07-25 17:22:58,042 INFO sqlalchemy.engine.Engine BEGIN (implicit)
2025-07-25 17:22:58,042 INFO sqlalchemy.engine.Engine SELECT cameras.id, cameras.name, cameras.ip_address, cameras.port, cameras.connection_type, cameras.stream_path, cameras.location, cameras.username, cameras.password, cameras.status, cameras.created_at, cameras.updated_at, cameras.enabled 
FROM cameras 
WHERE cameras.id = ?
2025-07-25 17:22:58,042 INFO sqlalchemy.engine.Engine [cached since 1382s ago] (4,)
2025-07-25 17:22:58,043 INFO sqlalchemy.engine.Engine ROLLBACK
INFO:     127.0.0.1:59088 - "GET /api/v1/streams/status/4 HTTP/1.1" 200 OK
2025-07-25 17:23:12,782 INFO sqlalchemy.engine.Engine BEGIN (implicit)
2025-07-25 17:23:12,782 INFO sqlalchemy.engine.Engine SELECT cameras.id, cameras.name, cameras.ip_address, cameras.port, cameras.connection_type, cameras.stream_path, cameras.location, cameras.username, cameras.password, cameras.status, cameras.created_at, cameras.updated_at, cameras.enabled 
FROM cameras 
WHERE cameras.id = ?
2025-07-25 17:23:12,782 INFO sqlalchemy.engine.Engine [cached since 1397s ago] (1,)
2025-07-25 17:23:12,783 INFO sqlalchemy.engine.Engine ROLLBACK
INFO:     127.0.0.1:52912 - "GET /api/v1/streams/status/1 HTTP/1.1" 404 Not Found
2025-07-25 17:23:12,787 INFO sqlalchemy.engine.Engine BEGIN (implicit)
2025-07-25 17:23:12,787 INFO sqlalchemy.engine.Engine SELECT cameras.id, cameras.name, cameras.ip_address, cameras.port, cameras.connection_type, cameras.stream_path, cameras.location, cameras.username, cameras.password, cameras.status, cameras.created_at, cameras.updated_at, cameras.enabled 
FROM cameras 
WHERE cameras.id = ?
2025-07-25 17:23:12,787 INFO sqlalchemy.engine.Engine [cached since 1397s ago] (2,)
2025-07-25 17:23:12,787 INFO sqlalchemy.engine.Engine ROLLBACK
INFO:     127.0.0.1:52912 - "GET /api/v1/streams/status/2 HTTP/1.1" 404 Not Found
2025-07-25 17:23:12,792 INFO sqlalchemy.engine.Engine BEGIN (implicit)
2025-07-25 17:23:12,792 INFO sqlalchemy.engine.Engine SELECT cameras.id, cameras.name, cameras.ip_address, cameras.port, cameras.connection_type, cameras.stream_path, cameras.location, cameras.username, cameras.password, cameras.status, cameras.created_at, cameras.updated_at, cameras.enabled 
FROM cameras 
WHERE cameras.id = ?
2025-07-25 17:23:12,792 INFO sqlalchemy.engine.Engine [cached since 1397s ago] (3,)
2025-07-25 17:23:12,793 INFO sqlalchemy.engine.Engine ROLLBACK
INFO:     127.0.0.1:52912 - "GET /api/v1/streams/status/3 HTTP/1.1" 200 OK
2025-07-25 17:23:12,797 INFO sqlalchemy.engine.Engine BEGIN (implicit)
2025-07-25 17:23:12,798 INFO sqlalchemy.engine.Engine SELECT cameras.id, cameras.name, cameras.ip_address, cameras.port, cameras.connection_type, cameras.stream_path, cameras.location, cameras.username, cameras.password, cameras.status, cameras.created_at, cameras.updated_at, cameras.enabled 
FROM cameras 
WHERE cameras.id = ?
2025-07-25 17:23:12,798 INFO sqlalchemy.engine.Engine [cached since 1397s ago] (4,)
2025-07-25 17:23:12,798 INFO sqlalchemy.engine.Engine ROLLBACK
INFO:     127.0.0.1:52912 - "GET /api/v1/streams/status/4 HTTP/1.1" 200 OK
2025-07-25 17:23:28,415 INFO sqlalchemy.engine.Engine BEGIN (implicit)
2025-07-25 17:23:28,415 INFO sqlalchemy.engine.Engine SELECT cameras.id, cameras.name, cameras.ip_address, cameras.port, cameras.connection_type, cameras.stream_path, cameras.location, cameras.username, cameras.password, cameras.status, cameras.created_at, cameras.updated_at, cameras.enabled 
FROM cameras 
WHERE cameras.id = ?
2025-07-25 17:23:28,416 INFO sqlalchemy.engine.Engine [cached since 1413s ago] (1,)
2025-07-25 17:23:28,416 INFO sqlalchemy.engine.Engine ROLLBACK
INFO:     127.0.0.1:37504 - "GET /api/v1/streams/status/1 HTTP/1.1" 404 Not Found
2025-07-25 17:23:28,420 INFO sqlalchemy.engine.Engine BEGIN (implicit)
2025-07-25 17:23:28,421 INFO sqlalchemy.engine.Engine SELECT cameras.id, cameras.name, cameras.ip_address, cameras.port, cameras.connection_type, cameras.stream_path, cameras.location, cameras.username, cameras.password, cameras.status, cameras.created_at, cameras.updated_at, cameras.enabled 
FROM cameras 
WHERE cameras.id = ?
2025-07-25 17:23:28,421 INFO sqlalchemy.engine.Engine [cached since 1413s ago] (2,)
2025-07-25 17:23:28,421 INFO sqlalchemy.engine.Engine ROLLBACK
INFO:     127.0.0.1:37504 - "GET /api/v1/streams/status/2 HTTP/1.1" 404 Not Found
2025-07-25 17:23:28,425 INFO sqlalchemy.engine.Engine BEGIN (implicit)
2025-07-25 17:23:28,425 INFO sqlalchemy.engine.Engine SELECT cameras.id, cameras.name, cameras.ip_address, cameras.port, cameras.connection_type, cameras.stream_path, cameras.location, cameras.username, cameras.password, cameras.status, cameras.created_at, cameras.updated_at, cameras.enabled 
FROM cameras 
WHERE cameras.id = ?
2025-07-25 17:23:28,425 INFO sqlalchemy.engine.Engine [cached since 1413s ago] (3,)
2025-07-25 17:23:28,426 INFO sqlalchemy.engine.Engine ROLLBACK
INFO:     127.0.0.1:37504 - "GET /api/v1/streams/status/3 HTTP/1.1" 200 OK
2025-07-25 17:23:28,430 INFO sqlalchemy.engine.Engine BEGIN (implicit)
2025-07-25 17:23:28,430 INFO sqlalchemy.engine.Engine SELECT cameras.id, cameras.name, cameras.ip_address, cameras.port, cameras.connection_type, cameras.stream_path, cameras.location, cameras.username, cameras.password, cameras.status, cameras.created_at, cameras.updated_at, cameras.enabled 
FROM cameras 
WHERE cameras.id = ?
2025-07-25 17:23:28,430 INFO sqlalchemy.engine.Engine [cached since 1413s ago] (4,)
2025-07-25 17:23:28,431 INFO sqlalchemy.engine.Engine ROLLBACK
INFO:     127.0.0.1:37504 - "GET /api/v1/streams/status/4 HTTP/1.1" 200 OK
2025-07-25 17:23:42,793 INFO sqlalchemy.engine.Engine BEGIN (implicit)
2025-07-25 17:23:42,794 INFO sqlalchemy.engine.Engine SELECT cameras.id, cameras.name, cameras.ip_address, cameras.port, cameras.connection_type, cameras.stream_path, cameras.location, cameras.username, cameras.password, cameras.status, cameras.created_at, cameras.updated_at, cameras.enabled 
FROM cameras 
WHERE cameras.id = ?
2025-07-25 17:23:42,794 INFO sqlalchemy.engine.Engine [cached since 1427s ago] (1,)
2025-07-25 17:23:42,794 INFO sqlalchemy.engine.Engine ROLLBACK
INFO:     127.0.0.1:49314 - "GET /api/v1/streams/status/1 HTTP/1.1" 404 Not Found
2025-07-25 17:23:42,799 INFO sqlalchemy.engine.Engine BEGIN (implicit)
2025-07-25 17:23:42,799 INFO sqlalchemy.engine.Engine SELECT cameras.id, cameras.name, cameras.ip_address, cameras.port, cameras.connection_type, cameras.stream_path, cameras.location, cameras.username, cameras.password, cameras.status, cameras.created_at, cameras.updated_at, cameras.enabled 
FROM cameras 
WHERE cameras.id = ?
2025-07-25 17:23:42,799 INFO sqlalchemy.engine.Engine [cached since 1427s ago] (2,)
2025-07-25 17:23:42,799 INFO sqlalchemy.engine.Engine ROLLBACK
INFO:     127.0.0.1:49314 - "GET /api/v1/streams/status/2 HTTP/1.1" 404 Not Found
2025-07-25 17:23:42,804 INFO sqlalchemy.engine.Engine BEGIN (implicit)
2025-07-25 17:23:42,804 INFO sqlalchemy.engine.Engine SELECT cameras.id, cameras.name, cameras.ip_address, cameras.port, cameras.connection_type, cameras.stream_path, cameras.location, cameras.username, cameras.password, cameras.status, cameras.created_at, cameras.updated_at, cameras.enabled 
FROM cameras 
WHERE cameras.id = ?
2025-07-25 17:23:42,804 INFO sqlalchemy.engine.Engine [cached since 1427s ago] (3,)
2025-07-25 17:23:42,804 INFO sqlalchemy.engine.Engine ROLLBACK
INFO:     127.0.0.1:49314 - "GET /api/v1/streams/status/3 HTTP/1.1" 200 OK
2025-07-25 17:23:42,808 INFO sqlalchemy.engine.Engine BEGIN (implicit)
2025-07-25 17:23:42,808 INFO sqlalchemy.engine.Engine SELECT cameras.id, cameras.name, cameras.ip_address, cameras.port, cameras.connection_type, cameras.stream_path, cameras.location, cameras.username, cameras.password, cameras.status, cameras.created_at, cameras.updated_at, cameras.enabled 
FROM cameras 
WHERE cameras.id = ?
2025-07-25 17:23:42,808 INFO sqlalchemy.engine.Engine [cached since 1427s ago] (4,)
2025-07-25 17:23:42,809 INFO sqlalchemy.engine.Engine ROLLBACK
INFO:     127.0.0.1:49314 - "GET /api/v1/streams/status/4 HTTP/1.1" 200 OK
2025-07-25 17:23:58,859 INFO sqlalchemy.engine.Engine BEGIN (implicit)
2025-07-25 17:23:58,859 INFO sqlalchemy.engine.Engine SELECT cameras.id, cameras.name, cameras.ip_address, cameras.port, cameras.connection_type, cameras.stream_path, cameras.location, cameras.username, cameras.password, cameras.status, cameras.created_at, cameras.updated_at, cameras.enabled 
FROM cameras 
WHERE cameras.id = ?
2025-07-25 17:23:58,859 INFO sqlalchemy.engine.Engine [cached since 1443s ago] (1,)
2025-07-25 17:23:58,859 INFO sqlalchemy.engine.Engine ROLLBACK
INFO:     127.0.0.1:51620 - "GET /api/v1/streams/status/1 HTTP/1.1" 404 Not Found
2025-07-25 17:23:58,864 INFO sqlalchemy.engine.Engine BEGIN (implicit)
2025-07-25 17:23:58,864 INFO sqlalchemy.engine.Engine SELECT cameras.id, cameras.name, cameras.ip_address, cameras.port, cameras.connection_type, cameras.stream_path, cameras.location, cameras.username, cameras.password, cameras.status, cameras.created_at, cameras.updated_at, cameras.enabled 
FROM cameras 
WHERE cameras.id = ?
2025-07-25 17:23:58,864 INFO sqlalchemy.engine.Engine [cached since 1443s ago] (2,)
2025-07-25 17:23:58,865 INFO sqlalchemy.engine.Engine ROLLBACK
INFO:     127.0.0.1:51620 - "GET /api/v1/streams/status/2 HTTP/1.1" 404 Not Found
2025-07-25 17:23:58,869 INFO sqlalchemy.engine.Engine BEGIN (implicit)
2025-07-25 17:23:58,869 INFO sqlalchemy.engine.Engine SELECT cameras.id, cameras.name, cameras.ip_address, cameras.port, cameras.connection_type, cameras.stream_path, cameras.location, cameras.username, cameras.password, cameras.status, cameras.created_at, cameras.updated_at, cameras.enabled 
FROM cameras 
WHERE cameras.id = ?
2025-07-25 17:23:58,869 INFO sqlalchemy.engine.Engine [cached since 1443s ago] (3,)
2025-07-25 17:23:58,870 INFO sqlalchemy.engine.Engine ROLLBACK
INFO:     127.0.0.1:51620 - "GET /api/v1/streams/status/3 HTTP/1.1" 200 OK
2025-07-25 17:23:58,874 INFO sqlalchemy.engine.Engine BEGIN (implicit)
2025-07-25 17:23:58,874 INFO sqlalchemy.engine.Engine SELECT cameras.id, cameras.name, cameras.ip_address, cameras.port, cameras.connection_type, cameras.stream_path, cameras.location, cameras.username, cameras.password, cameras.status, cameras.created_at, cameras.updated_at, cameras.enabled 
FROM cameras 
WHERE cameras.id = ?
2025-07-25 17:23:58,874 INFO sqlalchemy.engine.Engine [cached since 1443s ago] (4,)
2025-07-25 17:23:58,874 INFO sqlalchemy.engine.Engine ROLLBACK
INFO:     127.0.0.1:51620 - "GET /api/v1/streams/status/4 HTTP/1.1" 200 OK
2025-07-25 17:24:12,794 INFO sqlalchemy.engine.Engine BEGIN (implicit)
2025-07-25 17:24:12,794 INFO sqlalchemy.engine.Engine SELECT cameras.id, cameras.name, cameras.ip_address, cameras.port, cameras.connection_type, cameras.stream_path, cameras.location, cameras.username, cameras.password, cameras.status, cameras.created_at, cameras.updated_at, cameras.enabled 
FROM cameras 
WHERE cameras.id = ?
2025-07-25 17:24:12,795 INFO sqlalchemy.engine.Engine [cached since 1457s ago] (1,)
2025-07-25 17:24:12,795 INFO sqlalchemy.engine.Engine ROLLBACK
INFO:     127.0.0.1:60164 - "GET /api/v1/streams/status/1 HTTP/1.1" 404 Not Found
2025-07-25 17:24:12,800 INFO sqlalchemy.engine.Engine BEGIN (implicit)
2025-07-25 17:24:12,800 INFO sqlalchemy.engine.Engine SELECT cameras.id, cameras.name, cameras.ip_address, cameras.port, cameras.connection_type, cameras.stream_path, cameras.location, cameras.username, cameras.password, cameras.status, cameras.created_at, cameras.updated_at, cameras.enabled 
FROM cameras 
WHERE cameras.id = ?
2025-07-25 17:24:12,800 INFO sqlalchemy.engine.Engine [cached since 1457s ago] (2,)
2025-07-25 17:24:12,801 INFO sqlalchemy.engine.Engine ROLLBACK
INFO:     127.0.0.1:60164 - "GET /api/v1/streams/status/2 HTTP/1.1" 404 Not Found
2025-07-25 17:24:12,806 INFO sqlalchemy.engine.Engine BEGIN (implicit)
2025-07-25 17:24:12,806 INFO sqlalchemy.engine.Engine SELECT cameras.id, cameras.name, cameras.ip_address, cameras.port, cameras.connection_type, cameras.stream_path, cameras.location, cameras.username, cameras.password, cameras.status, cameras.created_at, cameras.updated_at, cameras.enabled 
FROM cameras 
WHERE cameras.id = ?
2025-07-25 17:24:12,806 INFO sqlalchemy.engine.Engine [cached since 1457s ago] (3,)
2025-07-25 17:24:12,807 INFO sqlalchemy.engine.Engine ROLLBACK
INFO:     127.0.0.1:60164 - "GET /api/v1/streams/status/3 HTTP/1.1" 200 OK
2025-07-25 17:24:12,812 INFO sqlalchemy.engine.Engine BEGIN (implicit)
2025-07-25 17:24:12,812 INFO sqlalchemy.engine.Engine SELECT cameras.id, cameras.name, cameras.ip_address, cameras.port, cameras.connection_type, cameras.stream_path, cameras.location, cameras.username, cameras.password, cameras.status, cameras.created_at, cameras.updated_at, cameras.enabled 
FROM cameras 
WHERE cameras.id = ?
2025-07-25 17:24:12,812 INFO sqlalchemy.engine.Engine [cached since 1457s ago] (4,)
2025-07-25 17:24:12,813 INFO sqlalchemy.engine.Engine ROLLBACK
INFO:     127.0.0.1:60164 - "GET /api/v1/streams/status/4 HTTP/1.1" 200 OK
2025-07-25 17:24:29,210 INFO sqlalchemy.engine.Engine BEGIN (implicit)
2025-07-25 17:24:29,210 INFO sqlalchemy.engine.Engine SELECT cameras.id, cameras.name, cameras.ip_address, cameras.port, cameras.connection_type, cameras.stream_path, cameras.location, cameras.username, cameras.password, cameras.status, cameras.created_at, cameras.updated_at, cameras.enabled 
FROM cameras 
WHERE cameras.id = ?
2025-07-25 17:24:29,210 INFO sqlalchemy.engine.Engine [cached since 1473s ago] (1,)
2025-07-25 17:24:29,211 INFO sqlalchemy.engine.Engine ROLLBACK
INFO:     127.0.0.1:43790 - "GET /api/v1/streams/status/1 HTTP/1.1" 404 Not Found
2025-07-25 17:24:29,215 INFO sqlalchemy.engine.Engine BEGIN (implicit)
2025-07-25 17:24:29,215 INFO sqlalchemy.engine.Engine SELECT cameras.id, cameras.name, cameras.ip_address, cameras.port, cameras.connection_type, cameras.stream_path, cameras.location, cameras.username, cameras.password, cameras.status, cameras.created_at, cameras.updated_at, cameras.enabled 
FROM cameras 
WHERE cameras.id = ?
2025-07-25 17:24:29,215 INFO sqlalchemy.engine.Engine [cached since 1473s ago] (2,)
2025-07-25 17:24:29,216 INFO sqlalchemy.engine.Engine ROLLBACK
INFO:     127.0.0.1:43790 - "GET /api/v1/streams/status/2 HTTP/1.1" 404 Not Found
2025-07-25 17:24:29,220 INFO sqlalchemy.engine.Engine BEGIN (implicit)
2025-07-25 17:24:29,220 INFO sqlalchemy.engine.Engine SELECT cameras.id, cameras.name, cameras.ip_address, cameras.port, cameras.connection_type, cameras.stream_path, cameras.location, cameras.username, cameras.password, cameras.status, cameras.created_at, cameras.updated_at, cameras.enabled 
FROM cameras 
WHERE cameras.id = ?
2025-07-25 17:24:29,221 INFO sqlalchemy.engine.Engine [cached since 1473s ago] (3,)
2025-07-25 17:24:29,221 INFO sqlalchemy.engine.Engine ROLLBACK
INFO:     127.0.0.1:43790 - "GET /api/v1/streams/status/3 HTTP/1.1" 200 OK
2025-07-25 17:24:29,226 INFO sqlalchemy.engine.Engine BEGIN (implicit)
2025-07-25 17:24:29,226 INFO sqlalchemy.engine.Engine SELECT cameras.id, cameras.name, cameras.ip_address, cameras.port, cameras.connection_type, cameras.stream_path, cameras.location, cameras.username, cameras.password, cameras.status, cameras.created_at, cameras.updated_at, cameras.enabled 
FROM cameras 
WHERE cameras.id = ?
2025-07-25 17:24:29,226 INFO sqlalchemy.engine.Engine [cached since 1473s ago] (4,)
2025-07-25 17:24:29,227 INFO sqlalchemy.engine.Engine ROLLBACK
INFO:     127.0.0.1:43790 - "GET /api/v1/streams/status/4 HTTP/1.1" 200 OK
2025-07-25 17:24:42,797 INFO sqlalchemy.engine.Engine BEGIN (implicit)
2025-07-25 17:24:42,797 INFO sqlalchemy.engine.Engine SELECT cameras.id, cameras.name, cameras.ip_address, cameras.port, cameras.connection_type, cameras.stream_path, cameras.location, cameras.username, cameras.password, cameras.status, cameras.created_at, cameras.updated_at, cameras.enabled 
FROM cameras 
WHERE cameras.id = ?
2025-07-25 17:24:42,797 INFO sqlalchemy.engine.Engine [cached since 1487s ago] (1,)
2025-07-25 17:24:42,798 INFO sqlalchemy.engine.Engine ROLLBACK
INFO:     127.0.0.1:41618 - "GET /api/v1/streams/status/1 HTTP/1.1" 404 Not Found
2025-07-25 17:24:42,803 INFO sqlalchemy.engine.Engine BEGIN (implicit)
2025-07-25 17:24:42,803 INFO sqlalchemy.engine.Engine SELECT cameras.id, cameras.name, cameras.ip_address, cameras.port, cameras.connection_type, cameras.stream_path, cameras.location, cameras.username, cameras.password, cameras.status, cameras.created_at, cameras.updated_at, cameras.enabled 
FROM cameras 
WHERE cameras.id = ?
2025-07-25 17:24:42,803 INFO sqlalchemy.engine.Engine [cached since 1487s ago] (2,)
2025-07-25 17:24:42,803 INFO sqlalchemy.engine.Engine ROLLBACK
INFO:     127.0.0.1:41618 - "GET /api/v1/streams/status/2 HTTP/1.1" 404 Not Found
2025-07-25 17:24:42,808 INFO sqlalchemy.engine.Engine BEGIN (implicit)
2025-07-25 17:24:42,808 INFO sqlalchemy.engine.Engine SELECT cameras.id, cameras.name, cameras.ip_address, cameras.port, cameras.connection_type, cameras.stream_path, cameras.location, cameras.username, cameras.password, cameras.status, cameras.created_at, cameras.updated_at, cameras.enabled 
FROM cameras 
WHERE cameras.id = ?
2025-07-25 17:24:42,808 INFO sqlalchemy.engine.Engine [cached since 1487s ago] (3,)
2025-07-25 17:24:42,808 INFO sqlalchemy.engine.Engine ROLLBACK
INFO:     127.0.0.1:41618 - "GET /api/v1/streams/status/3 HTTP/1.1" 200 OK
2025-07-25 17:24:42,813 INFO sqlalchemy.engine.Engine BEGIN (implicit)
2025-07-25 17:24:42,813 INFO sqlalchemy.engine.Engine SELECT cameras.id, cameras.name, cameras.ip_address, cameras.port, cameras.connection_type, cameras.stream_path, cameras.location, cameras.username, cameras.password, cameras.status, cameras.created_at, cameras.updated_at, cameras.enabled 
FROM cameras 
WHERE cameras.id = ?
2025-07-25 17:24:42,813 INFO sqlalchemy.engine.Engine [cached since 1487s ago] (4,)
2025-07-25 17:24:42,813 INFO sqlalchemy.engine.Engine ROLLBACK
INFO:     127.0.0.1:41618 - "GET /api/v1/streams/status/4 HTTP/1.1" 200 OK
2025-07-25 17:24:59,720 INFO sqlalchemy.engine.Engine BEGIN (implicit)
2025-07-25 17:24:59,721 INFO sqlalchemy.engine.Engine SELECT cameras.id, cameras.name, cameras.ip_address, cameras.port, cameras.connection_type, cameras.stream_path, cameras.location, cameras.username, cameras.password, cameras.status, cameras.created_at, cameras.updated_at, cameras.enabled 
FROM cameras 
WHERE cameras.id = ?
2025-07-25 17:24:59,721 INFO sqlalchemy.engine.Engine [cached since 1504s ago] (1,)
2025-07-25 17:24:59,721 INFO sqlalchemy.engine.Engine ROLLBACK
INFO:     127.0.0.1:60044 - "GET /api/v1/streams/status/1 HTTP/1.1" 404 Not Found
2025-07-25 17:24:59,726 INFO sqlalchemy.engine.Engine BEGIN (implicit)
2025-07-25 17:24:59,726 INFO sqlalchemy.engine.Engine SELECT cameras.id, cameras.name, cameras.ip_address, cameras.port, cameras.connection_type, cameras.stream_path, cameras.location, cameras.username, cameras.password, cameras.status, cameras.created_at, cameras.updated_at, cameras.enabled 
FROM cameras 
WHERE cameras.id = ?
2025-07-25 17:24:59,726 INFO sqlalchemy.engine.Engine [cached since 1504s ago] (2,)
2025-07-25 17:24:59,727 INFO sqlalchemy.engine.Engine ROLLBACK
INFO:     127.0.0.1:60044 - "GET /api/v1/streams/status/2 HTTP/1.1" 404 Not Found
2025-07-25 17:24:59,731 INFO sqlalchemy.engine.Engine BEGIN (implicit)
2025-07-25 17:24:59,731 INFO sqlalchemy.engine.Engine SELECT cameras.id, cameras.name, cameras.ip_address, cameras.port, cameras.connection_type, cameras.stream_path, cameras.location, cameras.username, cameras.password, cameras.status, cameras.created_at, cameras.updated_at, cameras.enabled 
FROM cameras 
WHERE cameras.id = ?
2025-07-25 17:24:59,731 INFO sqlalchemy.engine.Engine [cached since 1504s ago] (3,)
2025-07-25 17:24:59,732 INFO sqlalchemy.engine.Engine ROLLBACK
INFO:     127.0.0.1:60044 - "GET /api/v1/streams/status/3 HTTP/1.1" 200 OK
2025-07-25 17:24:59,737 INFO sqlalchemy.engine.Engine BEGIN (implicit)
2025-07-25 17:24:59,737 INFO sqlalchemy.engine.Engine SELECT cameras.id, cameras.name, cameras.ip_address, cameras.port, cameras.connection_type, cameras.stream_path, cameras.location, cameras.username, cameras.password, cameras.status, cameras.created_at, cameras.updated_at, cameras.enabled 
FROM cameras 
WHERE cameras.id = ?
2025-07-25 17:24:59,737 INFO sqlalchemy.engine.Engine [cached since 1504s ago] (4,)
2025-07-25 17:24:59,737 INFO sqlalchemy.engine.Engine ROLLBACK
INFO:     127.0.0.1:60044 - "GET /api/v1/streams/status/4 HTTP/1.1" 200 OK
2025-07-25 17:25:12,800 INFO sqlalchemy.engine.Engine BEGIN (implicit)
2025-07-25 17:25:12,801 INFO sqlalchemy.engine.Engine SELECT cameras.id, cameras.name, cameras.ip_address, cameras.port, cameras.connection_type, cameras.stream_path, cameras.location, cameras.username, cameras.password, cameras.status, cameras.created_at, cameras.updated_at, cameras.enabled 
FROM cameras 
WHERE cameras.id = ?
2025-07-25 17:25:12,801 INFO sqlalchemy.engine.Engine [cached since 1517s ago] (1,)
2025-07-25 17:25:12,801 INFO sqlalchemy.engine.Engine ROLLBACK
INFO:     127.0.0.1:56114 - "GET /api/v1/streams/status/1 HTTP/1.1" 404 Not Found
2025-07-25 17:25:12,806 INFO sqlalchemy.engine.Engine BEGIN (implicit)
2025-07-25 17:25:12,806 INFO sqlalchemy.engine.Engine SELECT cameras.id, cameras.name, cameras.ip_address, cameras.port, cameras.connection_type, cameras.stream_path, cameras.location, cameras.username, cameras.password, cameras.status, cameras.created_at, cameras.updated_at, cameras.enabled 
FROM cameras 
WHERE cameras.id = ?
2025-07-25 17:25:12,806 INFO sqlalchemy.engine.Engine [cached since 1517s ago] (2,)
2025-07-25 17:25:12,806 INFO sqlalchemy.engine.Engine ROLLBACK
INFO:     127.0.0.1:56114 - "GET /api/v1/streams/status/2 HTTP/1.1" 404 Not Found
2025-07-25 17:25:12,811 INFO sqlalchemy.engine.Engine BEGIN (implicit)
2025-07-25 17:25:12,811 INFO sqlalchemy.engine.Engine SELECT cameras.id, cameras.name, cameras.ip_address, cameras.port, cameras.connection_type, cameras.stream_path, cameras.location, cameras.username, cameras.password, cameras.status, cameras.created_at, cameras.updated_at, cameras.enabled 
FROM cameras 
WHERE cameras.id = ?
2025-07-25 17:25:12,811 INFO sqlalchemy.engine.Engine [cached since 1517s ago] (3,)
2025-07-25 17:25:12,812 INFO sqlalchemy.engine.Engine ROLLBACK
INFO:     127.0.0.1:56114 - "GET /api/v1/streams/status/3 HTTP/1.1" 200 OK
2025-07-25 17:25:12,817 INFO sqlalchemy.engine.Engine BEGIN (implicit)
2025-07-25 17:25:12,817 INFO sqlalchemy.engine.Engine SELECT cameras.id, cameras.name, cameras.ip_address, cameras.port, cameras.connection_type, cameras.stream_path, cameras.location, cameras.username, cameras.password, cameras.status, cameras.created_at, cameras.updated_at, cameras.enabled 
FROM cameras 
WHERE cameras.id = ?
2025-07-25 17:25:12,817 INFO sqlalchemy.engine.Engine [cached since 1517s ago] (4,)
2025-07-25 17:25:12,817 INFO sqlalchemy.engine.Engine ROLLBACK
INFO:     127.0.0.1:56114 - "GET /api/v1/streams/status/4 HTTP/1.1" 200 OK
2025-07-25 17:25:29,926 INFO sqlalchemy.engine.Engine BEGIN (implicit)
2025-07-25 17:25:29,926 INFO sqlalchemy.engine.Engine SELECT cameras.id, cameras.name, cameras.ip_address, cameras.port, cameras.connection_type, cameras.stream_path, cameras.location, cameras.username, cameras.password, cameras.status, cameras.created_at, cameras.updated_at, cameras.enabled 
FROM cameras 
WHERE cameras.id = ?
2025-07-25 17:25:29,926 INFO sqlalchemy.engine.Engine [cached since 1534s ago] (1,)
2025-07-25 17:25:29,927 INFO sqlalchemy.engine.Engine ROLLBACK
INFO:     127.0.0.1:46862 - "GET /api/v1/streams/status/1 HTTP/1.1" 404 Not Found
2025-07-25 17:25:29,932 INFO sqlalchemy.engine.Engine BEGIN (implicit)
2025-07-25 17:25:29,932 INFO sqlalchemy.engine.Engine SELECT cameras.id, cameras.name, cameras.ip_address, cameras.port, cameras.connection_type, cameras.stream_path, cameras.location, cameras.username, cameras.password, cameras.status, cameras.created_at, cameras.updated_at, cameras.enabled 
FROM cameras 
WHERE cameras.id = ?
2025-07-25 17:25:29,932 INFO sqlalchemy.engine.Engine [cached since 1534s ago] (2,)
2025-07-25 17:25:29,933 INFO sqlalchemy.engine.Engine ROLLBACK
INFO:     127.0.0.1:46862 - "GET /api/v1/streams/status/2 HTTP/1.1" 404 Not Found
2025-07-25 17:25:29,937 INFO sqlalchemy.engine.Engine BEGIN (implicit)
2025-07-25 17:25:29,938 INFO sqlalchemy.engine.Engine SELECT cameras.id, cameras.name, cameras.ip_address, cameras.port, cameras.connection_type, cameras.stream_path, cameras.location, cameras.username, cameras.password, cameras.status, cameras.created_at, cameras.updated_at, cameras.enabled 
FROM cameras 
WHERE cameras.id = ?
2025-07-25 17:25:29,938 INFO sqlalchemy.engine.Engine [cached since 1534s ago] (3,)
2025-07-25 17:25:29,938 INFO sqlalchemy.engine.Engine ROLLBACK
INFO:     127.0.0.1:46862 - "GET /api/v1/streams/status/3 HTTP/1.1" 200 OK
2025-07-25 17:25:29,943 INFO sqlalchemy.engine.Engine BEGIN (implicit)
2025-07-25 17:25:29,943 INFO sqlalchemy.engine.Engine SELECT cameras.id, cameras.name, cameras.ip_address, cameras.port, cameras.connection_type, cameras.stream_path, cameras.location, cameras.username, cameras.password, cameras.status, cameras.created_at, cameras.updated_at, cameras.enabled 
FROM cameras 
WHERE cameras.id = ?
2025-07-25 17:25:29,943 INFO sqlalchemy.engine.Engine [cached since 1534s ago] (4,)
2025-07-25 17:25:29,943 INFO sqlalchemy.engine.Engine ROLLBACK
INFO:     127.0.0.1:46862 - "GET /api/v1/streams/status/4 HTTP/1.1" 200 OK
2025-07-25 17:25:42,812 INFO sqlalchemy.engine.Engine BEGIN (implicit)
2025-07-25 17:25:42,812 INFO sqlalchemy.engine.Engine SELECT cameras.id, cameras.name, cameras.ip_address, cameras.port, cameras.connection_type, cameras.stream_path, cameras.location, cameras.username, cameras.password, cameras.status, cameras.created_at, cameras.updated_at, cameras.enabled 
FROM cameras 
WHERE cameras.id = ?
2025-07-25 17:25:42,812 INFO sqlalchemy.engine.Engine [cached since 1547s ago] (1,)
2025-07-25 17:25:42,813 INFO sqlalchemy.engine.Engine ROLLBACK
INFO:     127.0.0.1:45814 - "GET /api/v1/streams/status/1 HTTP/1.1" 404 Not Found
2025-07-25 17:25:42,818 INFO sqlalchemy.engine.Engine BEGIN (implicit)
2025-07-25 17:25:42,818 INFO sqlalchemy.engine.Engine SELECT cameras.id, cameras.name, cameras.ip_address, cameras.port, cameras.connection_type, cameras.stream_path, cameras.location, cameras.username, cameras.password, cameras.status, cameras.created_at, cameras.updated_at, cameras.enabled 
FROM cameras 
WHERE cameras.id = ?
2025-07-25 17:25:42,818 INFO sqlalchemy.engine.Engine [cached since 1547s ago] (2,)
2025-07-25 17:25:42,819 INFO sqlalchemy.engine.Engine ROLLBACK
INFO:     127.0.0.1:45814 - "GET /api/v1/streams/status/2 HTTP/1.1" 404 Not Found
2025-07-25 17:25:42,824 INFO sqlalchemy.engine.Engine BEGIN (implicit)
2025-07-25 17:25:42,824 INFO sqlalchemy.engine.Engine SELECT cameras.id, cameras.name, cameras.ip_address, cameras.port, cameras.connection_type, cameras.stream_path, cameras.location, cameras.username, cameras.password, cameras.status, cameras.created_at, cameras.updated_at, cameras.enabled 
FROM cameras 
WHERE cameras.id = ?
2025-07-25 17:25:42,824 INFO sqlalchemy.engine.Engine [cached since 1547s ago] (3,)
2025-07-25 17:25:42,824 INFO sqlalchemy.engine.Engine ROLLBACK
INFO:     127.0.0.1:45814 - "GET /api/v1/streams/status/3 HTTP/1.1" 200 OK
2025-07-25 17:25:42,829 INFO sqlalchemy.engine.Engine BEGIN (implicit)
2025-07-25 17:25:42,829 INFO sqlalchemy.engine.Engine SELECT cameras.id, cameras.name, cameras.ip_address, cameras.port, cameras.connection_type, cameras.stream_path, cameras.location, cameras.username, cameras.password, cameras.status, cameras.created_at, cameras.updated_at, cameras.enabled 
FROM cameras 
WHERE cameras.id = ?
2025-07-25 17:25:42,829 INFO sqlalchemy.engine.Engine [cached since 1547s ago] (4,)
2025-07-25 17:25:42,830 INFO sqlalchemy.engine.Engine ROLLBACK
INFO:     127.0.0.1:45814 - "GET /api/v1/streams/status/4 HTTP/1.1" 200 OK
2025-07-25 17:26:00,249 INFO sqlalchemy.engine.Engine BEGIN (implicit)
2025-07-25 17:26:00,249 INFO sqlalchemy.engine.Engine SELECT cameras.id, cameras.name, cameras.ip_address, cameras.port, cameras.connection_type, cameras.stream_path, cameras.location, cameras.username, cameras.password, cameras.status, cameras.created_at, cameras.updated_at, cameras.enabled 
FROM cameras 
WHERE cameras.id = ?
2025-07-25 17:26:00,249 INFO sqlalchemy.engine.Engine [cached since 1564s ago] (1,)
2025-07-25 17:26:00,250 INFO sqlalchemy.engine.Engine ROLLBACK
INFO:     127.0.0.1:38230 - "GET /api/v1/streams/status/1 HTTP/1.1" 404 Not Found
2025-07-25 17:26:00,254 INFO sqlalchemy.engine.Engine BEGIN (implicit)
2025-07-25 17:26:00,254 INFO sqlalchemy.engine.Engine SELECT cameras.id, cameras.name, cameras.ip_address, cameras.port, cameras.connection_type, cameras.stream_path, cameras.location, cameras.username, cameras.password, cameras.status, cameras.created_at, cameras.updated_at, cameras.enabled 
FROM cameras 
WHERE cameras.id = ?
2025-07-25 17:26:00,254 INFO sqlalchemy.engine.Engine [cached since 1564s ago] (2,)
2025-07-25 17:26:00,255 INFO sqlalchemy.engine.Engine ROLLBACK
INFO:     127.0.0.1:38230 - "GET /api/v1/streams/status/2 HTTP/1.1" 404 Not Found
2025-07-25 17:26:00,260 INFO sqlalchemy.engine.Engine BEGIN (implicit)
2025-07-25 17:26:00,260 INFO sqlalchemy.engine.Engine SELECT cameras.id, cameras.name, cameras.ip_address, cameras.port, cameras.connection_type, cameras.stream_path, cameras.location, cameras.username, cameras.password, cameras.status, cameras.created_at, cameras.updated_at, cameras.enabled 
FROM cameras 
WHERE cameras.id = ?
2025-07-25 17:26:00,260 INFO sqlalchemy.engine.Engine [cached since 1564s ago] (3,)
2025-07-25 17:26:00,261 INFO sqlalchemy.engine.Engine ROLLBACK
INFO:     127.0.0.1:38230 - "GET /api/v1/streams/status/3 HTTP/1.1" 200 OK
2025-07-25 17:26:00,265 INFO sqlalchemy.engine.Engine BEGIN (implicit)
2025-07-25 17:26:00,265 INFO sqlalchemy.engine.Engine SELECT cameras.id, cameras.name, cameras.ip_address, cameras.port, cameras.connection_type, cameras.stream_path, cameras.location, cameras.username, cameras.password, cameras.status, cameras.created_at, cameras.updated_at, cameras.enabled 
FROM cameras 
WHERE cameras.id = ?
2025-07-25 17:26:00,265 INFO sqlalchemy.engine.Engine [cached since 1564s ago] (4,)
2025-07-25 17:26:00,266 INFO sqlalchemy.engine.Engine ROLLBACK
INFO:     127.0.0.1:38230 - "GET /api/v1/streams/status/4 HTTP/1.1" 200 OK
2025-07-25 17:26:12,812 INFO sqlalchemy.engine.Engine BEGIN (implicit)
2025-07-25 17:26:12,812 INFO sqlalchemy.engine.Engine SELECT cameras.id, cameras.name, cameras.ip_address, cameras.port, cameras.connection_type, cameras.stream_path, cameras.location, cameras.username, cameras.password, cameras.status, cameras.created_at, cameras.updated_at, cameras.enabled 
FROM cameras 
WHERE cameras.id = ?
2025-07-25 17:26:12,812 INFO sqlalchemy.engine.Engine [cached since 1577s ago] (1,)
2025-07-25 17:26:12,813 INFO sqlalchemy.engine.Engine ROLLBACK
INFO:     127.0.0.1:38490 - "GET /api/v1/streams/status/1 HTTP/1.1" 404 Not Found
2025-07-25 17:26:12,817 INFO sqlalchemy.engine.Engine BEGIN (implicit)
2025-07-25 17:26:12,817 INFO sqlalchemy.engine.Engine SELECT cameras.id, cameras.name, cameras.ip_address, cameras.port, cameras.connection_type, cameras.stream_path, cameras.location, cameras.username, cameras.password, cameras.status, cameras.created_at, cameras.updated_at, cameras.enabled 
FROM cameras 
WHERE cameras.id = ?
2025-07-25 17:26:12,817 INFO sqlalchemy.engine.Engine [cached since 1577s ago] (2,)
2025-07-25 17:26:12,818 INFO sqlalchemy.engine.Engine ROLLBACK
INFO:     127.0.0.1:38490 - "GET /api/v1/streams/status/2 HTTP/1.1" 404 Not Found
2025-07-25 17:26:12,823 INFO sqlalchemy.engine.Engine BEGIN (implicit)
2025-07-25 17:26:12,823 INFO sqlalchemy.engine.Engine SELECT cameras.id, cameras.name, cameras.ip_address, cameras.port, cameras.connection_type, cameras.stream_path, cameras.location, cameras.username, cameras.password, cameras.status, cameras.created_at, cameras.updated_at, cameras.enabled 
FROM cameras 
WHERE cameras.id = ?
2025-07-25 17:26:12,823 INFO sqlalchemy.engine.Engine [cached since 1577s ago] (3,)
2025-07-25 17:26:12,823 INFO sqlalchemy.engine.Engine ROLLBACK
INFO:     127.0.0.1:38490 - "GET /api/v1/streams/status/3 HTTP/1.1" 200 OK
2025-07-25 17:26:12,828 INFO sqlalchemy.engine.Engine BEGIN (implicit)
2025-07-25 17:26:12,828 INFO sqlalchemy.engine.Engine SELECT cameras.id, cameras.name, cameras.ip_address, cameras.port, cameras.connection_type, cameras.stream_path, cameras.location, cameras.username, cameras.password, cameras.status, cameras.created_at, cameras.updated_at, cameras.enabled 
FROM cameras 
WHERE cameras.id = ?
2025-07-25 17:26:12,828 INFO sqlalchemy.engine.Engine [cached since 1577s ago] (4,)
2025-07-25 17:26:12,829 INFO sqlalchemy.engine.Engine ROLLBACK
INFO:     127.0.0.1:38490 - "GET /api/v1/streams/status/4 HTTP/1.1" 200 OK
2025-07-25 17:26:30,586 INFO sqlalchemy.engine.Engine BEGIN (implicit)
2025-07-25 17:26:30,586 INFO sqlalchemy.engine.Engine SELECT cameras.id, cameras.name, cameras.ip_address, cameras.port, cameras.connection_type, cameras.stream_path, cameras.location, cameras.username, cameras.password, cameras.status, cameras.created_at, cameras.updated_at, cameras.enabled 
FROM cameras 
WHERE cameras.id = ?
2025-07-25 17:26:30,586 INFO sqlalchemy.engine.Engine [cached since 1595s ago] (1,)
2025-07-25 17:26:30,586 INFO sqlalchemy.engine.Engine ROLLBACK
INFO:     127.0.0.1:47382 - "GET /api/v1/streams/status/1 HTTP/1.1" 404 Not Found
2025-07-25 17:26:30,592 INFO sqlalchemy.engine.Engine BEGIN (implicit)
2025-07-25 17:26:30,592 INFO sqlalchemy.engine.Engine SELECT cameras.id, cameras.name, cameras.ip_address, cameras.port, cameras.connection_type, cameras.stream_path, cameras.location, cameras.username, cameras.password, cameras.status, cameras.created_at, cameras.updated_at, cameras.enabled 
FROM cameras 
WHERE cameras.id = ?
2025-07-25 17:26:30,592 INFO sqlalchemy.engine.Engine [cached since 1595s ago] (2,)
2025-07-25 17:26:30,592 INFO sqlalchemy.engine.Engine ROLLBACK
INFO:     127.0.0.1:47382 - "GET /api/v1/streams/status/2 HTTP/1.1" 404 Not Found
2025-07-25 17:26:30,597 INFO sqlalchemy.engine.Engine BEGIN (implicit)
2025-07-25 17:26:30,597 INFO sqlalchemy.engine.Engine SELECT cameras.id, cameras.name, cameras.ip_address, cameras.port, cameras.connection_type, cameras.stream_path, cameras.location, cameras.username, cameras.password, cameras.status, cameras.created_at, cameras.updated_at, cameras.enabled 
FROM cameras 
WHERE cameras.id = ?
2025-07-25 17:26:30,597 INFO sqlalchemy.engine.Engine [cached since 1595s ago] (3,)
2025-07-25 17:26:30,598 INFO sqlalchemy.engine.Engine ROLLBACK
INFO:     127.0.0.1:47382 - "GET /api/v1/streams/status/3 HTTP/1.1" 200 OK
2025-07-25 17:26:30,602 INFO sqlalchemy.engine.Engine BEGIN (implicit)
2025-07-25 17:26:30,602 INFO sqlalchemy.engine.Engine SELECT cameras.id, cameras.name, cameras.ip_address, cameras.port, cameras.connection_type, cameras.stream_path, cameras.location, cameras.username, cameras.password, cameras.status, cameras.created_at, cameras.updated_at, cameras.enabled 
FROM cameras 
WHERE cameras.id = ?
2025-07-25 17:26:30,602 INFO sqlalchemy.engine.Engine [cached since 1595s ago] (4,)
2025-07-25 17:26:30,603 INFO sqlalchemy.engine.Engine ROLLBACK
INFO:     127.0.0.1:47382 - "GET /api/v1/streams/status/4 HTTP/1.1" 200 OK
2025-07-25 17:26:42,822 INFO sqlalchemy.engine.Engine BEGIN (implicit)
2025-07-25 17:26:42,822 INFO sqlalchemy.engine.Engine SELECT cameras.id, cameras.name, cameras.ip_address, cameras.port, cameras.connection_type, cameras.stream_path, cameras.location, cameras.username, cameras.password, cameras.status, cameras.created_at, cameras.updated_at, cameras.enabled 
FROM cameras 
WHERE cameras.id = ?
2025-07-25 17:26:42,822 INFO sqlalchemy.engine.Engine [cached since 1607s ago] (1,)
2025-07-25 17:26:42,823 INFO sqlalchemy.engine.Engine ROLLBACK
INFO:     127.0.0.1:35090 - "GET /api/v1/streams/status/1 HTTP/1.1" 404 Not Found
2025-07-25 17:26:42,828 INFO sqlalchemy.engine.Engine BEGIN (implicit)
2025-07-25 17:26:42,828 INFO sqlalchemy.engine.Engine SELECT cameras.id, cameras.name, cameras.ip_address, cameras.port, cameras.connection_type, cameras.stream_path, cameras.location, cameras.username, cameras.password, cameras.status, cameras.created_at, cameras.updated_at, cameras.enabled 
FROM cameras 
WHERE cameras.id = ?
2025-07-25 17:26:42,828 INFO sqlalchemy.engine.Engine [cached since 1607s ago] (2,)
2025-07-25 17:26:42,829 INFO sqlalchemy.engine.Engine ROLLBACK
INFO:     127.0.0.1:35090 - "GET /api/v1/streams/status/2 HTTP/1.1" 404 Not Found
2025-07-25 17:26:42,833 INFO sqlalchemy.engine.Engine BEGIN (implicit)
2025-07-25 17:26:42,833 INFO sqlalchemy.engine.Engine SELECT cameras.id, cameras.name, cameras.ip_address, cameras.port, cameras.connection_type, cameras.stream_path, cameras.location, cameras.username, cameras.password, cameras.status, cameras.created_at, cameras.updated_at, cameras.enabled 
FROM cameras 
WHERE cameras.id = ?
2025-07-25 17:26:42,833 INFO sqlalchemy.engine.Engine [cached since 1607s ago] (3,)
2025-07-25 17:26:42,834 INFO sqlalchemy.engine.Engine ROLLBACK
INFO:     127.0.0.1:35090 - "GET /api/v1/streams/status/3 HTTP/1.1" 200 OK
2025-07-25 17:26:42,838 INFO sqlalchemy.engine.Engine BEGIN (implicit)
2025-07-25 17:26:42,838 INFO sqlalchemy.engine.Engine SELECT cameras.id, cameras.name, cameras.ip_address, cameras.port, cameras.connection_type, cameras.stream_path, cameras.location, cameras.username, cameras.password, cameras.status, cameras.created_at, cameras.updated_at, cameras.enabled 
FROM cameras 
WHERE cameras.id = ?
2025-07-25 17:26:42,838 INFO sqlalchemy.engine.Engine [cached since 1607s ago] (4,)
2025-07-25 17:26:42,839 INFO sqlalchemy.engine.Engine ROLLBACK
INFO:     127.0.0.1:35090 - "GET /api/v1/streams/status/4 HTTP/1.1" 200 OK
2025-07-25 17:27:00,934 INFO sqlalchemy.engine.Engine BEGIN (implicit)
2025-07-25 17:27:00,934 INFO sqlalchemy.engine.Engine SELECT cameras.id, cameras.name, cameras.ip_address, cameras.port, cameras.connection_type, cameras.stream_path, cameras.location, cameras.username, cameras.password, cameras.status, cameras.created_at, cameras.updated_at, cameras.enabled 
FROM cameras 
WHERE cameras.id = ?
2025-07-25 17:27:00,934 INFO sqlalchemy.engine.Engine [cached since 1625s ago] (1,)
2025-07-25 17:27:00,935 INFO sqlalchemy.engine.Engine ROLLBACK
INFO:     127.0.0.1:54294 - "GET /api/v1/streams/status/1 HTTP/1.1" 404 Not Found
2025-07-25 17:27:00,939 INFO sqlalchemy.engine.Engine BEGIN (implicit)
2025-07-25 17:27:00,940 INFO sqlalchemy.engine.Engine SELECT cameras.id, cameras.name, cameras.ip_address, cameras.port, cameras.connection_type, cameras.stream_path, cameras.location, cameras.username, cameras.password, cameras.status, cameras.created_at, cameras.updated_at, cameras.enabled 
FROM cameras 
WHERE cameras.id = ?
2025-07-25 17:27:00,940 INFO sqlalchemy.engine.Engine [cached since 1625s ago] (2,)
2025-07-25 17:27:00,940 INFO sqlalchemy.engine.Engine ROLLBACK
INFO:     127.0.0.1:54294 - "GET /api/v1/streams/status/2 HTTP/1.1" 404 Not Found
2025-07-25 17:27:00,945 INFO sqlalchemy.engine.Engine BEGIN (implicit)
2025-07-25 17:27:00,945 INFO sqlalchemy.engine.Engine SELECT cameras.id, cameras.name, cameras.ip_address, cameras.port, cameras.connection_type, cameras.stream_path, cameras.location, cameras.username, cameras.password, cameras.status, cameras.created_at, cameras.updated_at, cameras.enabled 
FROM cameras 
WHERE cameras.id = ?
2025-07-25 17:27:00,945 INFO sqlalchemy.engine.Engine [cached since 1625s ago] (3,)
2025-07-25 17:27:00,946 INFO sqlalchemy.engine.Engine ROLLBACK
INFO:     127.0.0.1:54294 - "GET /api/v1/streams/status/3 HTTP/1.1" 200 OK
2025-07-25 17:27:00,951 INFO sqlalchemy.engine.Engine BEGIN (implicit)
2025-07-25 17:27:00,951 INFO sqlalchemy.engine.Engine SELECT cameras.id, cameras.name, cameras.ip_address, cameras.port, cameras.connection_type, cameras.stream_path, cameras.location, cameras.username, cameras.password, cameras.status, cameras.created_at, cameras.updated_at, cameras.enabled 
FROM cameras 
WHERE cameras.id = ?
2025-07-25 17:27:00,951 INFO sqlalchemy.engine.Engine [cached since 1625s ago] (4,)
2025-07-25 17:27:00,951 INFO sqlalchemy.engine.Engine ROLLBACK
INFO:     127.0.0.1:54294 - "GET /api/v1/streams/status/4 HTTP/1.1" 200 OK
2025-07-25 17:27:12,823 INFO sqlalchemy.engine.Engine BEGIN (implicit)
2025-07-25 17:27:12,823 INFO sqlalchemy.engine.Engine SELECT cameras.id, cameras.name, cameras.ip_address, cameras.port, cameras.connection_type, cameras.stream_path, cameras.location, cameras.username, cameras.password, cameras.status, cameras.created_at, cameras.updated_at, cameras.enabled 
FROM cameras 
WHERE cameras.id = ?
2025-07-25 17:27:12,823 INFO sqlalchemy.engine.Engine [cached since 1637s ago] (1,)
2025-07-25 17:27:12,824 INFO sqlalchemy.engine.Engine ROLLBACK
INFO:     127.0.0.1:57858 - "GET /api/v1/streams/status/1 HTTP/1.1" 404 Not Found
2025-07-25 17:27:12,829 INFO sqlalchemy.engine.Engine BEGIN (implicit)
2025-07-25 17:27:12,829 INFO sqlalchemy.engine.Engine SELECT cameras.id, cameras.name, cameras.ip_address, cameras.port, cameras.connection_type, cameras.stream_path, cameras.location, cameras.username, cameras.password, cameras.status, cameras.created_at, cameras.updated_at, cameras.enabled 
FROM cameras 
WHERE cameras.id = ?
2025-07-25 17:27:12,829 INFO sqlalchemy.engine.Engine [cached since 1637s ago] (2,)
2025-07-25 17:27:12,829 INFO sqlalchemy.engine.Engine ROLLBACK
INFO:     127.0.0.1:57858 - "GET /api/v1/streams/status/2 HTTP/1.1" 404 Not Found
2025-07-25 17:27:12,834 INFO sqlalchemy.engine.Engine BEGIN (implicit)
2025-07-25 17:27:12,834 INFO sqlalchemy.engine.Engine SELECT cameras.id, cameras.name, cameras.ip_address, cameras.port, cameras.connection_type, cameras.stream_path, cameras.location, cameras.username, cameras.password, cameras.status, cameras.created_at, cameras.updated_at, cameras.enabled 
FROM cameras 
WHERE cameras.id = ?
2025-07-25 17:27:12,834 INFO sqlalchemy.engine.Engine [cached since 1637s ago] (3,)
2025-07-25 17:27:12,835 INFO sqlalchemy.engine.Engine ROLLBACK
INFO:     127.0.0.1:57858 - "GET /api/v1/streams/status/3 HTTP/1.1" 200 OK
2025-07-25 17:27:12,840 INFO sqlalchemy.engine.Engine BEGIN (implicit)
2025-07-25 17:27:12,840 INFO sqlalchemy.engine.Engine SELECT cameras.id, cameras.name, cameras.ip_address, cameras.port, cameras.connection_type, cameras.stream_path, cameras.location, cameras.username, cameras.password, cameras.status, cameras.created_at, cameras.updated_at, cameras.enabled 
FROM cameras 
WHERE cameras.id = ?
2025-07-25 17:27:12,840 INFO sqlalchemy.engine.Engine [cached since 1637s ago] (4,)
2025-07-25 17:27:12,841 INFO sqlalchemy.engine.Engine ROLLBACK
INFO:     127.0.0.1:57858 - "GET /api/v1/streams/status/4 HTTP/1.1" 200 OK
2025-07-25 17:27:31,212 INFO sqlalchemy.engine.Engine BEGIN (implicit)
2025-07-25 17:27:31,213 INFO sqlalchemy.engine.Engine SELECT cameras.id, cameras.name, cameras.ip_address, cameras.port, cameras.connection_type, cameras.stream_path, cameras.location, cameras.username, cameras.password, cameras.status, cameras.created_at, cameras.updated_at, cameras.enabled 
FROM cameras 
WHERE cameras.id = ?
2025-07-25 17:27:31,213 INFO sqlalchemy.engine.Engine [cached since 1655s ago] (1,)
2025-07-25 17:27:31,213 INFO sqlalchemy.engine.Engine ROLLBACK
INFO:     127.0.0.1:35380 - "GET /api/v1/streams/status/1 HTTP/1.1" 404 Not Found
2025-07-25 17:27:31,219 INFO sqlalchemy.engine.Engine BEGIN (implicit)
2025-07-25 17:27:31,219 INFO sqlalchemy.engine.Engine SELECT cameras.id, cameras.name, cameras.ip_address, cameras.port, cameras.connection_type, cameras.stream_path, cameras.location, cameras.username, cameras.password, cameras.status, cameras.created_at, cameras.updated_at, cameras.enabled 
FROM cameras 
WHERE cameras.id = ?
2025-07-25 17:27:31,219 INFO sqlalchemy.engine.Engine [cached since 1655s ago] (2,)
2025-07-25 17:27:31,220 INFO sqlalchemy.engine.Engine ROLLBACK
INFO:     127.0.0.1:35380 - "GET /api/v1/streams/status/2 HTTP/1.1" 404 Not Found
2025-07-25 17:27:31,225 INFO sqlalchemy.engine.Engine BEGIN (implicit)
2025-07-25 17:27:31,225 INFO sqlalchemy.engine.Engine SELECT cameras.id, cameras.name, cameras.ip_address, cameras.port, cameras.connection_type, cameras.stream_path, cameras.location, cameras.username, cameras.password, cameras.status, cameras.created_at, cameras.updated_at, cameras.enabled 
FROM cameras 
WHERE cameras.id = ?
2025-07-25 17:27:31,225 INFO sqlalchemy.engine.Engine [cached since 1655s ago] (3,)
2025-07-25 17:27:31,226 INFO sqlalchemy.engine.Engine ROLLBACK
INFO:     127.0.0.1:35380 - "GET /api/v1/streams/status/3 HTTP/1.1" 200 OK
2025-07-25 17:27:31,231 INFO sqlalchemy.engine.Engine BEGIN (implicit)
2025-07-25 17:27:31,231 INFO sqlalchemy.engine.Engine SELECT cameras.id, cameras.name, cameras.ip_address, cameras.port, cameras.connection_type, cameras.stream_path, cameras.location, cameras.username, cameras.password, cameras.status, cameras.created_at, cameras.updated_at, cameras.enabled 
FROM cameras 
WHERE cameras.id = ?
2025-07-25 17:27:31,231 INFO sqlalchemy.engine.Engine [cached since 1655s ago] (4,)
2025-07-25 17:27:31,232 INFO sqlalchemy.engine.Engine ROLLBACK
INFO:     127.0.0.1:35380 - "GET /api/v1/streams/status/4 HTTP/1.1" 200 OK
2025-07-25 17:27:42,826 INFO sqlalchemy.engine.Engine BEGIN (implicit)
2025-07-25 17:27:42,826 INFO sqlalchemy.engine.Engine SELECT cameras.id, cameras.name, cameras.ip_address, cameras.port, cameras.connection_type, cameras.stream_path, cameras.location, cameras.username, cameras.password, cameras.status, cameras.created_at, cameras.updated_at, cameras.enabled 
FROM cameras 
WHERE cameras.id = ?
2025-07-25 17:27:42,826 INFO sqlalchemy.engine.Engine [cached since 1667s ago] (1,)
2025-07-25 17:27:42,827 INFO sqlalchemy.engine.Engine ROLLBACK
INFO:     127.0.0.1:48428 - "GET /api/v1/streams/status/1 HTTP/1.1" 404 Not Found
2025-07-25 17:27:42,832 INFO sqlalchemy.engine.Engine BEGIN (implicit)
2025-07-25 17:27:42,832 INFO sqlalchemy.engine.Engine SELECT cameras.id, cameras.name, cameras.ip_address, cameras.port, cameras.connection_type, cameras.stream_path, cameras.location, cameras.username, cameras.password, cameras.status, cameras.created_at, cameras.updated_at, cameras.enabled 
FROM cameras 
WHERE cameras.id = ?
2025-07-25 17:27:42,832 INFO sqlalchemy.engine.Engine [cached since 1667s ago] (2,)
2025-07-25 17:27:42,832 INFO sqlalchemy.engine.Engine ROLLBACK
INFO:     127.0.0.1:48428 - "GET /api/v1/streams/status/2 HTTP/1.1" 404 Not Found
2025-07-25 17:27:42,837 INFO sqlalchemy.engine.Engine BEGIN (implicit)
2025-07-25 17:27:42,837 INFO sqlalchemy.engine.Engine SELECT cameras.id, cameras.name, cameras.ip_address, cameras.port, cameras.connection_type, cameras.stream_path, cameras.location, cameras.username, cameras.password, cameras.status, cameras.created_at, cameras.updated_at, cameras.enabled 
FROM cameras 
WHERE cameras.id = ?
2025-07-25 17:27:42,838 INFO sqlalchemy.engine.Engine [cached since 1667s ago] (3,)
2025-07-25 17:27:42,838 INFO sqlalchemy.engine.Engine ROLLBACK
INFO:     127.0.0.1:48428 - "GET /api/v1/streams/status/3 HTTP/1.1" 200 OK
2025-07-25 17:27:42,843 INFO sqlalchemy.engine.Engine BEGIN (implicit)
2025-07-25 17:27:42,843 INFO sqlalchemy.engine.Engine SELECT cameras.id, cameras.name, cameras.ip_address, cameras.port, cameras.connection_type, cameras.stream_path, cameras.location, cameras.username, cameras.password, cameras.status, cameras.created_at, cameras.updated_at, cameras.enabled 
FROM cameras 
WHERE cameras.id = ?
2025-07-25 17:27:42,843 INFO sqlalchemy.engine.Engine [cached since 1667s ago] (4,)
2025-07-25 17:27:42,843 INFO sqlalchemy.engine.Engine ROLLBACK
INFO:     127.0.0.1:48428 - "GET /api/v1/streams/status/4 HTTP/1.1" 200 OK
2025-07-25 17:28:01,590 INFO sqlalchemy.engine.Engine BEGIN (implicit)
2025-07-25 17:28:01,590 INFO sqlalchemy.engine.Engine SELECT cameras.id, cameras.name, cameras.ip_address, cameras.port, cameras.connection_type, cameras.stream_path, cameras.location, cameras.username, cameras.password, cameras.status, cameras.created_at, cameras.updated_at, cameras.enabled 
FROM cameras 
WHERE cameras.id = ?
2025-07-25 17:28:01,590 INFO sqlalchemy.engine.Engine [cached since 1686s ago] (1,)
2025-07-25 17:28:01,590 INFO sqlalchemy.engine.Engine ROLLBACK
INFO:     127.0.0.1:51378 - "GET /api/v1/streams/status/1 HTTP/1.1" 404 Not Found
2025-07-25 17:28:01,595 INFO sqlalchemy.engine.Engine BEGIN (implicit)
2025-07-25 17:28:01,595 INFO sqlalchemy.engine.Engine SELECT cameras.id, cameras.name, cameras.ip_address, cameras.port, cameras.connection_type, cameras.stream_path, cameras.location, cameras.username, cameras.password, cameras.status, cameras.created_at, cameras.updated_at, cameras.enabled 
FROM cameras 
WHERE cameras.id = ?
2025-07-25 17:28:01,596 INFO sqlalchemy.engine.Engine [cached since 1686s ago] (2,)
2025-07-25 17:28:01,596 INFO sqlalchemy.engine.Engine ROLLBACK
INFO:     127.0.0.1:51378 - "GET /api/v1/streams/status/2 HTTP/1.1" 404 Not Found
2025-07-25 17:28:01,601 INFO sqlalchemy.engine.Engine BEGIN (implicit)
2025-07-25 17:28:01,601 INFO sqlalchemy.engine.Engine SELECT cameras.id, cameras.name, cameras.ip_address, cameras.port, cameras.connection_type, cameras.stream_path, cameras.location, cameras.username, cameras.password, cameras.status, cameras.created_at, cameras.updated_at, cameras.enabled 
FROM cameras 
WHERE cameras.id = ?
2025-07-25 17:28:01,601 INFO sqlalchemy.engine.Engine [cached since 1686s ago] (3,)
2025-07-25 17:28:01,601 INFO sqlalchemy.engine.Engine ROLLBACK
INFO:     127.0.0.1:51378 - "GET /api/v1/streams/status/3 HTTP/1.1" 200 OK
2025-07-25 17:28:01,606 INFO sqlalchemy.engine.Engine BEGIN (implicit)
2025-07-25 17:28:01,606 INFO sqlalchemy.engine.Engine SELECT cameras.id, cameras.name, cameras.ip_address, cameras.port, cameras.connection_type, cameras.stream_path, cameras.location, cameras.username, cameras.password, cameras.status, cameras.created_at, cameras.updated_at, cameras.enabled 
FROM cameras 
WHERE cameras.id = ?
2025-07-25 17:28:01,606 INFO sqlalchemy.engine.Engine [cached since 1686s ago] (4,)
2025-07-25 17:28:01,606 INFO sqlalchemy.engine.Engine ROLLBACK
INFO:     127.0.0.1:51378 - "GET /api/v1/streams/status/4 HTTP/1.1" 200 OK
2025-07-25 17:28:12,841 INFO sqlalchemy.engine.Engine BEGIN (implicit)
2025-07-25 17:28:12,841 INFO sqlalchemy.engine.Engine SELECT cameras.id, cameras.name, cameras.ip_address, cameras.port, cameras.connection_type, cameras.stream_path, cameras.location, cameras.username, cameras.password, cameras.status, cameras.created_at, cameras.updated_at, cameras.enabled 
FROM cameras 
WHERE cameras.id = ?
2025-07-25 17:28:12,841 INFO sqlalchemy.engine.Engine [cached since 1697s ago] (1,)
2025-07-25 17:28:12,842 INFO sqlalchemy.engine.Engine ROLLBACK
INFO:     127.0.0.1:43562 - "GET /api/v1/streams/status/1 HTTP/1.1" 404 Not Found
2025-07-25 17:28:12,847 INFO sqlalchemy.engine.Engine BEGIN (implicit)
2025-07-25 17:28:12,847 INFO sqlalchemy.engine.Engine SELECT cameras.id, cameras.name, cameras.ip_address, cameras.port, cameras.connection_type, cameras.stream_path, cameras.location, cameras.username, cameras.password, cameras.status, cameras.created_at, cameras.updated_at, cameras.enabled 
FROM cameras 
WHERE cameras.id = ?
2025-07-25 17:28:12,847 INFO sqlalchemy.engine.Engine [cached since 1697s ago] (2,)
2025-07-25 17:28:12,848 INFO sqlalchemy.engine.Engine ROLLBACK
INFO:     127.0.0.1:43562 - "GET /api/v1/streams/status/2 HTTP/1.1" 404 Not Found
2025-07-25 17:28:12,852 INFO sqlalchemy.engine.Engine BEGIN (implicit)
2025-07-25 17:28:12,852 INFO sqlalchemy.engine.Engine SELECT cameras.id, cameras.name, cameras.ip_address, cameras.port, cameras.connection_type, cameras.stream_path, cameras.location, cameras.username, cameras.password, cameras.status, cameras.created_at, cameras.updated_at, cameras.enabled 
FROM cameras 
WHERE cameras.id = ?
2025-07-25 17:28:12,852 INFO sqlalchemy.engine.Engine [cached since 1697s ago] (3,)
2025-07-25 17:28:12,853 INFO sqlalchemy.engine.Engine ROLLBACK
INFO:     127.0.0.1:43562 - "GET /api/v1/streams/status/3 HTTP/1.1" 200 OK
2025-07-25 17:28:12,858 INFO sqlalchemy.engine.Engine BEGIN (implicit)
2025-07-25 17:28:12,858 INFO sqlalchemy.engine.Engine SELECT cameras.id, cameras.name, cameras.ip_address, cameras.port, cameras.connection_type, cameras.stream_path, cameras.location, cameras.username, cameras.password, cameras.status, cameras.created_at, cameras.updated_at, cameras.enabled 
FROM cameras 
WHERE cameras.id = ?
2025-07-25 17:28:12,858 INFO sqlalchemy.engine.Engine [cached since 1697s ago] (4,)
2025-07-25 17:28:12,858 INFO sqlalchemy.engine.Engine ROLLBACK
INFO:     127.0.0.1:43562 - "GET /api/v1/streams/status/4 HTTP/1.1" 200 OK
2025-07-25 17:28:31,907 INFO sqlalchemy.engine.Engine BEGIN (implicit)
2025-07-25 17:28:31,908 INFO sqlalchemy.engine.Engine SELECT cameras.id, cameras.name, cameras.ip_address, cameras.port, cameras.connection_type, cameras.stream_path, cameras.location, cameras.username, cameras.password, cameras.status, cameras.created_at, cameras.updated_at, cameras.enabled 
FROM cameras 
WHERE cameras.id = ?
2025-07-25 17:28:31,908 INFO sqlalchemy.engine.Engine [cached since 1716s ago] (1,)
2025-07-25 17:28:31,908 INFO sqlalchemy.engine.Engine ROLLBACK
INFO:     127.0.0.1:40432 - "GET /api/v1/streams/status/1 HTTP/1.1" 404 Not Found
2025-07-25 17:28:31,913 INFO sqlalchemy.engine.Engine BEGIN (implicit)
2025-07-25 17:28:31,913 INFO sqlalchemy.engine.Engine SELECT cameras.id, cameras.name, cameras.ip_address, cameras.port, cameras.connection_type, cameras.stream_path, cameras.location, cameras.username, cameras.password, cameras.status, cameras.created_at, cameras.updated_at, cameras.enabled 
FROM cameras 
WHERE cameras.id = ?
2025-07-25 17:28:31,913 INFO sqlalchemy.engine.Engine [cached since 1716s ago] (2,)
2025-07-25 17:28:31,914 INFO sqlalchemy.engine.Engine ROLLBACK
INFO:     127.0.0.1:40432 - "GET /api/v1/streams/status/2 HTTP/1.1" 404 Not Found
2025-07-25 17:28:31,919 INFO sqlalchemy.engine.Engine BEGIN (implicit)
2025-07-25 17:28:31,919 INFO sqlalchemy.engine.Engine SELECT cameras.id, cameras.name, cameras.ip_address, cameras.port, cameras.connection_type, cameras.stream_path, cameras.location, cameras.username, cameras.password, cameras.status, cameras.created_at, cameras.updated_at, cameras.enabled 
FROM cameras 
WHERE cameras.id = ?
2025-07-25 17:28:31,919 INFO sqlalchemy.engine.Engine [cached since 1716s ago] (3,)
2025-07-25 17:28:31,919 INFO sqlalchemy.engine.Engine ROLLBACK
INFO:     127.0.0.1:40432 - "GET /api/v1/streams/status/3 HTTP/1.1" 200 OK
2025-07-25 17:28:31,924 INFO sqlalchemy.engine.Engine BEGIN (implicit)
2025-07-25 17:28:31,924 INFO sqlalchemy.engine.Engine SELECT cameras.id, cameras.name, cameras.ip_address, cameras.port, cameras.connection_type, cameras.stream_path, cameras.location, cameras.username, cameras.password, cameras.status, cameras.created_at, cameras.updated_at, cameras.enabled 
FROM cameras 
WHERE cameras.id = ?
2025-07-25 17:28:31,925 INFO sqlalchemy.engine.Engine [cached since 1716s ago] (4,)
2025-07-25 17:28:31,925 INFO sqlalchemy.engine.Engine ROLLBACK
INFO:     127.0.0.1:40432 - "GET /api/v1/streams/status/4 HTTP/1.1" 200 OK
2025-07-25 17:28:42,854 INFO sqlalchemy.engine.Engine BEGIN (implicit)
2025-07-25 17:28:42,855 INFO sqlalchemy.engine.Engine SELECT cameras.id, cameras.name, cameras.ip_address, cameras.port, cameras.connection_type, cameras.stream_path, cameras.location, cameras.username, cameras.password, cameras.status, cameras.created_at, cameras.updated_at, cameras.enabled 
FROM cameras 
WHERE cameras.id = ?
2025-07-25 17:28:42,855 INFO sqlalchemy.engine.Engine [cached since 1727s ago] (1,)
2025-07-25 17:28:42,856 INFO sqlalchemy.engine.Engine ROLLBACK
INFO:     127.0.0.1:38948 - "GET /api/v1/streams/status/1 HTTP/1.1" 404 Not Found
2025-07-25 17:28:42,861 INFO sqlalchemy.engine.Engine BEGIN (implicit)
2025-07-25 17:28:42,861 INFO sqlalchemy.engine.Engine SELECT cameras.id, cameras.name, cameras.ip_address, cameras.port, cameras.connection_type, cameras.stream_path, cameras.location, cameras.username, cameras.password, cameras.status, cameras.created_at, cameras.updated_at, cameras.enabled 
FROM cameras 
WHERE cameras.id = ?
2025-07-25 17:28:42,861 INFO sqlalchemy.engine.Engine [cached since 1727s ago] (2,)
2025-07-25 17:28:42,862 INFO sqlalchemy.engine.Engine ROLLBACK
INFO:     127.0.0.1:38948 - "GET /api/v1/streams/status/2 HTTP/1.1" 404 Not Found
2025-07-25 17:28:42,866 INFO sqlalchemy.engine.Engine BEGIN (implicit)
2025-07-25 17:28:42,867 INFO sqlalchemy.engine.Engine SELECT cameras.id, cameras.name, cameras.ip_address, cameras.port, cameras.connection_type, cameras.stream_path, cameras.location, cameras.username, cameras.password, cameras.status, cameras.created_at, cameras.updated_at, cameras.enabled 
FROM cameras 
WHERE cameras.id = ?
2025-07-25 17:28:42,867 INFO sqlalchemy.engine.Engine [cached since 1727s ago] (3,)
2025-07-25 17:28:42,867 INFO sqlalchemy.engine.Engine ROLLBACK
INFO:     127.0.0.1:38948 - "GET /api/v1/streams/status/3 HTTP/1.1" 200 OK
2025-07-25 17:28:42,872 INFO sqlalchemy.engine.Engine BEGIN (implicit)
2025-07-25 17:28:42,872 INFO sqlalchemy.engine.Engine SELECT cameras.id, cameras.name, cameras.ip_address, cameras.port, cameras.connection_type, cameras.stream_path, cameras.location, cameras.username, cameras.password, cameras.status, cameras.created_at, cameras.updated_at, cameras.enabled 
FROM cameras 
WHERE cameras.id = ?
2025-07-25 17:28:42,872 INFO sqlalchemy.engine.Engine [cached since 1727s ago] (4,)
2025-07-25 17:28:42,872 INFO sqlalchemy.engine.Engine ROLLBACK
INFO:     127.0.0.1:38948 - "GET /api/v1/streams/status/4 HTTP/1.1" 200 OK
2025-07-25 17:29:02,353 INFO sqlalchemy.engine.Engine BEGIN (implicit)
2025-07-25 17:29:02,353 INFO sqlalchemy.engine.Engine SELECT cameras.id, cameras.name, cameras.ip_address, cameras.port, cameras.connection_type, cameras.stream_path, cameras.location, cameras.username, cameras.password, cameras.status, cameras.created_at, cameras.updated_at, cameras.enabled 
FROM cameras 
WHERE cameras.id = ?
2025-07-25 17:29:02,353 INFO sqlalchemy.engine.Engine [cached since 1747s ago] (1,)
2025-07-25 17:29:02,354 INFO sqlalchemy.engine.Engine ROLLBACK
INFO:     127.0.0.1:45874 - "GET /api/v1/streams/status/1 HTTP/1.1" 404 Not Found
2025-07-25 17:29:02,361 INFO sqlalchemy.engine.Engine BEGIN (implicit)
2025-07-25 17:29:02,361 INFO sqlalchemy.engine.Engine SELECT cameras.id, cameras.name, cameras.ip_address, cameras.port, cameras.connection_type, cameras.stream_path, cameras.location, cameras.username, cameras.password, cameras.status, cameras.created_at, cameras.updated_at, cameras.enabled 
FROM cameras 
WHERE cameras.id = ?
2025-07-25 17:29:02,361 INFO sqlalchemy.engine.Engine [cached since 1747s ago] (2,)
2025-07-25 17:29:02,362 INFO sqlalchemy.engine.Engine ROLLBACK
INFO:     127.0.0.1:45874 - "GET /api/v1/streams/status/2 HTTP/1.1" 404 Not Found
2025-07-25 17:29:02,367 INFO sqlalchemy.engine.Engine BEGIN (implicit)
2025-07-25 17:29:02,367 INFO sqlalchemy.engine.Engine SELECT cameras.id, cameras.name, cameras.ip_address, cameras.port, cameras.connection_type, cameras.stream_path, cameras.location, cameras.username, cameras.password, cameras.status, cameras.created_at, cameras.updated_at, cameras.enabled 
FROM cameras 
WHERE cameras.id = ?
2025-07-25 17:29:02,367 INFO sqlalchemy.engine.Engine [cached since 1747s ago] (3,)
2025-07-25 17:29:02,368 INFO sqlalchemy.engine.Engine ROLLBACK
INFO:     127.0.0.1:45874 - "GET /api/v1/streams/status/3 HTTP/1.1" 200 OK
2025-07-25 17:29:02,373 INFO sqlalchemy.engine.Engine BEGIN (implicit)
2025-07-25 17:29:02,373 INFO sqlalchemy.engine.Engine SELECT cameras.id, cameras.name, cameras.ip_address, cameras.port, cameras.connection_type, cameras.stream_path, cameras.location, cameras.username, cameras.password, cameras.status, cameras.created_at, cameras.updated_at, cameras.enabled 
FROM cameras 
WHERE cameras.id = ?
2025-07-25 17:29:02,373 INFO sqlalchemy.engine.Engine [cached since 1747s ago] (4,)
2025-07-25 17:29:02,373 INFO sqlalchemy.engine.Engine ROLLBACK
INFO:     127.0.0.1:45874 - "GET /api/v1/streams/status/4 HTTP/1.1" 200 OK
2025-07-25 17:29:12,864 INFO sqlalchemy.engine.Engine BEGIN (implicit)
2025-07-25 17:29:12,864 INFO sqlalchemy.engine.Engine SELECT cameras.id, cameras.name, cameras.ip_address, cameras.port, cameras.connection_type, cameras.stream_path, cameras.location, cameras.username, cameras.password, cameras.status, cameras.created_at, cameras.updated_at, cameras.enabled 
FROM cameras 
WHERE cameras.id = ?
2025-07-25 17:29:12,864 INFO sqlalchemy.engine.Engine [cached since 1757s ago] (1,)
2025-07-25 17:29:12,865 INFO sqlalchemy.engine.Engine ROLLBACK
INFO:     127.0.0.1:36070 - "GET /api/v1/streams/status/1 HTTP/1.1" 404 Not Found
2025-07-25 17:29:12,870 INFO sqlalchemy.engine.Engine BEGIN (implicit)
2025-07-25 17:29:12,870 INFO sqlalchemy.engine.Engine SELECT cameras.id, cameras.name, cameras.ip_address, cameras.port, cameras.connection_type, cameras.stream_path, cameras.location, cameras.username, cameras.password, cameras.status, cameras.created_at, cameras.updated_at, cameras.enabled 
FROM cameras 
WHERE cameras.id = ?
2025-07-25 17:29:12,870 INFO sqlalchemy.engine.Engine [cached since 1757s ago] (2,)
2025-07-25 17:29:12,871 INFO sqlalchemy.engine.Engine ROLLBACK
INFO:     127.0.0.1:36070 - "GET /api/v1/streams/status/2 HTTP/1.1" 404 Not Found
2025-07-25 17:29:12,876 INFO sqlalchemy.engine.Engine BEGIN (implicit)
2025-07-25 17:29:12,877 INFO sqlalchemy.engine.Engine SELECT cameras.id, cameras.name, cameras.ip_address, cameras.port, cameras.connection_type, cameras.stream_path, cameras.location, cameras.username, cameras.password, cameras.status, cameras.created_at, cameras.updated_at, cameras.enabled 
FROM cameras 
WHERE cameras.id = ?
2025-07-25 17:29:12,877 INFO sqlalchemy.engine.Engine [cached since 1757s ago] (3,)
2025-07-25 17:29:12,877 INFO sqlalchemy.engine.Engine ROLLBACK
INFO:     127.0.0.1:36070 - "GET /api/v1/streams/status/3 HTTP/1.1" 200 OK
2025-07-25 17:29:12,882 INFO sqlalchemy.engine.Engine BEGIN (implicit)
2025-07-25 17:29:12,882 INFO sqlalchemy.engine.Engine SELECT cameras.id, cameras.name, cameras.ip_address, cameras.port, cameras.connection_type, cameras.stream_path, cameras.location, cameras.username, cameras.password, cameras.status, cameras.created_at, cameras.updated_at, cameras.enabled 
FROM cameras 
WHERE cameras.id = ?
2025-07-25 17:29:12,882 INFO sqlalchemy.engine.Engine [cached since 1757s ago] (4,)
2025-07-25 17:29:12,883 INFO sqlalchemy.engine.Engine ROLLBACK
INFO:     127.0.0.1:36070 - "GET /api/v1/streams/status/4 HTTP/1.1" 200 OK
2025-07-25 17:29:32,727 INFO sqlalchemy.engine.Engine BEGIN (implicit)
2025-07-25 17:29:32,727 INFO sqlalchemy.engine.Engine SELECT cameras.id, cameras.name, cameras.ip_address, cameras.port, cameras.connection_type, cameras.stream_path, cameras.location, cameras.username, cameras.password, cameras.status, cameras.created_at, cameras.updated_at, cameras.enabled 
FROM cameras 
WHERE cameras.id = ?
2025-07-25 17:29:32,727 INFO sqlalchemy.engine.Engine [cached since 1777s ago] (1,)
2025-07-25 17:29:32,728 INFO sqlalchemy.engine.Engine ROLLBACK
INFO:     127.0.0.1:40158 - "GET /api/v1/streams/status/1 HTTP/1.1" 404 Not Found
2025-07-25 17:29:32,733 INFO sqlalchemy.engine.Engine BEGIN (implicit)
2025-07-25 17:29:32,734 INFO sqlalchemy.engine.Engine SELECT cameras.id, cameras.name, cameras.ip_address, cameras.port, cameras.connection_type, cameras.stream_path, cameras.location, cameras.username, cameras.password, cameras.status, cameras.created_at, cameras.updated_at, cameras.enabled 
FROM cameras 
WHERE cameras.id = ?
2025-07-25 17:29:32,734 INFO sqlalchemy.engine.Engine [cached since 1777s ago] (2,)
2025-07-25 17:29:32,734 INFO sqlalchemy.engine.Engine ROLLBACK
INFO:     127.0.0.1:40158 - "GET /api/v1/streams/status/2 HTTP/1.1" 404 Not Found
2025-07-25 17:29:32,739 INFO sqlalchemy.engine.Engine BEGIN (implicit)
2025-07-25 17:29:32,739 INFO sqlalchemy.engine.Engine SELECT cameras.id, cameras.name, cameras.ip_address, cameras.port, cameras.connection_type, cameras.stream_path, cameras.location, cameras.username, cameras.password, cameras.status, cameras.created_at, cameras.updated_at, cameras.enabled 
FROM cameras 
WHERE cameras.id = ?
2025-07-25 17:29:32,739 INFO sqlalchemy.engine.Engine [cached since 1777s ago] (3,)
2025-07-25 17:29:32,740 INFO sqlalchemy.engine.Engine ROLLBACK
INFO:     127.0.0.1:40158 - "GET /api/v1/streams/status/3 HTTP/1.1" 200 OK
2025-07-25 17:29:32,744 INFO sqlalchemy.engine.Engine BEGIN (implicit)
2025-07-25 17:29:32,744 INFO sqlalchemy.engine.Engine SELECT cameras.id, cameras.name, cameras.ip_address, cameras.port, cameras.connection_type, cameras.stream_path, cameras.location, cameras.username, cameras.password, cameras.status, cameras.created_at, cameras.updated_at, cameras.enabled 
FROM cameras 
WHERE cameras.id = ?
2025-07-25 17:29:32,745 INFO sqlalchemy.engine.Engine [cached since 1777s ago] (4,)
2025-07-25 17:29:32,745 INFO sqlalchemy.engine.Engine ROLLBACK
INFO:     127.0.0.1:40158 - "GET /api/v1/streams/status/4 HTTP/1.1" 200 OK
2025-07-25 17:29:42,882 INFO sqlalchemy.engine.Engine BEGIN (implicit)
2025-07-25 17:29:42,882 INFO sqlalchemy.engine.Engine SELECT cameras.id, cameras.name, cameras.ip_address, cameras.port, cameras.connection_type, cameras.stream_path, cameras.location, cameras.username, cameras.password, cameras.status, cameras.created_at, cameras.updated_at, cameras.enabled 
FROM cameras 
WHERE cameras.id = ?
2025-07-25 17:29:42,882 INFO sqlalchemy.engine.Engine [cached since 1787s ago] (1,)
2025-07-25 17:29:42,883 INFO sqlalchemy.engine.Engine ROLLBACK
INFO:     127.0.0.1:39664 - "GET /api/v1/streams/status/1 HTTP/1.1" 404 Not Found
2025-07-25 17:29:42,888 INFO sqlalchemy.engine.Engine BEGIN (implicit)
2025-07-25 17:29:42,888 INFO sqlalchemy.engine.Engine SELECT cameras.id, cameras.name, cameras.ip_address, cameras.port, cameras.connection_type, cameras.stream_path, cameras.location, cameras.username, cameras.password, cameras.status, cameras.created_at, cameras.updated_at, cameras.enabled 
FROM cameras 
WHERE cameras.id = ?
2025-07-25 17:29:42,888 INFO sqlalchemy.engine.Engine [cached since 1787s ago] (2,)
2025-07-25 17:29:42,888 INFO sqlalchemy.engine.Engine ROLLBACK
INFO:     127.0.0.1:39664 - "GET /api/v1/streams/status/2 HTTP/1.1" 404 Not Found
2025-07-25 17:29:42,893 INFO sqlalchemy.engine.Engine BEGIN (implicit)
2025-07-25 17:29:42,894 INFO sqlalchemy.engine.Engine SELECT cameras.id, cameras.name, cameras.ip_address, cameras.port, cameras.connection_type, cameras.stream_path, cameras.location, cameras.username, cameras.password, cameras.status, cameras.created_at, cameras.updated_at, cameras.enabled 
FROM cameras 
WHERE cameras.id = ?
2025-07-25 17:29:42,894 INFO sqlalchemy.engine.Engine [cached since 1787s ago] (3,)
2025-07-25 17:29:42,894 INFO sqlalchemy.engine.Engine ROLLBACK
INFO:     127.0.0.1:39664 - "GET /api/v1/streams/status/3 HTTP/1.1" 200 OK
2025-07-25 17:29:42,899 INFO sqlalchemy.engine.Engine BEGIN (implicit)
2025-07-25 17:29:42,899 INFO sqlalchemy.engine.Engine SELECT cameras.id, cameras.name, cameras.ip_address, cameras.port, cameras.connection_type, cameras.stream_path, cameras.location, cameras.username, cameras.password, cameras.status, cameras.created_at, cameras.updated_at, cameras.enabled 
FROM cameras 
WHERE cameras.id = ?
2025-07-25 17:29:42,899 INFO sqlalchemy.engine.Engine [cached since 1787s ago] (4,)
2025-07-25 17:29:42,899 INFO sqlalchemy.engine.Engine ROLLBACK
INFO:     127.0.0.1:39664 - "GET /api/v1/streams/status/4 HTTP/1.1" 200 OK
2025-07-25 17:30:03,182 INFO sqlalchemy.engine.Engine BEGIN (implicit)
2025-07-25 17:30:03,182 INFO sqlalchemy.engine.Engine SELECT cameras.id, cameras.name, cameras.ip_address, cameras.port, cameras.connection_type, cameras.stream_path, cameras.location, cameras.username, cameras.password, cameras.status, cameras.created_at, cameras.updated_at, cameras.enabled 
FROM cameras 
WHERE cameras.id = ?
2025-07-25 17:30:03,182 INFO sqlalchemy.engine.Engine [cached since 1807s ago] (1,)
2025-07-25 17:30:03,183 INFO sqlalchemy.engine.Engine ROLLBACK
INFO:     127.0.0.1:60664 - "GET /api/v1/streams/status/1 HTTP/1.1" 404 Not Found
2025-07-25 17:30:03,188 INFO sqlalchemy.engine.Engine BEGIN (implicit)
2025-07-25 17:30:03,188 INFO sqlalchemy.engine.Engine SELECT cameras.id, cameras.name, cameras.ip_address, cameras.port, cameras.connection_type, cameras.stream_path, cameras.location, cameras.username, cameras.password, cameras.status, cameras.created_at, cameras.updated_at, cameras.enabled 
FROM cameras 
WHERE cameras.id = ?
2025-07-25 17:30:03,188 INFO sqlalchemy.engine.Engine [cached since 1807s ago] (2,)
2025-07-25 17:30:03,189 INFO sqlalchemy.engine.Engine ROLLBACK
INFO:     127.0.0.1:60664 - "GET /api/v1/streams/status/2 HTTP/1.1" 404 Not Found
2025-07-25 17:30:03,194 INFO sqlalchemy.engine.Engine BEGIN (implicit)
2025-07-25 17:30:03,195 INFO sqlalchemy.engine.Engine SELECT cameras.id, cameras.name, cameras.ip_address, cameras.port, cameras.connection_type, cameras.stream_path, cameras.location, cameras.username, cameras.password, cameras.status, cameras.created_at, cameras.updated_at, cameras.enabled 
FROM cameras 
WHERE cameras.id = ?
2025-07-25 17:30:03,195 INFO sqlalchemy.engine.Engine [cached since 1807s ago] (3,)
2025-07-25 17:30:03,195 INFO sqlalchemy.engine.Engine ROLLBACK
INFO:     127.0.0.1:60664 - "GET /api/v1/streams/status/3 HTTP/1.1" 200 OK
2025-07-25 17:30:03,201 INFO sqlalchemy.engine.Engine BEGIN (implicit)
2025-07-25 17:30:03,201 INFO sqlalchemy.engine.Engine SELECT cameras.id, cameras.name, cameras.ip_address, cameras.port, cameras.connection_type, cameras.stream_path, cameras.location, cameras.username, cameras.password, cameras.status, cameras.created_at, cameras.updated_at, cameras.enabled 
FROM cameras 
WHERE cameras.id = ?
2025-07-25 17:30:03,201 INFO sqlalchemy.engine.Engine [cached since 1807s ago] (4,)
2025-07-25 17:30:03,201 INFO sqlalchemy.engine.Engine ROLLBACK
INFO:     127.0.0.1:60664 - "GET /api/v1/streams/status/4 HTTP/1.1" 200 OK
2025-07-25 17:30:12,889 INFO sqlalchemy.engine.Engine BEGIN (implicit)
2025-07-25 17:30:12,889 INFO sqlalchemy.engine.Engine SELECT cameras.id, cameras.name, cameras.ip_address, cameras.port, cameras.connection_type, cameras.stream_path, cameras.location, cameras.username, cameras.password, cameras.status, cameras.created_at, cameras.updated_at, cameras.enabled 
FROM cameras 
WHERE cameras.id = ?
2025-07-25 17:30:12,889 INFO sqlalchemy.engine.Engine [cached since 1817s ago] (1,)
2025-07-25 17:30:12,890 INFO sqlalchemy.engine.Engine ROLLBACK
INFO:     127.0.0.1:60732 - "GET /api/v1/streams/status/1 HTTP/1.1" 404 Not Found
2025-07-25 17:30:12,896 INFO sqlalchemy.engine.Engine BEGIN (implicit)
2025-07-25 17:30:12,896 INFO sqlalchemy.engine.Engine SELECT cameras.id, cameras.name, cameras.ip_address, cameras.port, cameras.connection_type, cameras.stream_path, cameras.location, cameras.username, cameras.password, cameras.status, cameras.created_at, cameras.updated_at, cameras.enabled 
FROM cameras 
WHERE cameras.id = ?
2025-07-25 17:30:12,896 INFO sqlalchemy.engine.Engine [cached since 1817s ago] (2,)
2025-07-25 17:30:12,897 INFO sqlalchemy.engine.Engine ROLLBACK
INFO:     127.0.0.1:60732 - "GET /api/v1/streams/status/2 HTTP/1.1" 404 Not Found
2025-07-25 17:30:12,902 INFO sqlalchemy.engine.Engine BEGIN (implicit)
2025-07-25 17:30:12,902 INFO sqlalchemy.engine.Engine SELECT cameras.id, cameras.name, cameras.ip_address, cameras.port, cameras.connection_type, cameras.stream_path, cameras.location, cameras.username, cameras.password, cameras.status, cameras.created_at, cameras.updated_at, cameras.enabled 
FROM cameras 
WHERE cameras.id = ?
2025-07-25 17:30:12,902 INFO sqlalchemy.engine.Engine [cached since 1817s ago] (3,)
2025-07-25 17:30:12,903 INFO sqlalchemy.engine.Engine ROLLBACK
INFO:     127.0.0.1:60732 - "GET /api/v1/streams/status/3 HTTP/1.1" 200 OK
2025-07-25 17:30:12,908 INFO sqlalchemy.engine.Engine BEGIN (implicit)
2025-07-25 17:30:12,908 INFO sqlalchemy.engine.Engine SELECT cameras.id, cameras.name, cameras.ip_address, cameras.port, cameras.connection_type, cameras.stream_path, cameras.location, cameras.username, cameras.password, cameras.status, cameras.created_at, cameras.updated_at, cameras.enabled 
FROM cameras 
WHERE cameras.id = ?
2025-07-25 17:30:12,908 INFO sqlalchemy.engine.Engine [cached since 1817s ago] (4,)
2025-07-25 17:30:12,909 INFO sqlalchemy.engine.Engine ROLLBACK
INFO:     127.0.0.1:60732 - "GET /api/v1/streams/status/4 HTTP/1.1" 200 OK
2025-07-25 17:30:33,481 INFO sqlalchemy.engine.Engine BEGIN (implicit)
2025-07-25 17:30:33,482 INFO sqlalchemy.engine.Engine SELECT cameras.id, cameras.name, cameras.ip_address, cameras.port, cameras.connection_type, cameras.stream_path, cameras.location, cameras.username, cameras.password, cameras.status, cameras.created_at, cameras.updated_at, cameras.enabled 
FROM cameras 
WHERE cameras.id = ?
2025-07-25 17:30:33,482 INFO sqlalchemy.engine.Engine [cached since 1838s ago] (1,)
2025-07-25 17:30:33,483 INFO sqlalchemy.engine.Engine ROLLBACK
INFO:     127.0.0.1:51306 - "GET /api/v1/streams/status/1 HTTP/1.1" 404 Not Found
2025-07-25 17:30:33,489 INFO sqlalchemy.engine.Engine BEGIN (implicit)
2025-07-25 17:30:33,489 INFO sqlalchemy.engine.Engine SELECT cameras.id, cameras.name, cameras.ip_address, cameras.port, cameras.connection_type, cameras.stream_path, cameras.location, cameras.username, cameras.password, cameras.status, cameras.created_at, cameras.updated_at, cameras.enabled 
FROM cameras 
WHERE cameras.id = ?
2025-07-25 17:30:33,489 INFO sqlalchemy.engine.Engine [cached since 1838s ago] (2,)
2025-07-25 17:30:33,490 INFO sqlalchemy.engine.Engine ROLLBACK
INFO:     127.0.0.1:51306 - "GET /api/v1/streams/status/2 HTTP/1.1" 404 Not Found
2025-07-25 17:30:33,494 INFO sqlalchemy.engine.Engine BEGIN (implicit)
2025-07-25 17:30:33,495 INFO sqlalchemy.engine.Engine SELECT cameras.id, cameras.name, cameras.ip_address, cameras.port, cameras.connection_type, cameras.stream_path, cameras.location, cameras.username, cameras.password, cameras.status, cameras.created_at, cameras.updated_at, cameras.enabled 
FROM cameras 
WHERE cameras.id = ?
2025-07-25 17:30:33,495 INFO sqlalchemy.engine.Engine [cached since 1838s ago] (3,)
2025-07-25 17:30:33,495 INFO sqlalchemy.engine.Engine ROLLBACK
INFO:     127.0.0.1:51306 - "GET /api/v1/streams/status/3 HTTP/1.1" 200 OK
2025-07-25 17:30:33,500 INFO sqlalchemy.engine.Engine BEGIN (implicit)
2025-07-25 17:30:33,500 INFO sqlalchemy.engine.Engine SELECT cameras.id, cameras.name, cameras.ip_address, cameras.port, cameras.connection_type, cameras.stream_path, cameras.location, cameras.username, cameras.password, cameras.status, cameras.created_at, cameras.updated_at, cameras.enabled 
FROM cameras 
WHERE cameras.id = ?
2025-07-25 17:30:33,500 INFO sqlalchemy.engine.Engine [cached since 1838s ago] (4,)
2025-07-25 17:30:33,501 INFO sqlalchemy.engine.Engine ROLLBACK
INFO:     127.0.0.1:51306 - "GET /api/v1/streams/status/4 HTTP/1.1" 200 OK
2025-07-25 17:30:42,904 INFO sqlalchemy.engine.Engine BEGIN (implicit)
2025-07-25 17:30:42,904 INFO sqlalchemy.engine.Engine SELECT cameras.id, cameras.name, cameras.ip_address, cameras.port, cameras.connection_type, cameras.stream_path, cameras.location, cameras.username, cameras.password, cameras.status, cameras.created_at, cameras.updated_at, cameras.enabled 
FROM cameras 
WHERE cameras.id = ?
2025-07-25 17:30:42,904 INFO sqlalchemy.engine.Engine [cached since 1847s ago] (1,)
2025-07-25 17:30:42,905 INFO sqlalchemy.engine.Engine ROLLBACK
INFO:     127.0.0.1:47622 - "GET /api/v1/streams/status/1 HTTP/1.1" 404 Not Found
2025-07-25 17:30:42,909 INFO sqlalchemy.engine.Engine BEGIN (implicit)
2025-07-25 17:30:42,910 INFO sqlalchemy.engine.Engine SELECT cameras.id, cameras.name, cameras.ip_address, cameras.port, cameras.connection_type, cameras.stream_path, cameras.location, cameras.username, cameras.password, cameras.status, cameras.created_at, cameras.updated_at, cameras.enabled 
FROM cameras 
WHERE cameras.id = ?
2025-07-25 17:30:42,910 INFO sqlalchemy.engine.Engine [cached since 1847s ago] (2,)
2025-07-25 17:30:42,910 INFO sqlalchemy.engine.Engine ROLLBACK
INFO:     127.0.0.1:47622 - "GET /api/v1/streams/status/2 HTTP/1.1" 404 Not Found
2025-07-25 17:30:42,915 INFO sqlalchemy.engine.Engine BEGIN (implicit)
2025-07-25 17:30:42,915 INFO sqlalchemy.engine.Engine SELECT cameras.id, cameras.name, cameras.ip_address, cameras.port, cameras.connection_type, cameras.stream_path, cameras.location, cameras.username, cameras.password, cameras.status, cameras.created_at, cameras.updated_at, cameras.enabled 
FROM cameras 
WHERE cameras.id = ?
2025-07-25 17:30:42,915 INFO sqlalchemy.engine.Engine [cached since 1847s ago] (3,)
2025-07-25 17:30:42,916 INFO sqlalchemy.engine.Engine ROLLBACK
INFO:     127.0.0.1:47622 - "GET /api/v1/streams/status/3 HTTP/1.1" 200 OK
2025-07-25 17:30:42,920 INFO sqlalchemy.engine.Engine BEGIN (implicit)
2025-07-25 17:30:42,921 INFO sqlalchemy.engine.Engine SELECT cameras.id, cameras.name, cameras.ip_address, cameras.port, cameras.connection_type, cameras.stream_path, cameras.location, cameras.username, cameras.password, cameras.status, cameras.created_at, cameras.updated_at, cameras.enabled 
FROM cameras 
WHERE cameras.id = ?
2025-07-25 17:30:42,921 INFO sqlalchemy.engine.Engine [cached since 1847s ago] (4,)
2025-07-25 17:30:42,921 INFO sqlalchemy.engine.Engine ROLLBACK
INFO:     127.0.0.1:47622 - "GET /api/v1/streams/status/4 HTTP/1.1" 200 OK
2025-07-25 17:31:03,841 INFO sqlalchemy.engine.Engine BEGIN (implicit)
2025-07-25 17:31:03,841 INFO sqlalchemy.engine.Engine SELECT cameras.id, cameras.name, cameras.ip_address, cameras.port, cameras.connection_type, cameras.stream_path, cameras.location, cameras.username, cameras.password, cameras.status, cameras.created_at, cameras.updated_at, cameras.enabled 
FROM cameras 
WHERE cameras.id = ?
2025-07-25 17:31:03,841 INFO sqlalchemy.engine.Engine [cached since 1868s ago] (1,)
2025-07-25 17:31:03,842 INFO sqlalchemy.engine.Engine ROLLBACK
INFO:     127.0.0.1:41126 - "GET /api/v1/streams/status/1 HTTP/1.1" 404 Not Found
2025-07-25 17:31:03,847 INFO sqlalchemy.engine.Engine BEGIN (implicit)
2025-07-25 17:31:03,847 INFO sqlalchemy.engine.Engine SELECT cameras.id, cameras.name, cameras.ip_address, cameras.port, cameras.connection_type, cameras.stream_path, cameras.location, cameras.username, cameras.password, cameras.status, cameras.created_at, cameras.updated_at, cameras.enabled 
FROM cameras 
WHERE cameras.id = ?
2025-07-25 17:31:03,847 INFO sqlalchemy.engine.Engine [cached since 1868s ago] (2,)
2025-07-25 17:31:03,848 INFO sqlalchemy.engine.Engine ROLLBACK
INFO:     127.0.0.1:41126 - "GET /api/v1/streams/status/2 HTTP/1.1" 404 Not Found
2025-07-25 17:31:03,853 INFO sqlalchemy.engine.Engine BEGIN (implicit)
2025-07-25 17:31:03,853 INFO sqlalchemy.engine.Engine SELECT cameras.id, cameras.name, cameras.ip_address, cameras.port, cameras.connection_type, cameras.stream_path, cameras.location, cameras.username, cameras.password, cameras.status, cameras.created_at, cameras.updated_at, cameras.enabled 
FROM cameras 
WHERE cameras.id = ?
2025-07-25 17:31:03,853 INFO sqlalchemy.engine.Engine [cached since 1868s ago] (3,)
2025-07-25 17:31:03,854 INFO sqlalchemy.engine.Engine ROLLBACK
INFO:     127.0.0.1:41126 - "GET /api/v1/streams/status/3 HTTP/1.1" 200 OK
2025-07-25 17:31:03,858 INFO sqlalchemy.engine.Engine BEGIN (implicit)
2025-07-25 17:31:03,859 INFO sqlalchemy.engine.Engine SELECT cameras.id, cameras.name, cameras.ip_address, cameras.port, cameras.connection_type, cameras.stream_path, cameras.location, cameras.username, cameras.password, cameras.status, cameras.created_at, cameras.updated_at, cameras.enabled 
FROM cameras 
WHERE cameras.id = ?
2025-07-25 17:31:03,859 INFO sqlalchemy.engine.Engine [cached since 1868s ago] (4,)
2025-07-25 17:31:03,859 INFO sqlalchemy.engine.Engine ROLLBACK
INFO:     127.0.0.1:41126 - "GET /api/v1/streams/status/4 HTTP/1.1" 200 OK
2025-07-25 17:31:12,914 INFO sqlalchemy.engine.Engine BEGIN (implicit)
2025-07-25 17:31:12,914 INFO sqlalchemy.engine.Engine SELECT cameras.id, cameras.name, cameras.ip_address, cameras.port, cameras.connection_type, cameras.stream_path, cameras.location, cameras.username, cameras.password, cameras.status, cameras.created_at, cameras.updated_at, cameras.enabled 
FROM cameras 
WHERE cameras.id = ?
2025-07-25 17:31:12,914 INFO sqlalchemy.engine.Engine [cached since 1877s ago] (1,)
2025-07-25 17:31:12,915 INFO sqlalchemy.engine.Engine ROLLBACK
INFO:     127.0.0.1:55388 - "GET /api/v1/streams/status/1 HTTP/1.1" 404 Not Found
2025-07-25 17:31:12,920 INFO sqlalchemy.engine.Engine BEGIN (implicit)
2025-07-25 17:31:12,921 INFO sqlalchemy.engine.Engine SELECT cameras.id, cameras.name, cameras.ip_address, cameras.port, cameras.connection_type, cameras.stream_path, cameras.location, cameras.username, cameras.password, cameras.status, cameras.created_at, cameras.updated_at, cameras.enabled 
FROM cameras 
WHERE cameras.id = ?
2025-07-25 17:31:12,921 INFO sqlalchemy.engine.Engine [cached since 1877s ago] (2,)
2025-07-25 17:31:12,921 INFO sqlalchemy.engine.Engine ROLLBACK
INFO:     127.0.0.1:55388 - "GET /api/v1/streams/status/2 HTTP/1.1" 404 Not Found
2025-07-25 17:31:12,926 INFO sqlalchemy.engine.Engine BEGIN (implicit)
2025-07-25 17:31:12,926 INFO sqlalchemy.engine.Engine SELECT cameras.id, cameras.name, cameras.ip_address, cameras.port, cameras.connection_type, cameras.stream_path, cameras.location, cameras.username, cameras.password, cameras.status, cameras.created_at, cameras.updated_at, cameras.enabled 
FROM cameras 
WHERE cameras.id = ?
2025-07-25 17:31:12,926 INFO sqlalchemy.engine.Engine [cached since 1877s ago] (3,)
2025-07-25 17:31:12,927 INFO sqlalchemy.engine.Engine ROLLBACK
INFO:     127.0.0.1:55388 - "GET /api/v1/streams/status/3 HTTP/1.1" 200 OK
2025-07-25 17:31:12,934 INFO sqlalchemy.engine.Engine BEGIN (implicit)
2025-07-25 17:31:12,935 INFO sqlalchemy.engine.Engine SELECT cameras.id, cameras.name, cameras.ip_address, cameras.port, cameras.connection_type, cameras.stream_path, cameras.location, cameras.username, cameras.password, cameras.status, cameras.created_at, cameras.updated_at, cameras.enabled 
FROM cameras 
WHERE cameras.id = ?
2025-07-25 17:31:12,935 INFO sqlalchemy.engine.Engine [cached since 1877s ago] (4,)
2025-07-25 17:31:12,936 INFO sqlalchemy.engine.Engine ROLLBACK
INFO:     127.0.0.1:55388 - "GET /api/v1/streams/status/4 HTTP/1.1" 200 OK
2025-07-25 17:31:34,220 INFO sqlalchemy.engine.Engine BEGIN (implicit)
2025-07-25 17:31:34,220 INFO sqlalchemy.engine.Engine SELECT cameras.id, cameras.name, cameras.ip_address, cameras.port, cameras.connection_type, cameras.stream_path, cameras.location, cameras.username, cameras.password, cameras.status, cameras.created_at, cameras.updated_at, cameras.enabled 
FROM cameras 
WHERE cameras.id = ?
2025-07-25 17:31:34,220 INFO sqlalchemy.engine.Engine [cached since 1898s ago] (1,)
2025-07-25 17:31:34,221 INFO sqlalchemy.engine.Engine ROLLBACK
INFO:     127.0.0.1:57300 - "GET /api/v1/streams/status/1 HTTP/1.1" 404 Not Found
2025-07-25 17:31:34,226 INFO sqlalchemy.engine.Engine BEGIN (implicit)
2025-07-25 17:31:34,227 INFO sqlalchemy.engine.Engine SELECT cameras.id, cameras.name, cameras.ip_address, cameras.port, cameras.connection_type, cameras.stream_path, cameras.location, cameras.username, cameras.password, cameras.status, cameras.created_at, cameras.updated_at, cameras.enabled 
FROM cameras 
WHERE cameras.id = ?
2025-07-25 17:31:34,227 INFO sqlalchemy.engine.Engine [cached since 1898s ago] (2,)
2025-07-25 17:31:34,227 INFO sqlalchemy.engine.Engine ROLLBACK
INFO:     127.0.0.1:57300 - "GET /api/v1/streams/status/2 HTTP/1.1" 404 Not Found
2025-07-25 17:31:34,232 INFO sqlalchemy.engine.Engine BEGIN (implicit)
2025-07-25 17:31:34,232 INFO sqlalchemy.engine.Engine SELECT cameras.id, cameras.name, cameras.ip_address, cameras.port, cameras.connection_type, cameras.stream_path, cameras.location, cameras.username, cameras.password, cameras.status, cameras.created_at, cameras.updated_at, cameras.enabled 
FROM cameras 
WHERE cameras.id = ?
2025-07-25 17:31:34,232 INFO sqlalchemy.engine.Engine [cached since 1898s ago] (3,)
2025-07-25 17:31:34,233 INFO sqlalchemy.engine.Engine ROLLBACK
INFO:     127.0.0.1:57300 - "GET /api/v1/streams/status/3 HTTP/1.1" 200 OK
2025-07-25 17:31:34,237 INFO sqlalchemy.engine.Engine BEGIN (implicit)
2025-07-25 17:31:34,238 INFO sqlalchemy.engine.Engine SELECT cameras.id, cameras.name, cameras.ip_address, cameras.port, cameras.connection_type, cameras.stream_path, cameras.location, cameras.username, cameras.password, cameras.status, cameras.created_at, cameras.updated_at, cameras.enabled 
FROM cameras 
WHERE cameras.id = ?
2025-07-25 17:31:34,238 INFO sqlalchemy.engine.Engine [cached since 1898s ago] (4,)
2025-07-25 17:31:34,238 INFO sqlalchemy.engine.Engine ROLLBACK
INFO:     127.0.0.1:57300 - "GET /api/v1/streams/status/4 HTTP/1.1" 200 OK
2025-07-25 17:31:42,921 INFO sqlalchemy.engine.Engine BEGIN (implicit)
2025-07-25 17:31:42,922 INFO sqlalchemy.engine.Engine SELECT cameras.id, cameras.name, cameras.ip_address, cameras.port, cameras.connection_type, cameras.stream_path, cameras.location, cameras.username, cameras.password, cameras.status, cameras.created_at, cameras.updated_at, cameras.enabled 
FROM cameras 
WHERE cameras.id = ?
2025-07-25 17:31:42,922 INFO sqlalchemy.engine.Engine [cached since 1907s ago] (1,)
2025-07-25 17:31:42,922 INFO sqlalchemy.engine.Engine ROLLBACK
INFO:     127.0.0.1:51924 - "GET /api/v1/streams/status/1 HTTP/1.1" 404 Not Found
2025-07-25 17:31:42,927 INFO sqlalchemy.engine.Engine BEGIN (implicit)
2025-07-25 17:31:42,928 INFO sqlalchemy.engine.Engine SELECT cameras.id, cameras.name, cameras.ip_address, cameras.port, cameras.connection_type, cameras.stream_path, cameras.location, cameras.username, cameras.password, cameras.status, cameras.created_at, cameras.updated_at, cameras.enabled 
FROM cameras 
WHERE cameras.id = ?
2025-07-25 17:31:42,928 INFO sqlalchemy.engine.Engine [cached since 1907s ago] (2,)
2025-07-25 17:31:42,928 INFO sqlalchemy.engine.Engine ROLLBACK
INFO:     127.0.0.1:51924 - "GET /api/v1/streams/status/2 HTTP/1.1" 404 Not Found
2025-07-25 17:31:42,933 INFO sqlalchemy.engine.Engine BEGIN (implicit)
2025-07-25 17:31:42,933 INFO sqlalchemy.engine.Engine SELECT cameras.id, cameras.name, cameras.ip_address, cameras.port, cameras.connection_type, cameras.stream_path, cameras.location, cameras.username, cameras.password, cameras.status, cameras.created_at, cameras.updated_at, cameras.enabled 
FROM cameras 
WHERE cameras.id = ?
2025-07-25 17:31:42,933 INFO sqlalchemy.engine.Engine [cached since 1907s ago] (3,)
2025-07-25 17:31:42,934 INFO sqlalchemy.engine.Engine ROLLBACK
INFO:     127.0.0.1:51924 - "GET /api/v1/streams/status/3 HTTP/1.1" 200 OK
2025-07-25 17:31:42,938 INFO sqlalchemy.engine.Engine BEGIN (implicit)
2025-07-25 17:31:42,938 INFO sqlalchemy.engine.Engine SELECT cameras.id, cameras.name, cameras.ip_address, cameras.port, cameras.connection_type, cameras.stream_path, cameras.location, cameras.username, cameras.password, cameras.status, cameras.created_at, cameras.updated_at, cameras.enabled 
FROM cameras 
WHERE cameras.id = ?
2025-07-25 17:31:42,938 INFO sqlalchemy.engine.Engine [cached since 1907s ago] (4,)
2025-07-25 17:31:42,939 INFO sqlalchemy.engine.Engine ROLLBACK
INFO:     127.0.0.1:51924 - "GET /api/v1/streams/status/4 HTTP/1.1" 200 OK
2025-07-25 17:32:04,599 INFO sqlalchemy.engine.Engine BEGIN (implicit)
2025-07-25 17:32:04,599 INFO sqlalchemy.engine.Engine SELECT cameras.id, cameras.name, cameras.ip_address, cameras.port, cameras.connection_type, cameras.stream_path, cameras.location, cameras.username, cameras.password, cameras.status, cameras.created_at, cameras.updated_at, cameras.enabled 
FROM cameras 
WHERE cameras.id = ?
2025-07-25 17:32:04,599 INFO sqlalchemy.engine.Engine [cached since 1929s ago] (1,)
2025-07-25 17:32:04,600 INFO sqlalchemy.engine.Engine ROLLBACK
INFO:     127.0.0.1:52440 - "GET /api/v1/streams/status/1 HTTP/1.1" 404 Not Found
2025-07-25 17:32:04,605 INFO sqlalchemy.engine.Engine BEGIN (implicit)
2025-07-25 17:32:04,605 INFO sqlalchemy.engine.Engine SELECT cameras.id, cameras.name, cameras.ip_address, cameras.port, cameras.connection_type, cameras.stream_path, cameras.location, cameras.username, cameras.password, cameras.status, cameras.created_at, cameras.updated_at, cameras.enabled 
FROM cameras 
WHERE cameras.id = ?
2025-07-25 17:32:04,605 INFO sqlalchemy.engine.Engine [cached since 1929s ago] (2,)
2025-07-25 17:32:04,606 INFO sqlalchemy.engine.Engine ROLLBACK
INFO:     127.0.0.1:52440 - "GET /api/v1/streams/status/2 HTTP/1.1" 404 Not Found
2025-07-25 17:32:04,610 INFO sqlalchemy.engine.Engine BEGIN (implicit)
2025-07-25 17:32:04,611 INFO sqlalchemy.engine.Engine SELECT cameras.id, cameras.name, cameras.ip_address, cameras.port, cameras.connection_type, cameras.stream_path, cameras.location, cameras.username, cameras.password, cameras.status, cameras.created_at, cameras.updated_at, cameras.enabled 
FROM cameras 
WHERE cameras.id = ?
2025-07-25 17:32:04,611 INFO sqlalchemy.engine.Engine [cached since 1929s ago] (3,)
2025-07-25 17:32:04,611 INFO sqlalchemy.engine.Engine ROLLBACK
INFO:     127.0.0.1:52440 - "GET /api/v1/streams/status/3 HTTP/1.1" 200 OK
2025-07-25 17:32:04,616 INFO sqlalchemy.engine.Engine BEGIN (implicit)
2025-07-25 17:32:04,616 INFO sqlalchemy.engine.Engine SELECT cameras.id, cameras.name, cameras.ip_address, cameras.port, cameras.connection_type, cameras.stream_path, cameras.location, cameras.username, cameras.password, cameras.status, cameras.created_at, cameras.updated_at, cameras.enabled 
FROM cameras 
WHERE cameras.id = ?
2025-07-25 17:32:04,616 INFO sqlalchemy.engine.Engine [cached since 1929s ago] (4,)
2025-07-25 17:32:04,617 INFO sqlalchemy.engine.Engine ROLLBACK
INFO:     127.0.0.1:52440 - "GET /api/v1/streams/status/4 HTTP/1.1" 200 OK
2025-07-25 17:32:12,937 INFO sqlalchemy.engine.Engine BEGIN (implicit)
2025-07-25 17:32:12,937 INFO sqlalchemy.engine.Engine SELECT cameras.id, cameras.name, cameras.ip_address, cameras.port, cameras.connection_type, cameras.stream_path, cameras.location, cameras.username, cameras.password, cameras.status, cameras.created_at, cameras.updated_at, cameras.enabled 
FROM cameras 
WHERE cameras.id = ?
2025-07-25 17:32:12,937 INFO sqlalchemy.engine.Engine [cached since 1937s ago] (1,)
2025-07-25 17:32:12,937 INFO sqlalchemy.engine.Engine ROLLBACK
INFO:     127.0.0.1:52448 - "GET /api/v1/streams/status/1 HTTP/1.1" 404 Not Found
2025-07-25 17:32:12,943 INFO sqlalchemy.engine.Engine BEGIN (implicit)
2025-07-25 17:32:12,943 INFO sqlalchemy.engine.Engine SELECT cameras.id, cameras.name, cameras.ip_address, cameras.port, cameras.connection_type, cameras.stream_path, cameras.location, cameras.username, cameras.password, cameras.status, cameras.created_at, cameras.updated_at, cameras.enabled 
FROM cameras 
WHERE cameras.id = ?
2025-07-25 17:32:12,943 INFO sqlalchemy.engine.Engine [cached since 1937s ago] (2,)
2025-07-25 17:32:12,944 INFO sqlalchemy.engine.Engine ROLLBACK
INFO:     127.0.0.1:52448 - "GET /api/v1/streams/status/2 HTTP/1.1" 404 Not Found
2025-07-25 17:32:12,949 INFO sqlalchemy.engine.Engine BEGIN (implicit)
2025-07-25 17:32:12,949 INFO sqlalchemy.engine.Engine SELECT cameras.id, cameras.name, cameras.ip_address, cameras.port, cameras.connection_type, cameras.stream_path, cameras.location, cameras.username, cameras.password, cameras.status, cameras.created_at, cameras.updated_at, cameras.enabled 
FROM cameras 
WHERE cameras.id = ?
2025-07-25 17:32:12,949 INFO sqlalchemy.engine.Engine [cached since 1937s ago] (3,)
2025-07-25 17:32:12,949 INFO sqlalchemy.engine.Engine ROLLBACK
INFO:     127.0.0.1:52448 - "GET /api/v1/streams/status/3 HTTP/1.1" 200 OK
2025-07-25 17:32:12,954 INFO sqlalchemy.engine.Engine BEGIN (implicit)
2025-07-25 17:32:12,954 INFO sqlalchemy.engine.Engine SELECT cameras.id, cameras.name, cameras.ip_address, cameras.port, cameras.connection_type, cameras.stream_path, cameras.location, cameras.username, cameras.password, cameras.status, cameras.created_at, cameras.updated_at, cameras.enabled 
FROM cameras 
WHERE cameras.id = ?
2025-07-25 17:32:12,954 INFO sqlalchemy.engine.Engine [cached since 1937s ago] (4,)
2025-07-25 17:32:12,955 INFO sqlalchemy.engine.Engine ROLLBACK
INFO:     127.0.0.1:52448 - "GET /api/v1/streams/status/4 HTTP/1.1" 200 OK
2025-07-25 17:32:34,940 INFO sqlalchemy.engine.Engine BEGIN (implicit)
2025-07-25 17:32:34,940 INFO sqlalchemy.engine.Engine SELECT cameras.id, cameras.name, cameras.ip_address, cameras.port, cameras.connection_type, cameras.stream_path, cameras.location, cameras.username, cameras.password, cameras.status, cameras.created_at, cameras.updated_at, cameras.enabled 
FROM cameras 
WHERE cameras.id = ?
2025-07-25 17:32:34,940 INFO sqlalchemy.engine.Engine [cached since 1959s ago] (1,)
2025-07-25 17:32:34,941 INFO sqlalchemy.engine.Engine ROLLBACK
INFO:     127.0.0.1:58684 - "GET /api/v1/streams/status/1 HTTP/1.1" 404 Not Found
2025-07-25 17:32:34,946 INFO sqlalchemy.engine.Engine BEGIN (implicit)
2025-07-25 17:32:34,946 INFO sqlalchemy.engine.Engine SELECT cameras.id, cameras.name, cameras.ip_address, cameras.port, cameras.connection_type, cameras.stream_path, cameras.location, cameras.username, cameras.password, cameras.status, cameras.created_at, cameras.updated_at, cameras.enabled 
FROM cameras 
WHERE cameras.id = ?
2025-07-25 17:32:34,947 INFO sqlalchemy.engine.Engine [cached since 1959s ago] (2,)
2025-07-25 17:32:34,947 INFO sqlalchemy.engine.Engine ROLLBACK
INFO:     127.0.0.1:58684 - "GET /api/v1/streams/status/2 HTTP/1.1" 404 Not Found
2025-07-25 17:32:34,952 INFO sqlalchemy.engine.Engine BEGIN (implicit)
2025-07-25 17:32:34,952 INFO sqlalchemy.engine.Engine SELECT cameras.id, cameras.name, cameras.ip_address, cameras.port, cameras.connection_type, cameras.stream_path, cameras.location, cameras.username, cameras.password, cameras.status, cameras.created_at, cameras.updated_at, cameras.enabled 
FROM cameras 
WHERE cameras.id = ?
2025-07-25 17:32:34,952 INFO sqlalchemy.engine.Engine [cached since 1959s ago] (3,)
2025-07-25 17:32:34,953 INFO sqlalchemy.engine.Engine ROLLBACK
INFO:     127.0.0.1:58684 - "GET /api/v1/streams/status/3 HTTP/1.1" 200 OK
2025-07-25 17:32:34,957 INFO sqlalchemy.engine.Engine BEGIN (implicit)
2025-07-25 17:32:34,958 INFO sqlalchemy.engine.Engine SELECT cameras.id, cameras.name, cameras.ip_address, cameras.port, cameras.connection_type, cameras.stream_path, cameras.location, cameras.username, cameras.password, cameras.status, cameras.created_at, cameras.updated_at, cameras.enabled 
FROM cameras 
WHERE cameras.id = ?
2025-07-25 17:32:34,958 INFO sqlalchemy.engine.Engine [cached since 1959s ago] (4,)
2025-07-25 17:32:34,958 INFO sqlalchemy.engine.Engine ROLLBACK
INFO:     127.0.0.1:58684 - "GET /api/v1/streams/status/4 HTTP/1.1" 200 OK
2025-07-25 17:32:42,948 INFO sqlalchemy.engine.Engine BEGIN (implicit)
2025-07-25 17:32:42,948 INFO sqlalchemy.engine.Engine SELECT cameras.id, cameras.name, cameras.ip_address, cameras.port, cameras.connection_type, cameras.stream_path, cameras.location, cameras.username, cameras.password, cameras.status, cameras.created_at, cameras.updated_at, cameras.enabled 
FROM cameras 
WHERE cameras.id = ?
2025-07-25 17:32:42,948 INFO sqlalchemy.engine.Engine [cached since 1967s ago] (1,)
2025-07-25 17:32:42,949 INFO sqlalchemy.engine.Engine ROLLBACK
INFO:     127.0.0.1:58696 - "GET /api/v1/streams/status/1 HTTP/1.1" 404 Not Found
2025-07-25 17:32:42,954 INFO sqlalchemy.engine.Engine BEGIN (implicit)
2025-07-25 17:32:42,954 INFO sqlalchemy.engine.Engine SELECT cameras.id, cameras.name, cameras.ip_address, cameras.port, cameras.connection_type, cameras.stream_path, cameras.location, cameras.username, cameras.password, cameras.status, cameras.created_at, cameras.updated_at, cameras.enabled 
FROM cameras 
WHERE cameras.id = ?
2025-07-25 17:32:42,954 INFO sqlalchemy.engine.Engine [cached since 1967s ago] (2,)
2025-07-25 17:32:42,954 INFO sqlalchemy.engine.Engine ROLLBACK
INFO:     127.0.0.1:58696 - "GET /api/v1/streams/status/2 HTTP/1.1" 404 Not Found
2025-07-25 17:32:42,959 INFO sqlalchemy.engine.Engine BEGIN (implicit)
2025-07-25 17:32:42,959 INFO sqlalchemy.engine.Engine SELECT cameras.id, cameras.name, cameras.ip_address, cameras.port, cameras.connection_type, cameras.stream_path, cameras.location, cameras.username, cameras.password, cameras.status, cameras.created_at, cameras.updated_at, cameras.enabled 
FROM cameras 
WHERE cameras.id = ?
2025-07-25 17:32:42,959 INFO sqlalchemy.engine.Engine [cached since 1967s ago] (3,)
2025-07-25 17:32:42,959 INFO sqlalchemy.engine.Engine ROLLBACK
INFO:     127.0.0.1:58696 - "GET /api/v1/streams/status/3 HTTP/1.1" 200 OK
2025-07-25 17:32:42,964 INFO sqlalchemy.engine.Engine BEGIN (implicit)
2025-07-25 17:32:42,964 INFO sqlalchemy.engine.Engine SELECT cameras.id, cameras.name, cameras.ip_address, cameras.port, cameras.connection_type, cameras.stream_path, cameras.location, cameras.username, cameras.password, cameras.status, cameras.created_at, cameras.updated_at, cameras.enabled 
FROM cameras 
WHERE cameras.id = ?
2025-07-25 17:32:42,964 INFO sqlalchemy.engine.Engine [cached since 1967s ago] (4,)
2025-07-25 17:32:42,965 INFO sqlalchemy.engine.Engine ROLLBACK
INFO:     127.0.0.1:58696 - "GET /api/v1/streams/status/4 HTTP/1.1" 200 OK
2025-07-25 17:33:05,338 INFO sqlalchemy.engine.Engine BEGIN (implicit)
2025-07-25 17:33:05,338 INFO sqlalchemy.engine.Engine SELECT cameras.id, cameras.name, cameras.ip_address, cameras.port, cameras.connection_type, cameras.stream_path, cameras.location, cameras.username, cameras.password, cameras.status, cameras.created_at, cameras.updated_at, cameras.enabled 
FROM cameras 
WHERE cameras.id = ?
2025-07-25 17:33:05,338 INFO sqlalchemy.engine.Engine [cached since 1990s ago] (1,)
2025-07-25 17:33:05,338 INFO sqlalchemy.engine.Engine ROLLBACK
INFO:     127.0.0.1:33766 - "GET /api/v1/streams/status/1 HTTP/1.1" 404 Not Found
2025-07-25 17:33:05,344 INFO sqlalchemy.engine.Engine BEGIN (implicit)
2025-07-25 17:33:05,344 INFO sqlalchemy.engine.Engine SELECT cameras.id, cameras.name, cameras.ip_address, cameras.port, cameras.connection_type, cameras.stream_path, cameras.location, cameras.username, cameras.password, cameras.status, cameras.created_at, cameras.updated_at, cameras.enabled 
FROM cameras 
WHERE cameras.id = ?
2025-07-25 17:33:05,344 INFO sqlalchemy.engine.Engine [cached since 1990s ago] (2,)
2025-07-25 17:33:05,344 INFO sqlalchemy.engine.Engine ROLLBACK
INFO:     127.0.0.1:33766 - "GET /api/v1/streams/status/2 HTTP/1.1" 404 Not Found
2025-07-25 17:33:05,349 INFO sqlalchemy.engine.Engine BEGIN (implicit)
2025-07-25 17:33:05,350 INFO sqlalchemy.engine.Engine SELECT cameras.id, cameras.name, cameras.ip_address, cameras.port, cameras.connection_type, cameras.stream_path, cameras.location, cameras.username, cameras.password, cameras.status, cameras.created_at, cameras.updated_at, cameras.enabled 
FROM cameras 
WHERE cameras.id = ?
2025-07-25 17:33:05,350 INFO sqlalchemy.engine.Engine [cached since 1990s ago] (3,)
2025-07-25 17:33:05,350 INFO sqlalchemy.engine.Engine ROLLBACK
INFO:     127.0.0.1:33766 - "GET /api/v1/streams/status/3 HTTP/1.1" 200 OK
2025-07-25 17:33:05,355 INFO sqlalchemy.engine.Engine BEGIN (implicit)
2025-07-25 17:33:05,355 INFO sqlalchemy.engine.Engine SELECT cameras.id, cameras.name, cameras.ip_address, cameras.port, cameras.connection_type, cameras.stream_path, cameras.location, cameras.username, cameras.password, cameras.status, cameras.created_at, cameras.updated_at, cameras.enabled 
FROM cameras 
WHERE cameras.id = ?
2025-07-25 17:33:05,355 INFO sqlalchemy.engine.Engine [cached since 1990s ago] (4,)
2025-07-25 17:33:05,356 INFO sqlalchemy.engine.Engine ROLLBACK
INFO:     127.0.0.1:33766 - "GET /api/v1/streams/status/4 HTTP/1.1" 200 OK
2025-07-25 17:33:12,955 INFO sqlalchemy.engine.Engine BEGIN (implicit)
2025-07-25 17:33:12,955 INFO sqlalchemy.engine.Engine SELECT cameras.id, cameras.name, cameras.ip_address, cameras.port, cameras.connection_type, cameras.stream_path, cameras.location, cameras.username, cameras.password, cameras.status, cameras.created_at, cameras.updated_at, cameras.enabled 
FROM cameras 
WHERE cameras.id = ?
2025-07-25 17:33:12,955 INFO sqlalchemy.engine.Engine [cached since 1997s ago] (1,)
2025-07-25 17:33:12,956 INFO sqlalchemy.engine.Engine ROLLBACK
INFO:     127.0.0.1:33768 - "GET /api/v1/streams/status/1 HTTP/1.1" 404 Not Found
2025-07-25 17:33:12,962 INFO sqlalchemy.engine.Engine BEGIN (implicit)
2025-07-25 17:33:12,962 INFO sqlalchemy.engine.Engine SELECT cameras.id, cameras.name, cameras.ip_address, cameras.port, cameras.connection_type, cameras.stream_path, cameras.location, cameras.username, cameras.password, cameras.status, cameras.created_at, cameras.updated_at, cameras.enabled 
FROM cameras 
WHERE cameras.id = ?
2025-07-25 17:33:12,962 INFO sqlalchemy.engine.Engine [cached since 1997s ago] (2,)
2025-07-25 17:33:12,962 INFO sqlalchemy.engine.Engine ROLLBACK
INFO:     127.0.0.1:33768 - "GET /api/v1/streams/status/2 HTTP/1.1" 404 Not Found
2025-07-25 17:33:12,968 INFO sqlalchemy.engine.Engine BEGIN (implicit)
2025-07-25 17:33:12,968 INFO sqlalchemy.engine.Engine SELECT cameras.id, cameras.name, cameras.ip_address, cameras.port, cameras.connection_type, cameras.stream_path, cameras.location, cameras.username, cameras.password, cameras.status, cameras.created_at, cameras.updated_at, cameras.enabled 
FROM cameras 
WHERE cameras.id = ?
2025-07-25 17:33:12,968 INFO sqlalchemy.engine.Engine [cached since 1997s ago] (3,)
2025-07-25 17:33:12,969 INFO sqlalchemy.engine.Engine ROLLBACK
INFO:     127.0.0.1:33768 - "GET /api/v1/streams/status/3 HTTP/1.1" 200 OK
2025-07-25 17:33:12,974 INFO sqlalchemy.engine.Engine BEGIN (implicit)
2025-07-25 17:33:12,974 INFO sqlalchemy.engine.Engine SELECT cameras.id, cameras.name, cameras.ip_address, cameras.port, cameras.connection_type, cameras.stream_path, cameras.location, cameras.username, cameras.password, cameras.status, cameras.created_at, cameras.updated_at, cameras.enabled 
FROM cameras 
WHERE cameras.id = ?
2025-07-25 17:33:12,975 INFO sqlalchemy.engine.Engine [cached since 1997s ago] (4,)
2025-07-25 17:33:12,975 INFO sqlalchemy.engine.Engine ROLLBACK
INFO:     127.0.0.1:33768 - "GET /api/v1/streams/status/4 HTTP/1.1" 200 OK
2025-07-25 17:33:35,676 INFO sqlalchemy.engine.Engine BEGIN (implicit)
2025-07-25 17:33:35,676 INFO sqlalchemy.engine.Engine SELECT cameras.id, cameras.name, cameras.ip_address, cameras.port, cameras.connection_type, cameras.stream_path, cameras.location, cameras.username, cameras.password, cameras.status, cameras.created_at, cameras.updated_at, cameras.enabled 
FROM cameras 
WHERE cameras.id = ?
2025-07-25 17:33:35,676 INFO sqlalchemy.engine.Engine [cached since 2020s ago] (1,)
2025-07-25 17:33:35,677 INFO sqlalchemy.engine.Engine ROLLBACK
INFO:     127.0.0.1:37634 - "GET /api/v1/streams/status/1 HTTP/1.1" 404 Not Found
2025-07-25 17:33:35,682 INFO sqlalchemy.engine.Engine BEGIN (implicit)
2025-07-25 17:33:35,682 INFO sqlalchemy.engine.Engine SELECT cameras.id, cameras.name, cameras.ip_address, cameras.port, cameras.connection_type, cameras.stream_path, cameras.location, cameras.username, cameras.password, cameras.status, cameras.created_at, cameras.updated_at, cameras.enabled 
FROM cameras 
WHERE cameras.id = ?
2025-07-25 17:33:35,682 INFO sqlalchemy.engine.Engine [cached since 2020s ago] (2,)
2025-07-25 17:33:35,683 INFO sqlalchemy.engine.Engine ROLLBACK
INFO:     127.0.0.1:37634 - "GET /api/v1/streams/status/2 HTTP/1.1" 404 Not Found
2025-07-25 17:33:35,688 INFO sqlalchemy.engine.Engine BEGIN (implicit)
2025-07-25 17:33:35,688 INFO sqlalchemy.engine.Engine SELECT cameras.id, cameras.name, cameras.ip_address, cameras.port, cameras.connection_type, cameras.stream_path, cameras.location, cameras.username, cameras.password, cameras.status, cameras.created_at, cameras.updated_at, cameras.enabled 
FROM cameras 
WHERE cameras.id = ?
2025-07-25 17:33:35,688 INFO sqlalchemy.engine.Engine [cached since 2020s ago] (3,)
2025-07-25 17:33:35,689 INFO sqlalchemy.engine.Engine ROLLBACK
INFO:     127.0.0.1:37634 - "GET /api/v1/streams/status/3 HTTP/1.1" 200 OK
2025-07-25 17:33:35,693 INFO sqlalchemy.engine.Engine BEGIN (implicit)
2025-07-25 17:33:35,693 INFO sqlalchemy.engine.Engine SELECT cameras.id, cameras.name, cameras.ip_address, cameras.port, cameras.connection_type, cameras.stream_path, cameras.location, cameras.username, cameras.password, cameras.status, cameras.created_at, cameras.updated_at, cameras.enabled 
FROM cameras 
WHERE cameras.id = ?
2025-07-25 17:33:35,693 INFO sqlalchemy.engine.Engine [cached since 2020s ago] (4,)
2025-07-25 17:33:35,694 INFO sqlalchemy.engine.Engine ROLLBACK
INFO:     127.0.0.1:37634 - "GET /api/v1/streams/status/4 HTTP/1.1" 200 OK
2025-07-25 17:33:42,966 INFO sqlalchemy.engine.Engine BEGIN (implicit)
2025-07-25 17:33:42,966 INFO sqlalchemy.engine.Engine SELECT cameras.id, cameras.name, cameras.ip_address, cameras.port, cameras.connection_type, cameras.stream_path, cameras.location, cameras.username, cameras.password, cameras.status, cameras.created_at, cameras.updated_at, cameras.enabled 
FROM cameras 
WHERE cameras.id = ?
2025-07-25 17:33:42,966 INFO sqlalchemy.engine.Engine [cached since 2027s ago] (1,)
2025-07-25 17:33:42,967 INFO sqlalchemy.engine.Engine ROLLBACK
INFO:     127.0.0.1:37642 - "GET /api/v1/streams/status/1 HTTP/1.1" 404 Not Found
2025-07-25 17:33:42,972 INFO sqlalchemy.engine.Engine BEGIN (implicit)
2025-07-25 17:33:42,972 INFO sqlalchemy.engine.Engine SELECT cameras.id, cameras.name, cameras.ip_address, cameras.port, cameras.connection_type, cameras.stream_path, cameras.location, cameras.username, cameras.password, cameras.status, cameras.created_at, cameras.updated_at, cameras.enabled 
FROM cameras 
WHERE cameras.id = ?
2025-07-25 17:33:42,972 INFO sqlalchemy.engine.Engine [cached since 2027s ago] (2,)
2025-07-25 17:33:42,973 INFO sqlalchemy.engine.Engine ROLLBACK
INFO:     127.0.0.1:37642 - "GET /api/v1/streams/status/2 HTTP/1.1" 404 Not Found
2025-07-25 17:33:42,978 INFO sqlalchemy.engine.Engine BEGIN (implicit)
2025-07-25 17:33:42,978 INFO sqlalchemy.engine.Engine SELECT cameras.id, cameras.name, cameras.ip_address, cameras.port, cameras.connection_type, cameras.stream_path, cameras.location, cameras.username, cameras.password, cameras.status, cameras.created_at, cameras.updated_at, cameras.enabled 
FROM cameras 
WHERE cameras.id = ?
2025-07-25 17:33:42,978 INFO sqlalchemy.engine.Engine [cached since 2027s ago] (3,)
2025-07-25 17:33:42,979 INFO sqlalchemy.engine.Engine ROLLBACK
INFO:     127.0.0.1:37642 - "GET /api/v1/streams/status/3 HTTP/1.1" 200 OK
2025-07-25 17:33:42,984 INFO sqlalchemy.engine.Engine BEGIN (implicit)
2025-07-25 17:33:42,985 INFO sqlalchemy.engine.Engine SELECT cameras.id, cameras.name, cameras.ip_address, cameras.port, cameras.connection_type, cameras.stream_path, cameras.location, cameras.username, cameras.password, cameras.status, cameras.created_at, cameras.updated_at, cameras.enabled 
FROM cameras 
WHERE cameras.id = ?
2025-07-25 17:33:42,985 INFO sqlalchemy.engine.Engine [cached since 2027s ago] (4,)
2025-07-25 17:33:42,985 INFO sqlalchemy.engine.Engine ROLLBACK
INFO:     127.0.0.1:37642 - "GET /api/v1/streams/status/4 HTTP/1.1" 200 OK
2025-07-25 17:34:06,122 INFO sqlalchemy.engine.Engine BEGIN (implicit)
2025-07-25 17:34:06,122 INFO sqlalchemy.engine.Engine SELECT cameras.id, cameras.name, cameras.ip_address, cameras.port, cameras.connection_type, cameras.stream_path, cameras.location, cameras.username, cameras.password, cameras.status, cameras.created_at, cameras.updated_at, cameras.enabled 
FROM cameras 
WHERE cameras.id = ?
2025-07-25 17:34:06,122 INFO sqlalchemy.engine.Engine [cached since 2050s ago] (1,)
2025-07-25 17:34:06,123 INFO sqlalchemy.engine.Engine ROLLBACK
INFO:     127.0.0.1:46980 - "GET /api/v1/streams/status/1 HTTP/1.1" 404 Not Found
2025-07-25 17:34:06,128 INFO sqlalchemy.engine.Engine BEGIN (implicit)
2025-07-25 17:34:06,128 INFO sqlalchemy.engine.Engine SELECT cameras.id, cameras.name, cameras.ip_address, cameras.port, cameras.connection_type, cameras.stream_path, cameras.location, cameras.username, cameras.password, cameras.status, cameras.created_at, cameras.updated_at, cameras.enabled 
FROM cameras 
WHERE cameras.id = ?
2025-07-25 17:34:06,128 INFO sqlalchemy.engine.Engine [cached since 2050s ago] (2,)
2025-07-25 17:34:06,128 INFO sqlalchemy.engine.Engine ROLLBACK
INFO:     127.0.0.1:46980 - "GET /api/v1/streams/status/2 HTTP/1.1" 404 Not Found
2025-07-25 17:34:06,134 INFO sqlalchemy.engine.Engine BEGIN (implicit)
2025-07-25 17:34:06,134 INFO sqlalchemy.engine.Engine SELECT cameras.id, cameras.name, cameras.ip_address, cameras.port, cameras.connection_type, cameras.stream_path, cameras.location, cameras.username, cameras.password, cameras.status, cameras.created_at, cameras.updated_at, cameras.enabled 
FROM cameras 
WHERE cameras.id = ?
2025-07-25 17:34:06,134 INFO sqlalchemy.engine.Engine [cached since 2050s ago] (3,)
2025-07-25 17:34:06,134 INFO sqlalchemy.engine.Engine ROLLBACK
INFO:     127.0.0.1:46980 - "GET /api/v1/streams/status/3 HTTP/1.1" 200 OK
2025-07-25 17:34:06,139 INFO sqlalchemy.engine.Engine BEGIN (implicit)
2025-07-25 17:34:06,139 INFO sqlalchemy.engine.Engine SELECT cameras.id, cameras.name, cameras.ip_address, cameras.port, cameras.connection_type, cameras.stream_path, cameras.location, cameras.username, cameras.password, cameras.status, cameras.created_at, cameras.updated_at, cameras.enabled 
FROM cameras 
WHERE cameras.id = ?
2025-07-25 17:34:06,139 INFO sqlalchemy.engine.Engine [cached since 2050s ago] (4,)
2025-07-25 17:34:06,140 INFO sqlalchemy.engine.Engine ROLLBACK
INFO:     127.0.0.1:46980 - "GET /api/v1/streams/status/4 HTTP/1.1" 200 OK
2025-07-25 17:34:12,971 INFO sqlalchemy.engine.Engine BEGIN (implicit)
2025-07-25 17:34:12,972 INFO sqlalchemy.engine.Engine SELECT cameras.id, cameras.name, cameras.ip_address, cameras.port, cameras.connection_type, cameras.stream_path, cameras.location, cameras.username, cameras.password, cameras.status, cameras.created_at, cameras.updated_at, cameras.enabled 
FROM cameras 
WHERE cameras.id = ?
2025-07-25 17:34:12,972 INFO sqlalchemy.engine.Engine [cached since 2057s ago] (1,)
2025-07-25 17:34:12,972 INFO sqlalchemy.engine.Engine ROLLBACK
INFO:     127.0.0.1:46988 - "GET /api/v1/streams/status/1 HTTP/1.1" 404 Not Found
2025-07-25 17:34:12,977 INFO sqlalchemy.engine.Engine BEGIN (implicit)
2025-07-25 17:34:12,978 INFO sqlalchemy.engine.Engine SELECT cameras.id, cameras.name, cameras.ip_address, cameras.port, cameras.connection_type, cameras.stream_path, cameras.location, cameras.username, cameras.password, cameras.status, cameras.created_at, cameras.updated_at, cameras.enabled 
FROM cameras 
WHERE cameras.id = ?
2025-07-25 17:34:12,978 INFO sqlalchemy.engine.Engine [cached since 2057s ago] (2,)
2025-07-25 17:34:12,978 INFO sqlalchemy.engine.Engine ROLLBACK
INFO:     127.0.0.1:46988 - "GET /api/v1/streams/status/2 HTTP/1.1" 404 Not Found
2025-07-25 17:34:12,983 INFO sqlalchemy.engine.Engine BEGIN (implicit)
2025-07-25 17:34:12,983 INFO sqlalchemy.engine.Engine SELECT cameras.id, cameras.name, cameras.ip_address, cameras.port, cameras.connection_type, cameras.stream_path, cameras.location, cameras.username, cameras.password, cameras.status, cameras.created_at, cameras.updated_at, cameras.enabled 
FROM cameras 
WHERE cameras.id = ?
2025-07-25 17:34:12,983 INFO sqlalchemy.engine.Engine [cached since 2057s ago] (3,)
2025-07-25 17:34:12,984 INFO sqlalchemy.engine.Engine ROLLBACK
INFO:     127.0.0.1:46988 - "GET /api/v1/streams/status/3 HTTP/1.1" 200 OK
2025-07-25 17:34:12,989 INFO sqlalchemy.engine.Engine BEGIN (implicit)
2025-07-25 17:34:12,989 INFO sqlalchemy.engine.Engine SELECT cameras.id, cameras.name, cameras.ip_address, cameras.port, cameras.connection_type, cameras.stream_path, cameras.location, cameras.username, cameras.password, cameras.status, cameras.created_at, cameras.updated_at, cameras.enabled 
FROM cameras 
WHERE cameras.id = ?
2025-07-25 17:34:12,989 INFO sqlalchemy.engine.Engine [cached since 2057s ago] (4,)
2025-07-25 17:34:12,989 INFO sqlalchemy.engine.Engine ROLLBACK
INFO:     127.0.0.1:46988 - "GET /api/v1/streams/status/4 HTTP/1.1" 200 OK
2025-07-25 17:34:36,458 INFO sqlalchemy.engine.Engine BEGIN (implicit)
2025-07-25 17:34:36,458 INFO sqlalchemy.engine.Engine SELECT cameras.id, cameras.name, cameras.ip_address, cameras.port, cameras.connection_type, cameras.stream_path, cameras.location, cameras.username, cameras.password, cameras.status, cameras.created_at, cameras.updated_at, cameras.enabled 
FROM cameras 
WHERE cameras.id = ?
2025-07-25 17:34:36,458 INFO sqlalchemy.engine.Engine [cached since 2081s ago] (1,)
2025-07-25 17:34:36,458 INFO sqlalchemy.engine.Engine ROLLBACK
INFO:     127.0.0.1:51594 - "GET /api/v1/streams/status/1 HTTP/1.1" 404 Not Found
2025-07-25 17:34:36,464 INFO sqlalchemy.engine.Engine BEGIN (implicit)
2025-07-25 17:34:36,464 INFO sqlalchemy.engine.Engine SELECT cameras.id, cameras.name, cameras.ip_address, cameras.port, cameras.connection_type, cameras.stream_path, cameras.location, cameras.username, cameras.password, cameras.status, cameras.created_at, cameras.updated_at, cameras.enabled 
FROM cameras 
WHERE cameras.id = ?
2025-07-25 17:34:36,464 INFO sqlalchemy.engine.Engine [cached since 2081s ago] (2,)
2025-07-25 17:34:36,464 INFO sqlalchemy.engine.Engine ROLLBACK
INFO:     127.0.0.1:51594 - "GET /api/v1/streams/status/2 HTTP/1.1" 404 Not Found
2025-07-25 17:34:36,469 INFO sqlalchemy.engine.Engine BEGIN (implicit)
2025-07-25 17:34:36,469 INFO sqlalchemy.engine.Engine SELECT cameras.id, cameras.name, cameras.ip_address, cameras.port, cameras.connection_type, cameras.stream_path, cameras.location, cameras.username, cameras.password, cameras.status, cameras.created_at, cameras.updated_at, cameras.enabled 
FROM cameras 
WHERE cameras.id = ?
2025-07-25 17:34:36,469 INFO sqlalchemy.engine.Engine [cached since 2081s ago] (3,)
2025-07-25 17:34:36,470 INFO sqlalchemy.engine.Engine ROLLBACK
INFO:     127.0.0.1:51594 - "GET /api/v1/streams/status/3 HTTP/1.1" 200 OK
2025-07-25 17:34:36,475 INFO sqlalchemy.engine.Engine BEGIN (implicit)
2025-07-25 17:34:36,475 INFO sqlalchemy.engine.Engine SELECT cameras.id, cameras.name, cameras.ip_address, cameras.port, cameras.connection_type, cameras.stream_path, cameras.location, cameras.username, cameras.password, cameras.status, cameras.created_at, cameras.updated_at, cameras.enabled 
FROM cameras 
WHERE cameras.id = ?
2025-07-25 17:34:36,475 INFO sqlalchemy.engine.Engine [cached since 2081s ago] (4,)
2025-07-25 17:34:36,475 INFO sqlalchemy.engine.Engine ROLLBACK
INFO:     127.0.0.1:51594 - "GET /api/v1/streams/status/4 HTTP/1.1" 200 OK
2025-07-25 17:34:42,979 INFO sqlalchemy.engine.Engine BEGIN (implicit)
2025-07-25 17:34:42,979 INFO sqlalchemy.engine.Engine SELECT cameras.id, cameras.name, cameras.ip_address, cameras.port, cameras.connection_type, cameras.stream_path, cameras.location, cameras.username, cameras.password, cameras.status, cameras.created_at, cameras.updated_at, cameras.enabled 
FROM cameras 
WHERE cameras.id = ?
2025-07-25 17:34:42,979 INFO sqlalchemy.engine.Engine [cached since 2087s ago] (1,)
2025-07-25 17:34:42,980 INFO sqlalchemy.engine.Engine ROLLBACK
INFO:     127.0.0.1:51596 - "GET /api/v1/streams/status/1 HTTP/1.1" 404 Not Found
2025-07-25 17:34:42,984 INFO sqlalchemy.engine.Engine BEGIN (implicit)
2025-07-25 17:34:42,984 INFO sqlalchemy.engine.Engine SELECT cameras.id, cameras.name, cameras.ip_address, cameras.port, cameras.connection_type, cameras.stream_path, cameras.location, cameras.username, cameras.password, cameras.status, cameras.created_at, cameras.updated_at, cameras.enabled 
FROM cameras 
WHERE cameras.id = ?
2025-07-25 17:34:42,984 INFO sqlalchemy.engine.Engine [cached since 2087s ago] (2,)
2025-07-25 17:34:42,985 INFO sqlalchemy.engine.Engine ROLLBACK
INFO:     127.0.0.1:51596 - "GET /api/v1/streams/status/2 HTTP/1.1" 404 Not Found
2025-07-25 17:34:42,989 INFO sqlalchemy.engine.Engine BEGIN (implicit)
2025-07-25 17:34:42,989 INFO sqlalchemy.engine.Engine SELECT cameras.id, cameras.name, cameras.ip_address, cameras.port, cameras.connection_type, cameras.stream_path, cameras.location, cameras.username, cameras.password, cameras.status, cameras.created_at, cameras.updated_at, cameras.enabled 
FROM cameras 
WHERE cameras.id = ?
2025-07-25 17:34:42,989 INFO sqlalchemy.engine.Engine [cached since 2087s ago] (3,)
2025-07-25 17:34:42,990 INFO sqlalchemy.engine.Engine ROLLBACK
INFO:     127.0.0.1:51596 - "GET /api/v1/streams/status/3 HTTP/1.1" 200 OK
2025-07-25 17:34:42,994 INFO sqlalchemy.engine.Engine BEGIN (implicit)
2025-07-25 17:34:42,994 INFO sqlalchemy.engine.Engine SELECT cameras.id, cameras.name, cameras.ip_address, cameras.port, cameras.connection_type, cameras.stream_path, cameras.location, cameras.username, cameras.password, cameras.status, cameras.created_at, cameras.updated_at, cameras.enabled 
FROM cameras 
WHERE cameras.id = ?
2025-07-25 17:34:42,994 INFO sqlalchemy.engine.Engine [cached since 2087s ago] (4,)
2025-07-25 17:34:42,995 INFO sqlalchemy.engine.Engine ROLLBACK
INFO:     127.0.0.1:51596 - "GET /api/v1/streams/status/4 HTTP/1.1" 200 OK
2025-07-25 17:35:06,952 INFO sqlalchemy.engine.Engine BEGIN (implicit)
2025-07-25 17:35:06,952 INFO sqlalchemy.engine.Engine SELECT cameras.id, cameras.name, cameras.ip_address, cameras.port, cameras.connection_type, cameras.stream_path, cameras.location, cameras.username, cameras.password, cameras.status, cameras.created_at, cameras.updated_at, cameras.enabled 
FROM cameras 
WHERE cameras.id = ?
2025-07-25 17:35:06,952 INFO sqlalchemy.engine.Engine [cached since 2111s ago] (1,)
2025-07-25 17:35:06,952 INFO sqlalchemy.engine.Engine ROLLBACK
INFO:     127.0.0.1:55096 - "GET /api/v1/streams/status/1 HTTP/1.1" 404 Not Found
2025-07-25 17:35:06,957 INFO sqlalchemy.engine.Engine BEGIN (implicit)
2025-07-25 17:35:06,957 INFO sqlalchemy.engine.Engine SELECT cameras.id, cameras.name, cameras.ip_address, cameras.port, cameras.connection_type, cameras.stream_path, cameras.location, cameras.username, cameras.password, cameras.status, cameras.created_at, cameras.updated_at, cameras.enabled 
FROM cameras 
WHERE cameras.id = ?
2025-07-25 17:35:06,957 INFO sqlalchemy.engine.Engine [cached since 2111s ago] (2,)
2025-07-25 17:35:06,958 INFO sqlalchemy.engine.Engine ROLLBACK
INFO:     127.0.0.1:55096 - "GET /api/v1/streams/status/2 HTTP/1.1" 404 Not Found
2025-07-25 17:35:06,962 INFO sqlalchemy.engine.Engine BEGIN (implicit)
2025-07-25 17:35:06,963 INFO sqlalchemy.engine.Engine SELECT cameras.id, cameras.name, cameras.ip_address, cameras.port, cameras.connection_type, cameras.stream_path, cameras.location, cameras.username, cameras.password, cameras.status, cameras.created_at, cameras.updated_at, cameras.enabled 
FROM cameras 
WHERE cameras.id = ?
2025-07-25 17:35:06,963 INFO sqlalchemy.engine.Engine [cached since 2111s ago] (3,)
2025-07-25 17:35:06,963 INFO sqlalchemy.engine.Engine ROLLBACK
INFO:     127.0.0.1:55096 - "GET /api/v1/streams/status/3 HTTP/1.1" 200 OK
2025-07-25 17:35:06,968 INFO sqlalchemy.engine.Engine BEGIN (implicit)
2025-07-25 17:35:06,968 INFO sqlalchemy.engine.Engine SELECT cameras.id, cameras.name, cameras.ip_address, cameras.port, cameras.connection_type, cameras.stream_path, cameras.location, cameras.username, cameras.password, cameras.status, cameras.created_at, cameras.updated_at, cameras.enabled 
FROM cameras 
WHERE cameras.id = ?
2025-07-25 17:35:06,968 INFO sqlalchemy.engine.Engine [cached since 2111s ago] (4,)
2025-07-25 17:35:06,969 INFO sqlalchemy.engine.Engine ROLLBACK
INFO:     127.0.0.1:55096 - "GET /api/v1/streams/status/4 HTTP/1.1" 200 OK
2025-07-25 17:35:12,983 INFO sqlalchemy.engine.Engine BEGIN (implicit)
2025-07-25 17:35:12,984 INFO sqlalchemy.engine.Engine SELECT cameras.id, cameras.name, cameras.ip_address, cameras.port, cameras.connection_type, cameras.stream_path, cameras.location, cameras.username, cameras.password, cameras.status, cameras.created_at, cameras.updated_at, cameras.enabled 
FROM cameras 
WHERE cameras.id = ?
2025-07-25 17:35:12,984 INFO sqlalchemy.engine.Engine [cached since 2117s ago] (1,)
2025-07-25 17:35:12,984 INFO sqlalchemy.engine.Engine ROLLBACK
INFO:     127.0.0.1:55112 - "GET /api/v1/streams/status/1 HTTP/1.1" 404 Not Found
2025-07-25 17:35:12,989 INFO sqlalchemy.engine.Engine BEGIN (implicit)
2025-07-25 17:35:12,989 INFO sqlalchemy.engine.Engine SELECT cameras.id, cameras.name, cameras.ip_address, cameras.port, cameras.connection_type, cameras.stream_path, cameras.location, cameras.username, cameras.password, cameras.status, cameras.created_at, cameras.updated_at, cameras.enabled 
FROM cameras 
WHERE cameras.id = ?
2025-07-25 17:35:12,990 INFO sqlalchemy.engine.Engine [cached since 2117s ago] (2,)
2025-07-25 17:35:12,990 INFO sqlalchemy.engine.Engine ROLLBACK
INFO:     127.0.0.1:55112 - "GET /api/v1/streams/status/2 HTTP/1.1" 404 Not Found
2025-07-25 17:35:12,995 INFO sqlalchemy.engine.Engine BEGIN (implicit)
2025-07-25 17:35:12,995 INFO sqlalchemy.engine.Engine SELECT cameras.id, cameras.name, cameras.ip_address, cameras.port, cameras.connection_type, cameras.stream_path, cameras.location, cameras.username, cameras.password, cameras.status, cameras.created_at, cameras.updated_at, cameras.enabled 
FROM cameras 
WHERE cameras.id = ?
2025-07-25 17:35:12,995 INFO sqlalchemy.engine.Engine [cached since 2117s ago] (3,)
2025-07-25 17:35:12,996 INFO sqlalchemy.engine.Engine ROLLBACK
INFO:     127.0.0.1:55112 - "GET /api/v1/streams/status/3 HTTP/1.1" 200 OK
2025-07-25 17:35:13,000 INFO sqlalchemy.engine.Engine BEGIN (implicit)
2025-07-25 17:35:13,001 INFO sqlalchemy.engine.Engine SELECT cameras.id, cameras.name, cameras.ip_address, cameras.port, cameras.connection_type, cameras.stream_path, cameras.location, cameras.username, cameras.password, cameras.status, cameras.created_at, cameras.updated_at, cameras.enabled 
FROM cameras 
WHERE cameras.id = ?
2025-07-25 17:35:13,001 INFO sqlalchemy.engine.Engine [cached since 2117s ago] (4,)
2025-07-25 17:35:13,001 INFO sqlalchemy.engine.Engine ROLLBACK
INFO:     127.0.0.1:55112 - "GET /api/v1/streams/status/4 HTTP/1.1" 200 OK
2025-07-25 17:35:37,278 INFO sqlalchemy.engine.Engine BEGIN (implicit)
2025-07-25 17:35:37,279 INFO sqlalchemy.engine.Engine SELECT cameras.id, cameras.name, cameras.ip_address, cameras.port, cameras.connection_type, cameras.stream_path, cameras.location, cameras.username, cameras.password, cameras.status, cameras.created_at, cameras.updated_at, cameras.enabled 
FROM cameras 
WHERE cameras.id = ?
2025-07-25 17:35:37,279 INFO sqlalchemy.engine.Engine [cached since 2141s ago] (1,)
2025-07-25 17:35:37,279 INFO sqlalchemy.engine.Engine ROLLBACK
INFO:     127.0.0.1:55134 - "GET /api/v1/streams/status/1 HTTP/1.1" 404 Not Found
2025-07-25 17:35:37,284 INFO sqlalchemy.engine.Engine BEGIN (implicit)
2025-07-25 17:35:37,284 INFO sqlalchemy.engine.Engine SELECT cameras.id, cameras.name, cameras.ip_address, cameras.port, cameras.connection_type, cameras.stream_path, cameras.location, cameras.username, cameras.password, cameras.status, cameras.created_at, cameras.updated_at, cameras.enabled 
FROM cameras 
WHERE cameras.id = ?
2025-07-25 17:35:37,284 INFO sqlalchemy.engine.Engine [cached since 2142s ago] (2,)
2025-07-25 17:35:37,285 INFO sqlalchemy.engine.Engine ROLLBACK
INFO:     127.0.0.1:55134 - "GET /api/v1/streams/status/2 HTTP/1.1" 404 Not Found
2025-07-25 17:35:37,289 INFO sqlalchemy.engine.Engine BEGIN (implicit)
2025-07-25 17:35:37,289 INFO sqlalchemy.engine.Engine SELECT cameras.id, cameras.name, cameras.ip_address, cameras.port, cameras.connection_type, cameras.stream_path, cameras.location, cameras.username, cameras.password, cameras.status, cameras.created_at, cameras.updated_at, cameras.enabled 
FROM cameras 
WHERE cameras.id = ?
2025-07-25 17:35:37,289 INFO sqlalchemy.engine.Engine [cached since 2142s ago] (3,)
2025-07-25 17:35:37,290 INFO sqlalchemy.engine.Engine ROLLBACK
INFO:     127.0.0.1:55134 - "GET /api/v1/streams/status/3 HTTP/1.1" 200 OK
2025-07-25 17:35:37,294 INFO sqlalchemy.engine.Engine BEGIN (implicit)
2025-07-25 17:35:37,294 INFO sqlalchemy.engine.Engine SELECT cameras.id, cameras.name, cameras.ip_address, cameras.port, cameras.connection_type, cameras.stream_path, cameras.location, cameras.username, cameras.password, cameras.status, cameras.created_at, cameras.updated_at, cameras.enabled 
FROM cameras 
WHERE cameras.id = ?
2025-07-25 17:35:37,294 INFO sqlalchemy.engine.Engine [cached since 2142s ago] (4,)
2025-07-25 17:35:37,295 INFO sqlalchemy.engine.Engine ROLLBACK
INFO:     127.0.0.1:55134 - "GET /api/v1/streams/status/4 HTTP/1.1" 200 OK
2025-07-25 17:35:42,984 INFO sqlalchemy.engine.Engine BEGIN (implicit)
2025-07-25 17:35:42,984 INFO sqlalchemy.engine.Engine SELECT cameras.id, cameras.name, cameras.ip_address, cameras.port, cameras.connection_type, cameras.stream_path, cameras.location, cameras.username, cameras.password, cameras.status, cameras.created_at, cameras.updated_at, cameras.enabled 
FROM cameras 
WHERE cameras.id = ?
2025-07-25 17:35:42,984 INFO sqlalchemy.engine.Engine [cached since 2147s ago] (1,)
2025-07-25 17:35:42,984 INFO sqlalchemy.engine.Engine ROLLBACK
INFO:     127.0.0.1:55136 - "GET /api/v1/streams/status/1 HTTP/1.1" 404 Not Found
2025-07-25 17:35:42,989 INFO sqlalchemy.engine.Engine BEGIN (implicit)
2025-07-25 17:35:42,989 INFO sqlalchemy.engine.Engine SELECT cameras.id, cameras.name, cameras.ip_address, cameras.port, cameras.connection_type, cameras.stream_path, cameras.location, cameras.username, cameras.password, cameras.status, cameras.created_at, cameras.updated_at, cameras.enabled 
FROM cameras 
WHERE cameras.id = ?
2025-07-25 17:35:42,989 INFO sqlalchemy.engine.Engine [cached since 2147s ago] (2,)
2025-07-25 17:35:42,990 INFO sqlalchemy.engine.Engine ROLLBACK
INFO:     127.0.0.1:55136 - "GET /api/v1/streams/status/2 HTTP/1.1" 404 Not Found
2025-07-25 17:35:42,994 INFO sqlalchemy.engine.Engine BEGIN (implicit)
2025-07-25 17:35:42,994 INFO sqlalchemy.engine.Engine SELECT cameras.id, cameras.name, cameras.ip_address, cameras.port, cameras.connection_type, cameras.stream_path, cameras.location, cameras.username, cameras.password, cameras.status, cameras.created_at, cameras.updated_at, cameras.enabled 
FROM cameras 
WHERE cameras.id = ?
2025-07-25 17:35:42,994 INFO sqlalchemy.engine.Engine [cached since 2147s ago] (3,)
2025-07-25 17:35:42,994 INFO sqlalchemy.engine.Engine ROLLBACK
INFO:     127.0.0.1:55136 - "GET /api/v1/streams/status/3 HTTP/1.1" 200 OK
2025-07-25 17:35:42,998 INFO sqlalchemy.engine.Engine BEGIN (implicit)
2025-07-25 17:35:42,998 INFO sqlalchemy.engine.Engine SELECT cameras.id, cameras.name, cameras.ip_address, cameras.port, cameras.connection_type, cameras.stream_path, cameras.location, cameras.username, cameras.password, cameras.status, cameras.created_at, cameras.updated_at, cameras.enabled 
FROM cameras 
WHERE cameras.id = ?
2025-07-25 17:35:42,998 INFO sqlalchemy.engine.Engine [cached since 2147s ago] (4,)
2025-07-25 17:35:42,999 INFO sqlalchemy.engine.Engine ROLLBACK
INFO:     127.0.0.1:55136 - "GET /api/v1/streams/status/4 HTTP/1.1" 200 OK
2025-07-25 17:36:07,597 INFO sqlalchemy.engine.Engine BEGIN (implicit)
2025-07-25 17:36:07,597 INFO sqlalchemy.engine.Engine SELECT cameras.id, cameras.name, cameras.ip_address, cameras.port, cameras.connection_type, cameras.stream_path, cameras.location, cameras.username, cameras.password, cameras.status, cameras.created_at, cameras.updated_at, cameras.enabled 
FROM cameras 
WHERE cameras.id = ?
2025-07-25 17:36:07,597 INFO sqlalchemy.engine.Engine [cached since 2172s ago] (1,)
2025-07-25 17:36:07,598 INFO sqlalchemy.engine.Engine ROLLBACK
INFO:     127.0.0.1:33012 - "GET /api/v1/streams/status/1 HTTP/1.1" 404 Not Found
2025-07-25 17:36:07,602 INFO sqlalchemy.engine.Engine BEGIN (implicit)
2025-07-25 17:36:07,603 INFO sqlalchemy.engine.Engine SELECT cameras.id, cameras.name, cameras.ip_address, cameras.port, cameras.connection_type, cameras.stream_path, cameras.location, cameras.username, cameras.password, cameras.status, cameras.created_at, cameras.updated_at, cameras.enabled 
FROM cameras 
WHERE cameras.id = ?
2025-07-25 17:36:07,603 INFO sqlalchemy.engine.Engine [cached since 2172s ago] (2,)
2025-07-25 17:36:07,603 INFO sqlalchemy.engine.Engine ROLLBACK
INFO:     127.0.0.1:33012 - "GET /api/v1/streams/status/2 HTTP/1.1" 404 Not Found
2025-07-25 17:36:07,608 INFO sqlalchemy.engine.Engine BEGIN (implicit)
2025-07-25 17:36:07,608 INFO sqlalchemy.engine.Engine SELECT cameras.id, cameras.name, cameras.ip_address, cameras.port, cameras.connection_type, cameras.stream_path, cameras.location, cameras.username, cameras.password, cameras.status, cameras.created_at, cameras.updated_at, cameras.enabled 
FROM cameras 
WHERE cameras.id = ?
2025-07-25 17:36:07,608 INFO sqlalchemy.engine.Engine [cached since 2172s ago] (3,)
2025-07-25 17:36:07,608 INFO sqlalchemy.engine.Engine ROLLBACK
INFO:     127.0.0.1:33012 - "GET /api/v1/streams/status/3 HTTP/1.1" 200 OK
2025-07-25 17:36:07,613 INFO sqlalchemy.engine.Engine BEGIN (implicit)
2025-07-25 17:36:07,613 INFO sqlalchemy.engine.Engine SELECT cameras.id, cameras.name, cameras.ip_address, cameras.port, cameras.connection_type, cameras.stream_path, cameras.location, cameras.username, cameras.password, cameras.status, cameras.created_at, cameras.updated_at, cameras.enabled 
FROM cameras 
WHERE cameras.id = ?
2025-07-25 17:36:07,613 INFO sqlalchemy.engine.Engine [cached since 2172s ago] (4,)
2025-07-25 17:36:07,614 INFO sqlalchemy.engine.Engine ROLLBACK
INFO:     127.0.0.1:33012 - "GET /api/v1/streams/status/4 HTTP/1.1" 200 OK
2025-07-25 17:36:12,994 INFO sqlalchemy.engine.Engine BEGIN (implicit)
2025-07-25 17:36:12,995 INFO sqlalchemy.engine.Engine SELECT cameras.id, cameras.name, cameras.ip_address, cameras.port, cameras.connection_type, cameras.stream_path, cameras.location, cameras.username, cameras.password, cameras.status, cameras.created_at, cameras.updated_at, cameras.enabled 
FROM cameras 
WHERE cameras.id = ?
2025-07-25 17:36:12,995 INFO sqlalchemy.engine.Engine [cached since 2177s ago] (1,)
2025-07-25 17:36:12,995 INFO sqlalchemy.engine.Engine ROLLBACK
INFO:     127.0.0.1:33016 - "GET /api/v1/streams/status/1 HTTP/1.1" 404 Not Found
2025-07-25 17:36:13,000 INFO sqlalchemy.engine.Engine BEGIN (implicit)
2025-07-25 17:36:13,001 INFO sqlalchemy.engine.Engine SELECT cameras.id, cameras.name, cameras.ip_address, cameras.port, cameras.connection_type, cameras.stream_path, cameras.location, cameras.username, cameras.password, cameras.status, cameras.created_at, cameras.updated_at, cameras.enabled 
FROM cameras 
WHERE cameras.id = ?
2025-07-25 17:36:13,001 INFO sqlalchemy.engine.Engine [cached since 2177s ago] (2,)
2025-07-25 17:36:13,001 INFO sqlalchemy.engine.Engine ROLLBACK
INFO:     127.0.0.1:33016 - "GET /api/v1/streams/status/2 HTTP/1.1" 404 Not Found
2025-07-25 17:36:13,006 INFO sqlalchemy.engine.Engine BEGIN (implicit)
2025-07-25 17:36:13,006 INFO sqlalchemy.engine.Engine SELECT cameras.id, cameras.name, cameras.ip_address, cameras.port, cameras.connection_type, cameras.stream_path, cameras.location, cameras.username, cameras.password, cameras.status, cameras.created_at, cameras.updated_at, cameras.enabled 
FROM cameras 
WHERE cameras.id = ?
2025-07-25 17:36:13,006 INFO sqlalchemy.engine.Engine [cached since 2177s ago] (3,)
2025-07-25 17:36:13,007 INFO sqlalchemy.engine.Engine ROLLBACK
INFO:     127.0.0.1:33016 - "GET /api/v1/streams/status/3 HTTP/1.1" 200 OK
2025-07-25 17:36:13,011 INFO sqlalchemy.engine.Engine BEGIN (implicit)
2025-07-25 17:36:13,011 INFO sqlalchemy.engine.Engine SELECT cameras.id, cameras.name, cameras.ip_address, cameras.port, cameras.connection_type, cameras.stream_path, cameras.location, cameras.username, cameras.password, cameras.status, cameras.created_at, cameras.updated_at, cameras.enabled 
FROM cameras 
WHERE cameras.id = ?
2025-07-25 17:36:13,012 INFO sqlalchemy.engine.Engine [cached since 2177s ago] (4,)
2025-07-25 17:36:13,012 INFO sqlalchemy.engine.Engine ROLLBACK
INFO:     127.0.0.1:33016 - "GET /api/v1/streams/status/4 HTTP/1.1" 200 OK
2025-07-25 17:36:38,027 INFO sqlalchemy.engine.Engine BEGIN (implicit)
2025-07-25 17:36:38,027 INFO sqlalchemy.engine.Engine SELECT cameras.id, cameras.name, cameras.ip_address, cameras.port, cameras.connection_type, cameras.stream_path, cameras.location, cameras.username, cameras.password, cameras.status, cameras.created_at, cameras.updated_at, cameras.enabled 
FROM cameras 
WHERE cameras.id = ?
2025-07-25 17:36:38,027 INFO sqlalchemy.engine.Engine [cached since 2202s ago] (1,)
2025-07-25 17:36:38,028 INFO sqlalchemy.engine.Engine ROLLBACK
INFO:     127.0.0.1:44032 - "GET /api/v1/streams/status/1 HTTP/1.1" 404 Not Found
2025-07-25 17:36:38,033 INFO sqlalchemy.engine.Engine BEGIN (implicit)
2025-07-25 17:36:38,033 INFO sqlalchemy.engine.Engine SELECT cameras.id, cameras.name, cameras.ip_address, cameras.port, cameras.connection_type, cameras.stream_path, cameras.location, cameras.username, cameras.password, cameras.status, cameras.created_at, cameras.updated_at, cameras.enabled 
FROM cameras 
WHERE cameras.id = ?
2025-07-25 17:36:38,033 INFO sqlalchemy.engine.Engine [cached since 2202s ago] (2,)
2025-07-25 17:36:38,033 INFO sqlalchemy.engine.Engine ROLLBACK
INFO:     127.0.0.1:44032 - "GET /api/v1/streams/status/2 HTTP/1.1" 404 Not Found
2025-07-25 17:36:38,038 INFO sqlalchemy.engine.Engine BEGIN (implicit)
2025-07-25 17:36:38,038 INFO sqlalchemy.engine.Engine SELECT cameras.id, cameras.name, cameras.ip_address, cameras.port, cameras.connection_type, cameras.stream_path, cameras.location, cameras.username, cameras.password, cameras.status, cameras.created_at, cameras.updated_at, cameras.enabled 
FROM cameras 
WHERE cameras.id = ?
2025-07-25 17:36:38,038 INFO sqlalchemy.engine.Engine [cached since 2202s ago] (3,)
2025-07-25 17:36:38,038 INFO sqlalchemy.engine.Engine ROLLBACK
INFO:     127.0.0.1:44032 - "GET /api/v1/streams/status/3 HTTP/1.1" 200 OK
2025-07-25 17:36:38,043 INFO sqlalchemy.engine.Engine BEGIN (implicit)
2025-07-25 17:36:38,043 INFO sqlalchemy.engine.Engine SELECT cameras.id, cameras.name, cameras.ip_address, cameras.port, cameras.connection_type, cameras.stream_path, cameras.location, cameras.username, cameras.password, cameras.status, cameras.created_at, cameras.updated_at, cameras.enabled 
FROM cameras 
WHERE cameras.id = ?
2025-07-25 17:36:38,043 INFO sqlalchemy.engine.Engine [cached since 2202s ago] (4,)
2025-07-25 17:36:38,043 INFO sqlalchemy.engine.Engine ROLLBACK
INFO:     127.0.0.1:44032 - "GET /api/v1/streams/status/4 HTTP/1.1" 200 OK
2025-07-25 17:36:42,993 INFO sqlalchemy.engine.Engine BEGIN (implicit)
2025-07-25 17:36:42,993 INFO sqlalchemy.engine.Engine SELECT cameras.id, cameras.name, cameras.ip_address, cameras.port, cameras.connection_type, cameras.stream_path, cameras.location, cameras.username, cameras.password, cameras.status, cameras.created_at, cameras.updated_at, cameras.enabled 
FROM cameras 
WHERE cameras.id = ?
2025-07-25 17:36:42,993 INFO sqlalchemy.engine.Engine [cached since 2207s ago] (1,)
2025-07-25 17:36:42,993 INFO sqlalchemy.engine.Engine ROLLBACK
INFO:     127.0.0.1:44032 - "GET /api/v1/streams/status/1 HTTP/1.1" 404 Not Found
2025-07-25 17:36:42,998 INFO sqlalchemy.engine.Engine BEGIN (implicit)
2025-07-25 17:36:42,998 INFO sqlalchemy.engine.Engine SELECT cameras.id, cameras.name, cameras.ip_address, cameras.port, cameras.connection_type, cameras.stream_path, cameras.location, cameras.username, cameras.password, cameras.status, cameras.created_at, cameras.updated_at, cameras.enabled 
FROM cameras 
WHERE cameras.id = ?
2025-07-25 17:36:42,998 INFO sqlalchemy.engine.Engine [cached since 2207s ago] (2,)
2025-07-25 17:36:42,999 INFO sqlalchemy.engine.Engine ROLLBACK
INFO:     127.0.0.1:44032 - "GET /api/v1/streams/status/2 HTTP/1.1" 404 Not Found
2025-07-25 17:36:43,003 INFO sqlalchemy.engine.Engine BEGIN (implicit)
2025-07-25 17:36:43,003 INFO sqlalchemy.engine.Engine SELECT cameras.id, cameras.name, cameras.ip_address, cameras.port, cameras.connection_type, cameras.stream_path, cameras.location, cameras.username, cameras.password, cameras.status, cameras.created_at, cameras.updated_at, cameras.enabled 
FROM cameras 
WHERE cameras.id = ?
2025-07-25 17:36:43,004 INFO sqlalchemy.engine.Engine [cached since 2207s ago] (3,)
2025-07-25 17:36:43,004 INFO sqlalchemy.engine.Engine ROLLBACK
INFO:     127.0.0.1:44032 - "GET /api/v1/streams/status/3 HTTP/1.1" 200 OK
2025-07-25 17:36:43,008 INFO sqlalchemy.engine.Engine BEGIN (implicit)
2025-07-25 17:36:43,009 INFO sqlalchemy.engine.Engine SELECT cameras.id, cameras.name, cameras.ip_address, cameras.port, cameras.connection_type, cameras.stream_path, cameras.location, cameras.username, cameras.password, cameras.status, cameras.created_at, cameras.updated_at, cameras.enabled 
FROM cameras 
WHERE cameras.id = ?
2025-07-25 17:36:43,009 INFO sqlalchemy.engine.Engine [cached since 2207s ago] (4,)
2025-07-25 17:36:43,009 INFO sqlalchemy.engine.Engine ROLLBACK
INFO:     127.0.0.1:44032 - "GET /api/v1/streams/status/4 HTTP/1.1" 200 OK
2025-07-25 17:37:08,364 INFO sqlalchemy.engine.Engine BEGIN (implicit)
2025-07-25 17:37:08,365 INFO sqlalchemy.engine.Engine SELECT cameras.id, cameras.name, cameras.ip_address, cameras.port, cameras.connection_type, cameras.stream_path, cameras.location, cameras.username, cameras.password, cameras.status, cameras.created_at, cameras.updated_at, cameras.enabled 
FROM cameras 
WHERE cameras.id = ?
2025-07-25 17:37:08,365 INFO sqlalchemy.engine.Engine [cached since 2233s ago] (1,)
2025-07-25 17:37:08,365 INFO sqlalchemy.engine.Engine ROLLBACK
INFO:     127.0.0.1:35670 - "GET /api/v1/streams/status/1 HTTP/1.1" 404 Not Found
2025-07-25 17:37:08,370 INFO sqlalchemy.engine.Engine BEGIN (implicit)
2025-07-25 17:37:08,370 INFO sqlalchemy.engine.Engine SELECT cameras.id, cameras.name, cameras.ip_address, cameras.port, cameras.connection_type, cameras.stream_path, cameras.location, cameras.username, cameras.password, cameras.status, cameras.created_at, cameras.updated_at, cameras.enabled 
FROM cameras 
WHERE cameras.id = ?
2025-07-25 17:37:08,370 INFO sqlalchemy.engine.Engine [cached since 2233s ago] (2,)
2025-07-25 17:37:08,371 INFO sqlalchemy.engine.Engine ROLLBACK
INFO:     127.0.0.1:35670 - "GET /api/v1/streams/status/2 HTTP/1.1" 404 Not Found
2025-07-25 17:37:08,375 INFO sqlalchemy.engine.Engine BEGIN (implicit)
2025-07-25 17:37:08,375 INFO sqlalchemy.engine.Engine SELECT cameras.id, cameras.name, cameras.ip_address, cameras.port, cameras.connection_type, cameras.stream_path, cameras.location, cameras.username, cameras.password, cameras.status, cameras.created_at, cameras.updated_at, cameras.enabled 
FROM cameras 
WHERE cameras.id = ?
2025-07-25 17:37:08,375 INFO sqlalchemy.engine.Engine [cached since 2233s ago] (3,)
2025-07-25 17:37:08,376 INFO sqlalchemy.engine.Engine ROLLBACK
INFO:     127.0.0.1:35670 - "GET /api/v1/streams/status/3 HTTP/1.1" 200 OK
2025-07-25 17:37:08,381 INFO sqlalchemy.engine.Engine BEGIN (implicit)
2025-07-25 17:37:08,381 INFO sqlalchemy.engine.Engine SELECT cameras.id, cameras.name, cameras.ip_address, cameras.port, cameras.connection_type, cameras.stream_path, cameras.location, cameras.username, cameras.password, cameras.status, cameras.created_at, cameras.updated_at, cameras.enabled 
FROM cameras 
WHERE cameras.id = ?
2025-07-25 17:37:08,381 INFO sqlalchemy.engine.Engine [cached since 2233s ago] (4,)
2025-07-25 17:37:08,381 INFO sqlalchemy.engine.Engine ROLLBACK
INFO:     127.0.0.1:35670 - "GET /api/v1/streams/status/4 HTTP/1.1" 200 OK
2025-07-25 17:37:12,998 INFO sqlalchemy.engine.Engine BEGIN (implicit)
2025-07-25 17:37:12,998 INFO sqlalchemy.engine.Engine SELECT cameras.id, cameras.name, cameras.ip_address, cameras.port, cameras.connection_type, cameras.stream_path, cameras.location, cameras.username, cameras.password, cameras.status, cameras.created_at, cameras.updated_at, cameras.enabled 
FROM cameras 
WHERE cameras.id = ?
2025-07-25 17:37:12,998 INFO sqlalchemy.engine.Engine [cached since 2237s ago] (1,)
2025-07-25 17:37:12,999 INFO sqlalchemy.engine.Engine ROLLBACK
INFO:     127.0.0.1:35670 - "GET /api/v1/streams/status/1 HTTP/1.1" 404 Not Found
2025-07-25 17:37:13,004 INFO sqlalchemy.engine.Engine BEGIN (implicit)
2025-07-25 17:37:13,004 INFO sqlalchemy.engine.Engine SELECT cameras.id, cameras.name, cameras.ip_address, cameras.port, cameras.connection_type, cameras.stream_path, cameras.location, cameras.username, cameras.password, cameras.status, cameras.created_at, cameras.updated_at, cameras.enabled 
FROM cameras 
WHERE cameras.id = ?
2025-07-25 17:37:13,004 INFO sqlalchemy.engine.Engine [cached since 2237s ago] (2,)
2025-07-25 17:37:13,004 INFO sqlalchemy.engine.Engine ROLLBACK
INFO:     127.0.0.1:35670 - "GET /api/v1/streams/status/2 HTTP/1.1" 404 Not Found
2025-07-25 17:37:13,009 INFO sqlalchemy.engine.Engine BEGIN (implicit)
2025-07-25 17:37:13,009 INFO sqlalchemy.engine.Engine SELECT cameras.id, cameras.name, cameras.ip_address, cameras.port, cameras.connection_type, cameras.stream_path, cameras.location, cameras.username, cameras.password, cameras.status, cameras.created_at, cameras.updated_at, cameras.enabled 
FROM cameras 
WHERE cameras.id = ?
2025-07-25 17:37:13,009 INFO sqlalchemy.engine.Engine [cached since 2237s ago] (3,)
2025-07-25 17:37:13,010 INFO sqlalchemy.engine.Engine ROLLBACK
INFO:     127.0.0.1:35670 - "GET /api/v1/streams/status/3 HTTP/1.1" 200 OK
2025-07-25 17:37:13,014 INFO sqlalchemy.engine.Engine BEGIN (implicit)
2025-07-25 17:37:13,015 INFO sqlalchemy.engine.Engine SELECT cameras.id, cameras.name, cameras.ip_address, cameras.port, cameras.connection_type, cameras.stream_path, cameras.location, cameras.username, cameras.password, cameras.status, cameras.created_at, cameras.updated_at, cameras.enabled 
FROM cameras 
WHERE cameras.id = ?
2025-07-25 17:37:13,015 INFO sqlalchemy.engine.Engine [cached since 2237s ago] (4,)
2025-07-25 17:37:13,015 INFO sqlalchemy.engine.Engine ROLLBACK
INFO:     127.0.0.1:35670 - "GET /api/v1/streams/status/4 HTTP/1.1" 200 OK
2025-07-25 17:37:38,709 INFO sqlalchemy.engine.Engine BEGIN (implicit)
2025-07-25 17:37:38,709 INFO sqlalchemy.engine.Engine SELECT cameras.id, cameras.name, cameras.ip_address, cameras.port, cameras.connection_type, cameras.stream_path, cameras.location, cameras.username, cameras.password, cameras.status, cameras.created_at, cameras.updated_at, cameras.enabled 
FROM cameras 
WHERE cameras.id = ?
2025-07-25 17:37:38,709 INFO sqlalchemy.engine.Engine [cached since 2263s ago] (1,)
2025-07-25 17:37:38,709 INFO sqlalchemy.engine.Engine ROLLBACK
INFO:     127.0.0.1:40958 - "GET /api/v1/streams/status/1 HTTP/1.1" 404 Not Found
2025-07-25 17:37:38,714 INFO sqlalchemy.engine.Engine BEGIN (implicit)
2025-07-25 17:37:38,714 INFO sqlalchemy.engine.Engine SELECT cameras.id, cameras.name, cameras.ip_address, cameras.port, cameras.connection_type, cameras.stream_path, cameras.location, cameras.username, cameras.password, cameras.status, cameras.created_at, cameras.updated_at, cameras.enabled 
FROM cameras 
WHERE cameras.id = ?
2025-07-25 17:37:38,714 INFO sqlalchemy.engine.Engine [cached since 2263s ago] (2,)
2025-07-25 17:37:38,715 INFO sqlalchemy.engine.Engine ROLLBACK
INFO:     127.0.0.1:40958 - "GET /api/v1/streams/status/2 HTTP/1.1" 404 Not Found
2025-07-25 17:37:38,719 INFO sqlalchemy.engine.Engine BEGIN (implicit)
2025-07-25 17:37:38,719 INFO sqlalchemy.engine.Engine SELECT cameras.id, cameras.name, cameras.ip_address, cameras.port, cameras.connection_type, cameras.stream_path, cameras.location, cameras.username, cameras.password, cameras.status, cameras.created_at, cameras.updated_at, cameras.enabled 
FROM cameras 
WHERE cameras.id = ?
2025-07-25 17:37:38,719 INFO sqlalchemy.engine.Engine [cached since 2263s ago] (3,)
2025-07-25 17:37:38,719 INFO sqlalchemy.engine.Engine ROLLBACK
INFO:     127.0.0.1:40958 - "GET /api/v1/streams/status/3 HTTP/1.1" 200 OK
2025-07-25 17:37:38,724 INFO sqlalchemy.engine.Engine BEGIN (implicit)
2025-07-25 17:37:38,724 INFO sqlalchemy.engine.Engine SELECT cameras.id, cameras.name, cameras.ip_address, cameras.port, cameras.connection_type, cameras.stream_path, cameras.location, cameras.username, cameras.password, cameras.status, cameras.created_at, cameras.updated_at, cameras.enabled 
FROM cameras 
WHERE cameras.id = ?
2025-07-25 17:37:38,724 INFO sqlalchemy.engine.Engine [cached since 2263s ago] (4,)
2025-07-25 17:37:38,725 INFO sqlalchemy.engine.Engine ROLLBACK
INFO:     127.0.0.1:40958 - "GET /api/v1/streams/status/4 HTTP/1.1" 200 OK
2025-07-25 17:37:43,005 INFO sqlalchemy.engine.Engine BEGIN (implicit)
2025-07-25 17:37:43,005 INFO sqlalchemy.engine.Engine SELECT cameras.id, cameras.name, cameras.ip_address, cameras.port, cameras.connection_type, cameras.stream_path, cameras.location, cameras.username, cameras.password, cameras.status, cameras.created_at, cameras.updated_at, cameras.enabled 
FROM cameras 
WHERE cameras.id = ?
2025-07-25 17:37:43,005 INFO sqlalchemy.engine.Engine [cached since 2267s ago] (1,)
2025-07-25 17:37:43,006 INFO sqlalchemy.engine.Engine ROLLBACK
INFO:     127.0.0.1:40958 - "GET /api/v1/streams/status/1 HTTP/1.1" 404 Not Found
2025-07-25 17:37:43,010 INFO sqlalchemy.engine.Engine BEGIN (implicit)
2025-07-25 17:37:43,010 INFO sqlalchemy.engine.Engine SELECT cameras.id, cameras.name, cameras.ip_address, cameras.port, cameras.connection_type, cameras.stream_path, cameras.location, cameras.username, cameras.password, cameras.status, cameras.created_at, cameras.updated_at, cameras.enabled 
FROM cameras 
WHERE cameras.id = ?
2025-07-25 17:37:43,010 INFO sqlalchemy.engine.Engine [cached since 2267s ago] (2,)
2025-07-25 17:37:43,011 INFO sqlalchemy.engine.Engine ROLLBACK
INFO:     127.0.0.1:40958 - "GET /api/v1/streams/status/2 HTTP/1.1" 404 Not Found
2025-07-25 17:37:43,015 INFO sqlalchemy.engine.Engine BEGIN (implicit)
2025-07-25 17:37:43,015 INFO sqlalchemy.engine.Engine SELECT cameras.id, cameras.name, cameras.ip_address, cameras.port, cameras.connection_type, cameras.stream_path, cameras.location, cameras.username, cameras.password, cameras.status, cameras.created_at, cameras.updated_at, cameras.enabled 
FROM cameras 
WHERE cameras.id = ?
2025-07-25 17:37:43,015 INFO sqlalchemy.engine.Engine [cached since 2267s ago] (3,)
2025-07-25 17:37:43,015 INFO sqlalchemy.engine.Engine ROLLBACK
INFO:     127.0.0.1:40958 - "GET /api/v1/streams/status/3 HTTP/1.1" 200 OK
2025-07-25 17:37:43,020 INFO sqlalchemy.engine.Engine BEGIN (implicit)
2025-07-25 17:37:43,021 INFO sqlalchemy.engine.Engine SELECT cameras.id, cameras.name, cameras.ip_address, cameras.port, cameras.connection_type, cameras.stream_path, cameras.location, cameras.username, cameras.password, cameras.status, cameras.created_at, cameras.updated_at, cameras.enabled 
FROM cameras 
WHERE cameras.id = ?
2025-07-25 17:37:43,021 INFO sqlalchemy.engine.Engine [cached since 2267s ago] (4,)
2025-07-25 17:37:43,021 INFO sqlalchemy.engine.Engine ROLLBACK
INFO:     127.0.0.1:40958 - "GET /api/v1/streams/status/4 HTTP/1.1" 200 OK
2025-07-25 17:38:09,188 INFO sqlalchemy.engine.Engine BEGIN (implicit)
2025-07-25 17:38:09,189 INFO sqlalchemy.engine.Engine SELECT cameras.id, cameras.name, cameras.ip_address, cameras.port, cameras.connection_type, cameras.stream_path, cameras.location, cameras.username, cameras.password, cameras.status, cameras.created_at, cameras.updated_at, cameras.enabled 
FROM cameras 
WHERE cameras.id = ?
2025-07-25 17:38:09,189 INFO sqlalchemy.engine.Engine [cached since 2293s ago] (1,)
2025-07-25 17:38:09,189 INFO sqlalchemy.engine.Engine ROLLBACK
INFO:     127.0.0.1:60232 - "GET /api/v1/streams/status/1 HTTP/1.1" 404 Not Found
2025-07-25 17:38:09,194 INFO sqlalchemy.engine.Engine BEGIN (implicit)
2025-07-25 17:38:09,194 INFO sqlalchemy.engine.Engine SELECT cameras.id, cameras.name, cameras.ip_address, cameras.port, cameras.connection_type, cameras.stream_path, cameras.location, cameras.username, cameras.password, cameras.status, cameras.created_at, cameras.updated_at, cameras.enabled 
FROM cameras 
WHERE cameras.id = ?
2025-07-25 17:38:09,194 INFO sqlalchemy.engine.Engine [cached since 2293s ago] (2,)
2025-07-25 17:38:09,195 INFO sqlalchemy.engine.Engine ROLLBACK
INFO:     127.0.0.1:60232 - "GET /api/v1/streams/status/2 HTTP/1.1" 404 Not Found
2025-07-25 17:38:09,199 INFO sqlalchemy.engine.Engine BEGIN (implicit)
2025-07-25 17:38:09,199 INFO sqlalchemy.engine.Engine SELECT cameras.id, cameras.name, cameras.ip_address, cameras.port, cameras.connection_type, cameras.stream_path, cameras.location, cameras.username, cameras.password, cameras.status, cameras.created_at, cameras.updated_at, cameras.enabled 
FROM cameras 
WHERE cameras.id = ?
2025-07-25 17:38:09,199 INFO sqlalchemy.engine.Engine [cached since 2293s ago] (3,)
2025-07-25 17:38:09,200 INFO sqlalchemy.engine.Engine ROLLBACK
INFO:     127.0.0.1:60232 - "GET /api/v1/streams/status/3 HTTP/1.1" 200 OK
2025-07-25 17:38:09,204 INFO sqlalchemy.engine.Engine BEGIN (implicit)
2025-07-25 17:38:09,204 INFO sqlalchemy.engine.Engine SELECT cameras.id, cameras.name, cameras.ip_address, cameras.port, cameras.connection_type, cameras.stream_path, cameras.location, cameras.username, cameras.password, cameras.status, cameras.created_at, cameras.updated_at, cameras.enabled 
FROM cameras 
WHERE cameras.id = ?
2025-07-25 17:38:09,205 INFO sqlalchemy.engine.Engine [cached since 2293s ago] (4,)
2025-07-25 17:38:09,205 INFO sqlalchemy.engine.Engine ROLLBACK
INFO:     127.0.0.1:60232 - "GET /api/v1/streams/status/4 HTTP/1.1" 200 OK
2025-07-25 17:38:13,015 INFO sqlalchemy.engine.Engine BEGIN (implicit)
2025-07-25 17:38:13,015 INFO sqlalchemy.engine.Engine SELECT cameras.id, cameras.name, cameras.ip_address, cameras.port, cameras.connection_type, cameras.stream_path, cameras.location, cameras.username, cameras.password, cameras.status, cameras.created_at, cameras.updated_at, cameras.enabled 
FROM cameras 
WHERE cameras.id = ?
2025-07-25 17:38:13,015 INFO sqlalchemy.engine.Engine [cached since 2297s ago] (1,)
2025-07-25 17:38:13,016 INFO sqlalchemy.engine.Engine ROLLBACK
INFO:     127.0.0.1:60232 - "GET /api/v1/streams/status/1 HTTP/1.1" 404 Not Found
2025-07-25 17:38:13,021 INFO sqlalchemy.engine.Engine BEGIN (implicit)
2025-07-25 17:38:13,021 INFO sqlalchemy.engine.Engine SELECT cameras.id, cameras.name, cameras.ip_address, cameras.port, cameras.connection_type, cameras.stream_path, cameras.location, cameras.username, cameras.password, cameras.status, cameras.created_at, cameras.updated_at, cameras.enabled 
FROM cameras 
WHERE cameras.id = ?
2025-07-25 17:38:13,021 INFO sqlalchemy.engine.Engine [cached since 2297s ago] (2,)
2025-07-25 17:38:13,021 INFO sqlalchemy.engine.Engine ROLLBACK
INFO:     127.0.0.1:60232 - "GET /api/v1/streams/status/2 HTTP/1.1" 404 Not Found
2025-07-25 17:38:13,026 INFO sqlalchemy.engine.Engine BEGIN (implicit)
2025-07-25 17:38:13,026 INFO sqlalchemy.engine.Engine SELECT cameras.id, cameras.name, cameras.ip_address, cameras.port, cameras.connection_type, cameras.stream_path, cameras.location, cameras.username, cameras.password, cameras.status, cameras.created_at, cameras.updated_at, cameras.enabled 
FROM cameras 
WHERE cameras.id = ?
2025-07-25 17:38:13,026 INFO sqlalchemy.engine.Engine [cached since 2297s ago] (3,)
2025-07-25 17:38:13,027 INFO sqlalchemy.engine.Engine ROLLBACK
INFO:     127.0.0.1:60232 - "GET /api/v1/streams/status/3 HTTP/1.1" 200 OK
2025-07-25 17:38:13,031 INFO sqlalchemy.engine.Engine BEGIN (implicit)
2025-07-25 17:38:13,032 INFO sqlalchemy.engine.Engine SELECT cameras.id, cameras.name, cameras.ip_address, cameras.port, cameras.connection_type, cameras.stream_path, cameras.location, cameras.username, cameras.password, cameras.status, cameras.created_at, cameras.updated_at, cameras.enabled 
FROM cameras 
WHERE cameras.id = ?
2025-07-25 17:38:13,032 INFO sqlalchemy.engine.Engine [cached since 2297s ago] (4,)
2025-07-25 17:38:13,032 INFO sqlalchemy.engine.Engine ROLLBACK
INFO:     127.0.0.1:60232 - "GET /api/v1/streams/status/4 HTTP/1.1" 200 OK
2025-07-25 17:38:39,462 INFO sqlalchemy.engine.Engine BEGIN (implicit)
2025-07-25 17:38:39,463 INFO sqlalchemy.engine.Engine SELECT cameras.id, cameras.name, cameras.ip_address, cameras.port, cameras.connection_type, cameras.stream_path, cameras.location, cameras.username, cameras.password, cameras.status, cameras.created_at, cameras.updated_at, cameras.enabled 
FROM cameras 
WHERE cameras.id = ?
2025-07-25 17:38:39,463 INFO sqlalchemy.engine.Engine [cached since 2324s ago] (1,)
2025-07-25 17:38:39,463 INFO sqlalchemy.engine.Engine ROLLBACK
INFO:     127.0.0.1:43238 - "GET /api/v1/streams/status/1 HTTP/1.1" 404 Not Found
2025-07-25 17:38:39,468 INFO sqlalchemy.engine.Engine BEGIN (implicit)
2025-07-25 17:38:39,468 INFO sqlalchemy.engine.Engine SELECT cameras.id, cameras.name, cameras.ip_address, cameras.port, cameras.connection_type, cameras.stream_path, cameras.location, cameras.username, cameras.password, cameras.status, cameras.created_at, cameras.updated_at, cameras.enabled 
FROM cameras 
WHERE cameras.id = ?
2025-07-25 17:38:39,468 INFO sqlalchemy.engine.Engine [cached since 2324s ago] (2,)
2025-07-25 17:38:39,468 INFO sqlalchemy.engine.Engine ROLLBACK
INFO:     127.0.0.1:43238 - "GET /api/v1/streams/status/2 HTTP/1.1" 404 Not Found
2025-07-25 17:38:39,473 INFO sqlalchemy.engine.Engine BEGIN (implicit)
2025-07-25 17:38:39,473 INFO sqlalchemy.engine.Engine SELECT cameras.id, cameras.name, cameras.ip_address, cameras.port, cameras.connection_type, cameras.stream_path, cameras.location, cameras.username, cameras.password, cameras.status, cameras.created_at, cameras.updated_at, cameras.enabled 
FROM cameras 
WHERE cameras.id = ?
2025-07-25 17:38:39,473 INFO sqlalchemy.engine.Engine [cached since 2324s ago] (3,)
2025-07-25 17:38:39,474 INFO sqlalchemy.engine.Engine ROLLBACK
INFO:     127.0.0.1:43238 - "GET /api/v1/streams/status/3 HTTP/1.1" 200 OK
2025-07-25 17:38:39,478 INFO sqlalchemy.engine.Engine BEGIN (implicit)
2025-07-25 17:38:39,478 INFO sqlalchemy.engine.Engine SELECT cameras.id, cameras.name, cameras.ip_address, cameras.port, cameras.connection_type, cameras.stream_path, cameras.location, cameras.username, cameras.password, cameras.status, cameras.created_at, cameras.updated_at, cameras.enabled 
FROM cameras 
WHERE cameras.id = ?
2025-07-25 17:38:39,478 INFO sqlalchemy.engine.Engine [cached since 2324s ago] (4,)
2025-07-25 17:38:39,479 INFO sqlalchemy.engine.Engine ROLLBACK
INFO:     127.0.0.1:43238 - "GET /api/v1/streams/status/4 HTTP/1.1" 200 OK
2025-07-25 17:38:43,030 INFO sqlalchemy.engine.Engine BEGIN (implicit)
2025-07-25 17:38:43,030 INFO sqlalchemy.engine.Engine SELECT cameras.id, cameras.name, cameras.ip_address, cameras.port, cameras.connection_type, cameras.stream_path, cameras.location, cameras.username, cameras.password, cameras.status, cameras.created_at, cameras.updated_at, cameras.enabled 
FROM cameras 
WHERE cameras.id = ?
2025-07-25 17:38:43,030 INFO sqlalchemy.engine.Engine [cached since 2327s ago] (1,)
2025-07-25 17:38:43,031 INFO sqlalchemy.engine.Engine ROLLBACK
INFO:     127.0.0.1:43238 - "GET /api/v1/streams/status/1 HTTP/1.1" 404 Not Found
2025-07-25 17:38:43,035 INFO sqlalchemy.engine.Engine BEGIN (implicit)
2025-07-25 17:38:43,035 INFO sqlalchemy.engine.Engine SELECT cameras.id, cameras.name, cameras.ip_address, cameras.port, cameras.connection_type, cameras.stream_path, cameras.location, cameras.username, cameras.password, cameras.status, cameras.created_at, cameras.updated_at, cameras.enabled 
FROM cameras 
WHERE cameras.id = ?
2025-07-25 17:38:43,035 INFO sqlalchemy.engine.Engine [cached since 2327s ago] (2,)
2025-07-25 17:38:43,036 INFO sqlalchemy.engine.Engine ROLLBACK
INFO:     127.0.0.1:43238 - "GET /api/v1/streams/status/2 HTTP/1.1" 404 Not Found
2025-07-25 17:38:43,040 INFO sqlalchemy.engine.Engine BEGIN (implicit)
2025-07-25 17:38:43,040 INFO sqlalchemy.engine.Engine SELECT cameras.id, cameras.name, cameras.ip_address, cameras.port, cameras.connection_type, cameras.stream_path, cameras.location, cameras.username, cameras.password, cameras.status, cameras.created_at, cameras.updated_at, cameras.enabled 
FROM cameras 
WHERE cameras.id = ?
2025-07-25 17:38:43,040 INFO sqlalchemy.engine.Engine [cached since 2327s ago] (3,)
2025-07-25 17:38:43,041 INFO sqlalchemy.engine.Engine ROLLBACK
INFO:     127.0.0.1:43238 - "GET /api/v1/streams/status/3 HTTP/1.1" 200 OK
2025-07-25 17:38:43,046 INFO sqlalchemy.engine.Engine BEGIN (implicit)
2025-07-25 17:38:43,046 INFO sqlalchemy.engine.Engine SELECT cameras.id, cameras.name, cameras.ip_address, cameras.port, cameras.connection_type, cameras.stream_path, cameras.location, cameras.username, cameras.password, cameras.status, cameras.created_at, cameras.updated_at, cameras.enabled 
FROM cameras 
WHERE cameras.id = ?
2025-07-25 17:38:43,046 INFO sqlalchemy.engine.Engine [cached since 2327s ago] (4,)
2025-07-25 17:38:43,046 INFO sqlalchemy.engine.Engine ROLLBACK
INFO:     127.0.0.1:43238 - "GET /api/v1/streams/status/4 HTTP/1.1" 200 OK
2025-07-25 17:39:09,668 INFO sqlalchemy.engine.Engine BEGIN (implicit)
2025-07-25 17:39:09,668 INFO sqlalchemy.engine.Engine SELECT cameras.id, cameras.name, cameras.ip_address, cameras.port, cameras.connection_type, cameras.stream_path, cameras.location, cameras.username, cameras.password, cameras.status, cameras.created_at, cameras.updated_at, cameras.enabled 
FROM cameras 
WHERE cameras.id = ?
2025-07-25 17:39:09,668 INFO sqlalchemy.engine.Engine [cached since 2354s ago] (1,)
2025-07-25 17:39:09,669 INFO sqlalchemy.engine.Engine ROLLBACK
INFO:     127.0.0.1:36572 - "GET /api/v1/streams/status/1 HTTP/1.1" 404 Not Found
2025-07-25 17:39:09,674 INFO sqlalchemy.engine.Engine BEGIN (implicit)
2025-07-25 17:39:09,674 INFO sqlalchemy.engine.Engine SELECT cameras.id, cameras.name, cameras.ip_address, cameras.port, cameras.connection_type, cameras.stream_path, cameras.location, cameras.username, cameras.password, cameras.status, cameras.created_at, cameras.updated_at, cameras.enabled 
FROM cameras 
WHERE cameras.id = ?
2025-07-25 17:39:09,675 INFO sqlalchemy.engine.Engine [cached since 2354s ago] (2,)
2025-07-25 17:39:09,675 INFO sqlalchemy.engine.Engine ROLLBACK
INFO:     127.0.0.1:36572 - "GET /api/v1/streams/status/2 HTTP/1.1" 404 Not Found
2025-07-25 17:39:09,680 INFO sqlalchemy.engine.Engine BEGIN (implicit)
2025-07-25 17:39:09,680 INFO sqlalchemy.engine.Engine SELECT cameras.id, cameras.name, cameras.ip_address, cameras.port, cameras.connection_type, cameras.stream_path, cameras.location, cameras.username, cameras.password, cameras.status, cameras.created_at, cameras.updated_at, cameras.enabled 
FROM cameras 
WHERE cameras.id = ?
2025-07-25 17:39:09,680 INFO sqlalchemy.engine.Engine [cached since 2354s ago] (3,)
2025-07-25 17:39:09,681 INFO sqlalchemy.engine.Engine ROLLBACK
INFO:     127.0.0.1:36572 - "GET /api/v1/streams/status/3 HTTP/1.1" 200 OK
2025-07-25 17:39:09,686 INFO sqlalchemy.engine.Engine BEGIN (implicit)
2025-07-25 17:39:09,686 INFO sqlalchemy.engine.Engine SELECT cameras.id, cameras.name, cameras.ip_address, cameras.port, cameras.connection_type, cameras.stream_path, cameras.location, cameras.username, cameras.password, cameras.status, cameras.created_at, cameras.updated_at, cameras.enabled 
FROM cameras 
WHERE cameras.id = ?
2025-07-25 17:39:09,686 INFO sqlalchemy.engine.Engine [cached since 2354s ago] (4,)
2025-07-25 17:39:09,687 INFO sqlalchemy.engine.Engine ROLLBACK
INFO:     127.0.0.1:36572 - "GET /api/v1/streams/status/4 HTTP/1.1" 200 OK
2025-07-25 17:39:13,039 INFO sqlalchemy.engine.Engine BEGIN (implicit)
2025-07-25 17:39:13,039 INFO sqlalchemy.engine.Engine SELECT cameras.id, cameras.name, cameras.ip_address, cameras.port, cameras.connection_type, cameras.stream_path, cameras.location, cameras.username, cameras.password, cameras.status, cameras.created_at, cameras.updated_at, cameras.enabled 
FROM cameras 
WHERE cameras.id = ?
2025-07-25 17:39:13,039 INFO sqlalchemy.engine.Engine [cached since 2357s ago] (1,)
2025-07-25 17:39:13,040 INFO sqlalchemy.engine.Engine ROLLBACK
INFO:     127.0.0.1:36572 - "GET /api/v1/streams/status/1 HTTP/1.1" 404 Not Found
2025-07-25 17:39:13,045 INFO sqlalchemy.engine.Engine BEGIN (implicit)
2025-07-25 17:39:13,045 INFO sqlalchemy.engine.Engine SELECT cameras.id, cameras.name, cameras.ip_address, cameras.port, cameras.connection_type, cameras.stream_path, cameras.location, cameras.username, cameras.password, cameras.status, cameras.created_at, cameras.updated_at, cameras.enabled 
FROM cameras 
WHERE cameras.id = ?
2025-07-25 17:39:13,045 INFO sqlalchemy.engine.Engine [cached since 2357s ago] (2,)
2025-07-25 17:39:13,046 INFO sqlalchemy.engine.Engine ROLLBACK
INFO:     127.0.0.1:36572 - "GET /api/v1/streams/status/2 HTTP/1.1" 404 Not Found
2025-07-25 17:39:13,051 INFO sqlalchemy.engine.Engine BEGIN (implicit)
2025-07-25 17:39:13,051 INFO sqlalchemy.engine.Engine SELECT cameras.id, cameras.name, cameras.ip_address, cameras.port, cameras.connection_type, cameras.stream_path, cameras.location, cameras.username, cameras.password, cameras.status, cameras.created_at, cameras.updated_at, cameras.enabled 
FROM cameras 
WHERE cameras.id = ?
2025-07-25 17:39:13,051 INFO sqlalchemy.engine.Engine [cached since 2357s ago] (3,)
2025-07-25 17:39:13,052 INFO sqlalchemy.engine.Engine ROLLBACK
INFO:     127.0.0.1:36572 - "GET /api/v1/streams/status/3 HTTP/1.1" 200 OK
2025-07-25 17:39:13,056 INFO sqlalchemy.engine.Engine BEGIN (implicit)
2025-07-25 17:39:13,056 INFO sqlalchemy.engine.Engine SELECT cameras.id, cameras.name, cameras.ip_address, cameras.port, cameras.connection_type, cameras.stream_path, cameras.location, cameras.username, cameras.password, cameras.status, cameras.created_at, cameras.updated_at, cameras.enabled 
FROM cameras 
WHERE cameras.id = ?
2025-07-25 17:39:13,057 INFO sqlalchemy.engine.Engine [cached since 2357s ago] (4,)
2025-07-25 17:39:13,057 INFO sqlalchemy.engine.Engine ROLLBACK
INFO:     127.0.0.1:36572 - "GET /api/v1/streams/status/4 HTTP/1.1" 200 OK
2025-07-25 17:39:39,813 INFO sqlalchemy.engine.Engine BEGIN (implicit)
2025-07-25 17:39:39,813 INFO sqlalchemy.engine.Engine SELECT cameras.id, cameras.name, cameras.ip_address, cameras.port, cameras.connection_type, cameras.stream_path, cameras.location, cameras.username, cameras.password, cameras.status, cameras.created_at, cameras.updated_at, cameras.enabled 
FROM cameras 
WHERE cameras.id = ?
2025-07-25 17:39:39,813 INFO sqlalchemy.engine.Engine [cached since 2384s ago] (1,)
2025-07-25 17:39:39,814 INFO sqlalchemy.engine.Engine ROLLBACK
INFO:     127.0.0.1:33478 - "GET /api/v1/streams/status/1 HTTP/1.1" 404 Not Found
2025-07-25 17:39:39,819 INFO sqlalchemy.engine.Engine BEGIN (implicit)
2025-07-25 17:39:39,819 INFO sqlalchemy.engine.Engine SELECT cameras.id, cameras.name, cameras.ip_address, cameras.port, cameras.connection_type, cameras.stream_path, cameras.location, cameras.username, cameras.password, cameras.status, cameras.created_at, cameras.updated_at, cameras.enabled 
FROM cameras 
WHERE cameras.id = ?
2025-07-25 17:39:39,819 INFO sqlalchemy.engine.Engine [cached since 2384s ago] (2,)
2025-07-25 17:39:39,819 INFO sqlalchemy.engine.Engine ROLLBACK
INFO:     127.0.0.1:33478 - "GET /api/v1/streams/status/2 HTTP/1.1" 404 Not Found
2025-07-25 17:39:39,824 INFO sqlalchemy.engine.Engine BEGIN (implicit)
2025-07-25 17:39:39,824 INFO sqlalchemy.engine.Engine SELECT cameras.id, cameras.name, cameras.ip_address, cameras.port, cameras.connection_type, cameras.stream_path, cameras.location, cameras.username, cameras.password, cameras.status, cameras.created_at, cameras.updated_at, cameras.enabled 
FROM cameras 
WHERE cameras.id = ?
2025-07-25 17:39:39,824 INFO sqlalchemy.engine.Engine [cached since 2384s ago] (3,)
2025-07-25 17:39:39,825 INFO sqlalchemy.engine.Engine ROLLBACK
INFO:     127.0.0.1:33478 - "GET /api/v1/streams/status/3 HTTP/1.1" 200 OK
2025-07-25 17:39:39,830 INFO sqlalchemy.engine.Engine BEGIN (implicit)
2025-07-25 17:39:39,830 INFO sqlalchemy.engine.Engine SELECT cameras.id, cameras.name, cameras.ip_address, cameras.port, cameras.connection_type, cameras.stream_path, cameras.location, cameras.username, cameras.password, cameras.status, cameras.created_at, cameras.updated_at, cameras.enabled 
FROM cameras 
WHERE cameras.id = ?
2025-07-25 17:39:39,830 INFO sqlalchemy.engine.Engine [cached since 2384s ago] (4,)
2025-07-25 17:39:39,830 INFO sqlalchemy.engine.Engine ROLLBACK
INFO:     127.0.0.1:33478 - "GET /api/v1/streams/status/4 HTTP/1.1" 200 OK
2025-07-25 17:39:43,046 INFO sqlalchemy.engine.Engine BEGIN (implicit)
2025-07-25 17:39:43,046 INFO sqlalchemy.engine.Engine SELECT cameras.id, cameras.name, cameras.ip_address, cameras.port, cameras.connection_type, cameras.stream_path, cameras.location, cameras.username, cameras.password, cameras.status, cameras.created_at, cameras.updated_at, cameras.enabled 
FROM cameras 
WHERE cameras.id = ?
2025-07-25 17:39:43,046 INFO sqlalchemy.engine.Engine [cached since 2387s ago] (1,)
2025-07-25 17:39:43,047 INFO sqlalchemy.engine.Engine ROLLBACK
INFO:     127.0.0.1:33478 - "GET /api/v1/streams/status/1 HTTP/1.1" 404 Not Found
2025-07-25 17:39:43,052 INFO sqlalchemy.engine.Engine BEGIN (implicit)
2025-07-25 17:39:43,052 INFO sqlalchemy.engine.Engine SELECT cameras.id, cameras.name, cameras.ip_address, cameras.port, cameras.connection_type, cameras.stream_path, cameras.location, cameras.username, cameras.password, cameras.status, cameras.created_at, cameras.updated_at, cameras.enabled 
FROM cameras 
WHERE cameras.id = ?
2025-07-25 17:39:43,052 INFO sqlalchemy.engine.Engine [cached since 2387s ago] (2,)
2025-07-25 17:39:43,052 INFO sqlalchemy.engine.Engine ROLLBACK
INFO:     127.0.0.1:33478 - "GET /api/v1/streams/status/2 HTTP/1.1" 404 Not Found
2025-07-25 17:39:43,056 INFO sqlalchemy.engine.Engine BEGIN (implicit)
2025-07-25 17:39:43,057 INFO sqlalchemy.engine.Engine SELECT cameras.id, cameras.name, cameras.ip_address, cameras.port, cameras.connection_type, cameras.stream_path, cameras.location, cameras.username, cameras.password, cameras.status, cameras.created_at, cameras.updated_at, cameras.enabled 
FROM cameras 
WHERE cameras.id = ?
2025-07-25 17:39:43,057 INFO sqlalchemy.engine.Engine [cached since 2387s ago] (3,)
2025-07-25 17:39:43,057 INFO sqlalchemy.engine.Engine ROLLBACK
INFO:     127.0.0.1:33478 - "GET /api/v1/streams/status/3 HTTP/1.1" 200 OK
2025-07-25 17:39:43,062 INFO sqlalchemy.engine.Engine BEGIN (implicit)
2025-07-25 17:39:43,062 INFO sqlalchemy.engine.Engine SELECT cameras.id, cameras.name, cameras.ip_address, cameras.port, cameras.connection_type, cameras.stream_path, cameras.location, cameras.username, cameras.password, cameras.status, cameras.created_at, cameras.updated_at, cameras.enabled 
FROM cameras 
WHERE cameras.id = ?
2025-07-25 17:39:43,063 INFO sqlalchemy.engine.Engine [cached since 2387s ago] (4,)
2025-07-25 17:39:43,063 INFO sqlalchemy.engine.Engine ROLLBACK
INFO:     127.0.0.1:33478 - "GET /api/v1/streams/status/4 HTTP/1.1" 200 OK
2025-07-25 17:40:09,987 INFO sqlalchemy.engine.Engine BEGIN (implicit)
2025-07-25 17:40:09,987 INFO sqlalchemy.engine.Engine SELECT cameras.id, cameras.name, cameras.ip_address, cameras.port, cameras.connection_type, cameras.stream_path, cameras.location, cameras.username, cameras.password, cameras.status, cameras.created_at, cameras.updated_at, cameras.enabled 
FROM cameras 
WHERE cameras.id = ?
2025-07-25 17:40:09,987 INFO sqlalchemy.engine.Engine [cached since 2414s ago] (1,)
2025-07-25 17:40:09,988 INFO sqlalchemy.engine.Engine ROLLBACK
INFO:     127.0.0.1:59758 - "GET /api/v1/streams/status/1 HTTP/1.1" 404 Not Found
2025-07-25 17:40:09,994 INFO sqlalchemy.engine.Engine BEGIN (implicit)
2025-07-25 17:40:09,994 INFO sqlalchemy.engine.Engine SELECT cameras.id, cameras.name, cameras.ip_address, cameras.port, cameras.connection_type, cameras.stream_path, cameras.location, cameras.username, cameras.password, cameras.status, cameras.created_at, cameras.updated_at, cameras.enabled 
FROM cameras 
WHERE cameras.id = ?
2025-07-25 17:40:09,994 INFO sqlalchemy.engine.Engine [cached since 2414s ago] (2,)
2025-07-25 17:40:09,995 INFO sqlalchemy.engine.Engine ROLLBACK
INFO:     127.0.0.1:59758 - "GET /api/v1/streams/status/2 HTTP/1.1" 404 Not Found
2025-07-25 17:40:10,001 INFO sqlalchemy.engine.Engine BEGIN (implicit)
2025-07-25 17:40:10,001 INFO sqlalchemy.engine.Engine SELECT cameras.id, cameras.name, cameras.ip_address, cameras.port, cameras.connection_type, cameras.stream_path, cameras.location, cameras.username, cameras.password, cameras.status, cameras.created_at, cameras.updated_at, cameras.enabled 
FROM cameras 
WHERE cameras.id = ?
2025-07-25 17:40:10,001 INFO sqlalchemy.engine.Engine [cached since 2414s ago] (3,)
2025-07-25 17:40:10,001 INFO sqlalchemy.engine.Engine ROLLBACK
INFO:     127.0.0.1:59758 - "GET /api/v1/streams/status/3 HTTP/1.1" 200 OK
2025-07-25 17:40:10,006 INFO sqlalchemy.engine.Engine BEGIN (implicit)
2025-07-25 17:40:10,006 INFO sqlalchemy.engine.Engine SELECT cameras.id, cameras.name, cameras.ip_address, cameras.port, cameras.connection_type, cameras.stream_path, cameras.location, cameras.username, cameras.password, cameras.status, cameras.created_at, cameras.updated_at, cameras.enabled 
FROM cameras 
WHERE cameras.id = ?
2025-07-25 17:40:10,006 INFO sqlalchemy.engine.Engine [cached since 2414s ago] (4,)
2025-07-25 17:40:10,007 INFO sqlalchemy.engine.Engine ROLLBACK
INFO:     127.0.0.1:59758 - "GET /api/v1/streams/status/4 HTTP/1.1" 200 OK
2025-07-25 17:40:13,054 INFO sqlalchemy.engine.Engine BEGIN (implicit)
2025-07-25 17:40:13,054 INFO sqlalchemy.engine.Engine SELECT cameras.id, cameras.name, cameras.ip_address, cameras.port, cameras.connection_type, cameras.stream_path, cameras.location, cameras.username, cameras.password, cameras.status, cameras.created_at, cameras.updated_at, cameras.enabled 
FROM cameras 
WHERE cameras.id = ?
2025-07-25 17:40:13,054 INFO sqlalchemy.engine.Engine [cached since 2417s ago] (1,)
2025-07-25 17:40:13,055 INFO sqlalchemy.engine.Engine ROLLBACK
INFO:     127.0.0.1:59758 - "GET /api/v1/streams/status/1 HTTP/1.1" 404 Not Found
2025-07-25 17:40:13,061 INFO sqlalchemy.engine.Engine BEGIN (implicit)
2025-07-25 17:40:13,061 INFO sqlalchemy.engine.Engine SELECT cameras.id, cameras.name, cameras.ip_address, cameras.port, cameras.connection_type, cameras.stream_path, cameras.location, cameras.username, cameras.password, cameras.status, cameras.created_at, cameras.updated_at, cameras.enabled 
FROM cameras 
WHERE cameras.id = ?
2025-07-25 17:40:13,061 INFO sqlalchemy.engine.Engine [cached since 2417s ago] (2,)
2025-07-25 17:40:13,061 INFO sqlalchemy.engine.Engine ROLLBACK
INFO:     127.0.0.1:59758 - "GET /api/v1/streams/status/2 HTTP/1.1" 404 Not Found
2025-07-25 17:40:13,068 INFO sqlalchemy.engine.Engine BEGIN (implicit)
2025-07-25 17:40:13,068 INFO sqlalchemy.engine.Engine SELECT cameras.id, cameras.name, cameras.ip_address, cameras.port, cameras.connection_type, cameras.stream_path, cameras.location, cameras.username, cameras.password, cameras.status, cameras.created_at, cameras.updated_at, cameras.enabled 
FROM cameras 
WHERE cameras.id = ?
2025-07-25 17:40:13,068 INFO sqlalchemy.engine.Engine [cached since 2417s ago] (3,)
2025-07-25 17:40:13,069 INFO sqlalchemy.engine.Engine ROLLBACK
INFO:     127.0.0.1:59758 - "GET /api/v1/streams/status/3 HTTP/1.1" 200 OK
2025-07-25 17:40:13,075 INFO sqlalchemy.engine.Engine BEGIN (implicit)
2025-07-25 17:40:13,075 INFO sqlalchemy.engine.Engine SELECT cameras.id, cameras.name, cameras.ip_address, cameras.port, cameras.connection_type, cameras.stream_path, cameras.location, cameras.username, cameras.password, cameras.status, cameras.created_at, cameras.updated_at, cameras.enabled 
FROM cameras 
WHERE cameras.id = ?
2025-07-25 17:40:13,075 INFO sqlalchemy.engine.Engine [cached since 2417s ago] (4,)
2025-07-25 17:40:13,076 INFO sqlalchemy.engine.Engine ROLLBACK
INFO:     127.0.0.1:59758 - "GET /api/v1/streams/status/4 HTTP/1.1" 200 OK
2025-07-25 17:40:40,145 INFO sqlalchemy.engine.Engine BEGIN (implicit)
2025-07-25 17:40:40,145 INFO sqlalchemy.engine.Engine SELECT cameras.id, cameras.name, cameras.ip_address, cameras.port, cameras.connection_type, cameras.stream_path, cameras.location, cameras.username, cameras.password, cameras.status, cameras.created_at, cameras.updated_at, cameras.enabled 
FROM cameras 
WHERE cameras.id = ?
2025-07-25 17:40:40,145 INFO sqlalchemy.engine.Engine [cached since 2444s ago] (1,)
2025-07-25 17:40:40,145 INFO sqlalchemy.engine.Engine ROLLBACK
INFO:     127.0.0.1:52840 - "GET /api/v1/streams/status/1 HTTP/1.1" 404 Not Found
2025-07-25 17:40:40,150 INFO sqlalchemy.engine.Engine BEGIN (implicit)
2025-07-25 17:40:40,150 INFO sqlalchemy.engine.Engine SELECT cameras.id, cameras.name, cameras.ip_address, cameras.port, cameras.connection_type, cameras.stream_path, cameras.location, cameras.username, cameras.password, cameras.status, cameras.created_at, cameras.updated_at, cameras.enabled 
FROM cameras 
WHERE cameras.id = ?
2025-07-25 17:40:40,151 INFO sqlalchemy.engine.Engine [cached since 2444s ago] (2,)
2025-07-25 17:40:40,151 INFO sqlalchemy.engine.Engine ROLLBACK
INFO:     127.0.0.1:52840 - "GET /api/v1/streams/status/2 HTTP/1.1" 404 Not Found
2025-07-25 17:40:40,156 INFO sqlalchemy.engine.Engine BEGIN (implicit)
2025-07-25 17:40:40,156 INFO sqlalchemy.engine.Engine SELECT cameras.id, cameras.name, cameras.ip_address, cameras.port, cameras.connection_type, cameras.stream_path, cameras.location, cameras.username, cameras.password, cameras.status, cameras.created_at, cameras.updated_at, cameras.enabled 
FROM cameras 
WHERE cameras.id = ?
2025-07-25 17:40:40,156 INFO sqlalchemy.engine.Engine [cached since 2444s ago] (3,)
2025-07-25 17:40:40,156 INFO sqlalchemy.engine.Engine ROLLBACK
INFO:     127.0.0.1:52840 - "GET /api/v1/streams/status/3 HTTP/1.1" 200 OK
2025-07-25 17:40:40,161 INFO sqlalchemy.engine.Engine BEGIN (implicit)
2025-07-25 17:40:40,161 INFO sqlalchemy.engine.Engine SELECT cameras.id, cameras.name, cameras.ip_address, cameras.port, cameras.connection_type, cameras.stream_path, cameras.location, cameras.username, cameras.password, cameras.status, cameras.created_at, cameras.updated_at, cameras.enabled 
FROM cameras 
WHERE cameras.id = ?
2025-07-25 17:40:40,161 INFO sqlalchemy.engine.Engine [cached since 2444s ago] (4,)
2025-07-25 17:40:40,162 INFO sqlalchemy.engine.Engine ROLLBACK
INFO:     127.0.0.1:52840 - "GET /api/v1/streams/status/4 HTTP/1.1" 200 OK
2025-07-25 17:40:43,061 INFO sqlalchemy.engine.Engine BEGIN (implicit)
2025-07-25 17:40:43,061 INFO sqlalchemy.engine.Engine SELECT cameras.id, cameras.name, cameras.ip_address, cameras.port, cameras.connection_type, cameras.stream_path, cameras.location, cameras.username, cameras.password, cameras.status, cameras.created_at, cameras.updated_at, cameras.enabled 
FROM cameras 
WHERE cameras.id = ?
2025-07-25 17:40:43,061 INFO sqlalchemy.engine.Engine [cached since 2447s ago] (1,)
2025-07-25 17:40:43,062 INFO sqlalchemy.engine.Engine ROLLBACK
INFO:     127.0.0.1:52840 - "GET /api/v1/streams/status/1 HTTP/1.1" 404 Not Found
2025-07-25 17:40:43,067 INFO sqlalchemy.engine.Engine BEGIN (implicit)
2025-07-25 17:40:43,067 INFO sqlalchemy.engine.Engine SELECT cameras.id, cameras.name, cameras.ip_address, cameras.port, cameras.connection_type, cameras.stream_path, cameras.location, cameras.username, cameras.password, cameras.status, cameras.created_at, cameras.updated_at, cameras.enabled 
FROM cameras 
WHERE cameras.id = ?
2025-07-25 17:40:43,067 INFO sqlalchemy.engine.Engine [cached since 2447s ago] (2,)
2025-07-25 17:40:43,067 INFO sqlalchemy.engine.Engine ROLLBACK
INFO:     127.0.0.1:52840 - "GET /api/v1/streams/status/2 HTTP/1.1" 404 Not Found
2025-07-25 17:40:43,072 INFO sqlalchemy.engine.Engine BEGIN (implicit)
2025-07-25 17:40:43,072 INFO sqlalchemy.engine.Engine SELECT cameras.id, cameras.name, cameras.ip_address, cameras.port, cameras.connection_type, cameras.stream_path, cameras.location, cameras.username, cameras.password, cameras.status, cameras.created_at, cameras.updated_at, cameras.enabled 
FROM cameras 
WHERE cameras.id = ?
2025-07-25 17:40:43,072 INFO sqlalchemy.engine.Engine [cached since 2447s ago] (3,)
2025-07-25 17:40:43,073 INFO sqlalchemy.engine.Engine ROLLBACK
INFO:     127.0.0.1:52840 - "GET /api/v1/streams/status/3 HTTP/1.1" 200 OK
2025-07-25 17:40:43,086 INFO sqlalchemy.engine.Engine BEGIN (implicit)
2025-07-25 17:40:43,087 INFO sqlalchemy.engine.Engine SELECT cameras.id, cameras.name, cameras.ip_address, cameras.port, cameras.connection_type, cameras.stream_path, cameras.location, cameras.username, cameras.password, cameras.status, cameras.created_at, cameras.updated_at, cameras.enabled 
FROM cameras 
WHERE cameras.id = ?
2025-07-25 17:40:43,087 INFO sqlalchemy.engine.Engine [cached since 2447s ago] (4,)
2025-07-25 17:40:43,087 INFO sqlalchemy.engine.Engine ROLLBACK
INFO:     127.0.0.1:52840 - "GET /api/v1/streams/status/4 HTTP/1.1" 200 OK
2025-07-25 17:41:10,386 INFO sqlalchemy.engine.Engine BEGIN (implicit)
2025-07-25 17:41:10,386 INFO sqlalchemy.engine.Engine SELECT cameras.id, cameras.name, cameras.ip_address, cameras.port, cameras.connection_type, cameras.stream_path, cameras.location, cameras.username, cameras.password, cameras.status, cameras.created_at, cameras.updated_at, cameras.enabled 
FROM cameras 
WHERE cameras.id = ?
2025-07-25 17:41:10,386 INFO sqlalchemy.engine.Engine [cached since 2475s ago] (1,)
2025-07-25 17:41:10,387 INFO sqlalchemy.engine.Engine ROLLBACK
INFO:     127.0.0.1:44740 - "GET /api/v1/streams/status/1 HTTP/1.1" 404 Not Found
2025-07-25 17:41:10,392 INFO sqlalchemy.engine.Engine BEGIN (implicit)
2025-07-25 17:41:10,393 INFO sqlalchemy.engine.Engine SELECT cameras.id, cameras.name, cameras.ip_address, cameras.port, cameras.connection_type, cameras.stream_path, cameras.location, cameras.username, cameras.password, cameras.status, cameras.created_at, cameras.updated_at, cameras.enabled 
FROM cameras 
WHERE cameras.id = ?
2025-07-25 17:41:10,393 INFO sqlalchemy.engine.Engine [cached since 2475s ago] (2,)
2025-07-25 17:41:10,393 INFO sqlalchemy.engine.Engine ROLLBACK
INFO:     127.0.0.1:44740 - "GET /api/v1/streams/status/2 HTTP/1.1" 404 Not Found
2025-07-25 17:41:10,398 INFO sqlalchemy.engine.Engine BEGIN (implicit)
2025-07-25 17:41:10,398 INFO sqlalchemy.engine.Engine SELECT cameras.id, cameras.name, cameras.ip_address, cameras.port, cameras.connection_type, cameras.stream_path, cameras.location, cameras.username, cameras.password, cameras.status, cameras.created_at, cameras.updated_at, cameras.enabled 
FROM cameras 
WHERE cameras.id = ?
2025-07-25 17:41:10,398 INFO sqlalchemy.engine.Engine [cached since 2475s ago] (3,)
2025-07-25 17:41:10,399 INFO sqlalchemy.engine.Engine ROLLBACK
INFO:     127.0.0.1:44740 - "GET /api/v1/streams/status/3 HTTP/1.1" 200 OK
2025-07-25 17:41:10,403 INFO sqlalchemy.engine.Engine BEGIN (implicit)
2025-07-25 17:41:10,403 INFO sqlalchemy.engine.Engine SELECT cameras.id, cameras.name, cameras.ip_address, cameras.port, cameras.connection_type, cameras.stream_path, cameras.location, cameras.username, cameras.password, cameras.status, cameras.created_at, cameras.updated_at, cameras.enabled 
FROM cameras 
WHERE cameras.id = ?
2025-07-25 17:41:10,404 INFO sqlalchemy.engine.Engine [cached since 2475s ago] (4,)
2025-07-25 17:41:10,404 INFO sqlalchemy.engine.Engine ROLLBACK
INFO:     127.0.0.1:44740 - "GET /api/v1/streams/status/4 HTTP/1.1" 200 OK
2025-07-25 17:41:13,068 INFO sqlalchemy.engine.Engine BEGIN (implicit)
2025-07-25 17:41:13,068 INFO sqlalchemy.engine.Engine SELECT cameras.id, cameras.name, cameras.ip_address, cameras.port, cameras.connection_type, cameras.stream_path, cameras.location, cameras.username, cameras.password, cameras.status, cameras.created_at, cameras.updated_at, cameras.enabled 
FROM cameras 
WHERE cameras.id = ?
2025-07-25 17:41:13,068 INFO sqlalchemy.engine.Engine [cached since 2477s ago] (1,)
2025-07-25 17:41:13,069 INFO sqlalchemy.engine.Engine ROLLBACK
INFO:     127.0.0.1:44740 - "GET /api/v1/streams/status/1 HTTP/1.1" 404 Not Found
2025-07-25 17:41:13,073 INFO sqlalchemy.engine.Engine BEGIN (implicit)
2025-07-25 17:41:13,074 INFO sqlalchemy.engine.Engine SELECT cameras.id, cameras.name, cameras.ip_address, cameras.port, cameras.connection_type, cameras.stream_path, cameras.location, cameras.username, cameras.password, cameras.status, cameras.created_at, cameras.updated_at, cameras.enabled 
FROM cameras 
WHERE cameras.id = ?
2025-07-25 17:41:13,074 INFO sqlalchemy.engine.Engine [cached since 2477s ago] (2,)
2025-07-25 17:41:13,074 INFO sqlalchemy.engine.Engine ROLLBACK
INFO:     127.0.0.1:44740 - "GET /api/v1/streams/status/2 HTTP/1.1" 404 Not Found
2025-07-25 17:41:13,079 INFO sqlalchemy.engine.Engine BEGIN (implicit)
2025-07-25 17:41:13,079 INFO sqlalchemy.engine.Engine SELECT cameras.id, cameras.name, cameras.ip_address, cameras.port, cameras.connection_type, cameras.stream_path, cameras.location, cameras.username, cameras.password, cameras.status, cameras.created_at, cameras.updated_at, cameras.enabled 
FROM cameras 
WHERE cameras.id = ?
2025-07-25 17:41:13,079 INFO sqlalchemy.engine.Engine [cached since 2477s ago] (3,)
2025-07-25 17:41:13,079 INFO sqlalchemy.engine.Engine ROLLBACK
INFO:     127.0.0.1:44740 - "GET /api/v1/streams/status/3 HTTP/1.1" 200 OK
2025-07-25 17:41:13,084 INFO sqlalchemy.engine.Engine BEGIN (implicit)
2025-07-25 17:41:13,085 INFO sqlalchemy.engine.Engine SELECT cameras.id, cameras.name, cameras.ip_address, cameras.port, cameras.connection_type, cameras.stream_path, cameras.location, cameras.username, cameras.password, cameras.status, cameras.created_at, cameras.updated_at, cameras.enabled 
FROM cameras 
WHERE cameras.id = ?
2025-07-25 17:41:13,085 INFO sqlalchemy.engine.Engine [cached since 2477s ago] (4,)
2025-07-25 17:41:13,085 INFO sqlalchemy.engine.Engine ROLLBACK
INFO:     127.0.0.1:44740 - "GET /api/v1/streams/status/4 HTTP/1.1" 200 OK
2025-07-25 17:41:40,560 INFO sqlalchemy.engine.Engine BEGIN (implicit)
2025-07-25 17:41:40,560 INFO sqlalchemy.engine.Engine SELECT cameras.id, cameras.name, cameras.ip_address, cameras.port, cameras.connection_type, cameras.stream_path, cameras.location, cameras.username, cameras.password, cameras.status, cameras.created_at, cameras.updated_at, cameras.enabled 
FROM cameras 
WHERE cameras.id = ?
2025-07-25 17:41:40,560 INFO sqlalchemy.engine.Engine [cached since 2505s ago] (1,)
2025-07-25 17:41:40,561 INFO sqlalchemy.engine.Engine ROLLBACK
INFO:     127.0.0.1:43550 - "GET /api/v1/streams/status/1 HTTP/1.1" 404 Not Found
2025-07-25 17:41:40,566 INFO sqlalchemy.engine.Engine BEGIN (implicit)
2025-07-25 17:41:40,566 INFO sqlalchemy.engine.Engine SELECT cameras.id, cameras.name, cameras.ip_address, cameras.port, cameras.connection_type, cameras.stream_path, cameras.location, cameras.username, cameras.password, cameras.status, cameras.created_at, cameras.updated_at, cameras.enabled 
FROM cameras 
WHERE cameras.id = ?
2025-07-25 17:41:40,566 INFO sqlalchemy.engine.Engine [cached since 2505s ago] (2,)
2025-07-25 17:41:40,566 INFO sqlalchemy.engine.Engine ROLLBACK
INFO:     127.0.0.1:43550 - "GET /api/v1/streams/status/2 HTTP/1.1" 404 Not Found
2025-07-25 17:41:40,571 INFO sqlalchemy.engine.Engine BEGIN (implicit)
2025-07-25 17:41:40,571 INFO sqlalchemy.engine.Engine SELECT cameras.id, cameras.name, cameras.ip_address, cameras.port, cameras.connection_type, cameras.stream_path, cameras.location, cameras.username, cameras.password, cameras.status, cameras.created_at, cameras.updated_at, cameras.enabled 
FROM cameras 
WHERE cameras.id = ?
2025-07-25 17:41:40,571 INFO sqlalchemy.engine.Engine [cached since 2505s ago] (3,)
2025-07-25 17:41:40,571 INFO sqlalchemy.engine.Engine ROLLBACK
INFO:     127.0.0.1:43550 - "GET /api/v1/streams/status/3 HTTP/1.1" 200 OK
2025-07-25 17:41:40,576 INFO sqlalchemy.engine.Engine BEGIN (implicit)
2025-07-25 17:41:40,576 INFO sqlalchemy.engine.Engine SELECT cameras.id, cameras.name, cameras.ip_address, cameras.port, cameras.connection_type, cameras.stream_path, cameras.location, cameras.username, cameras.password, cameras.status, cameras.created_at, cameras.updated_at, cameras.enabled 
FROM cameras 
WHERE cameras.id = ?
2025-07-25 17:41:40,576 INFO sqlalchemy.engine.Engine [cached since 2505s ago] (4,)
2025-07-25 17:41:40,577 INFO sqlalchemy.engine.Engine ROLLBACK
INFO:     127.0.0.1:43550 - "GET /api/v1/streams/status/4 HTTP/1.1" 200 OK
2025-07-25 17:41:43,076 INFO sqlalchemy.engine.Engine BEGIN (implicit)
2025-07-25 17:41:43,076 INFO sqlalchemy.engine.Engine SELECT cameras.id, cameras.name, cameras.ip_address, cameras.port, cameras.connection_type, cameras.stream_path, cameras.location, cameras.username, cameras.password, cameras.status, cameras.created_at, cameras.updated_at, cameras.enabled 
FROM cameras 
WHERE cameras.id = ?
2025-07-25 17:41:43,077 INFO sqlalchemy.engine.Engine [cached since 2507s ago] (1,)
2025-07-25 17:41:43,077 INFO sqlalchemy.engine.Engine ROLLBACK
INFO:     127.0.0.1:43550 - "GET /api/v1/streams/status/1 HTTP/1.1" 404 Not Found
2025-07-25 17:41:43,082 INFO sqlalchemy.engine.Engine BEGIN (implicit)
2025-07-25 17:41:43,082 INFO sqlalchemy.engine.Engine SELECT cameras.id, cameras.name, cameras.ip_address, cameras.port, cameras.connection_type, cameras.stream_path, cameras.location, cameras.username, cameras.password, cameras.status, cameras.created_at, cameras.updated_at, cameras.enabled 
FROM cameras 
WHERE cameras.id = ?
2025-07-25 17:41:43,082 INFO sqlalchemy.engine.Engine [cached since 2507s ago] (2,)
2025-07-25 17:41:43,082 INFO sqlalchemy.engine.Engine ROLLBACK
INFO:     127.0.0.1:43550 - "GET /api/v1/streams/status/2 HTTP/1.1" 404 Not Found
2025-07-25 17:41:43,087 INFO sqlalchemy.engine.Engine BEGIN (implicit)
2025-07-25 17:41:43,087 INFO sqlalchemy.engine.Engine SELECT cameras.id, cameras.name, cameras.ip_address, cameras.port, cameras.connection_type, cameras.stream_path, cameras.location, cameras.username, cameras.password, cameras.status, cameras.created_at, cameras.updated_at, cameras.enabled 
FROM cameras 
WHERE cameras.id = ?
2025-07-25 17:41:43,087 INFO sqlalchemy.engine.Engine [cached since 2507s ago] (3,)
2025-07-25 17:41:43,087 INFO sqlalchemy.engine.Engine ROLLBACK
INFO:     127.0.0.1:43550 - "GET /api/v1/streams/status/3 HTTP/1.1" 200 OK
2025-07-25 17:41:43,092 INFO sqlalchemy.engine.Engine BEGIN (implicit)
2025-07-25 17:41:43,092 INFO sqlalchemy.engine.Engine SELECT cameras.id, cameras.name, cameras.ip_address, cameras.port, cameras.connection_type, cameras.stream_path, cameras.location, cameras.username, cameras.password, cameras.status, cameras.created_at, cameras.updated_at, cameras.enabled 
FROM cameras 
WHERE cameras.id = ?
2025-07-25 17:41:43,092 INFO sqlalchemy.engine.Engine [cached since 2507s ago] (4,)
2025-07-25 17:41:43,093 INFO sqlalchemy.engine.Engine ROLLBACK
INFO:     127.0.0.1:43550 - "GET /api/v1/streams/status/4 HTTP/1.1" 200 OK
2025-07-25 17:42:10,818 INFO sqlalchemy.engine.Engine BEGIN (implicit)
2025-07-25 17:42:10,818 INFO sqlalchemy.engine.Engine SELECT cameras.id, cameras.name, cameras.ip_address, cameras.port, cameras.connection_type, cameras.stream_path, cameras.location, cameras.username, cameras.password, cameras.status, cameras.created_at, cameras.updated_at, cameras.enabled 
FROM cameras 
WHERE cameras.id = ?
2025-07-25 17:42:10,818 INFO sqlalchemy.engine.Engine [cached since 2535s ago] (1,)
2025-07-25 17:42:10,818 INFO sqlalchemy.engine.Engine ROLLBACK
INFO:     127.0.0.1:38068 - "GET /api/v1/streams/status/1 HTTP/1.1" 404 Not Found
2025-07-25 17:42:10,823 INFO sqlalchemy.engine.Engine BEGIN (implicit)
2025-07-25 17:42:10,824 INFO sqlalchemy.engine.Engine SELECT cameras.id, cameras.name, cameras.ip_address, cameras.port, cameras.connection_type, cameras.stream_path, cameras.location, cameras.username, cameras.password, cameras.status, cameras.created_at, cameras.updated_at, cameras.enabled 
FROM cameras 
WHERE cameras.id = ?
2025-07-25 17:42:10,824 INFO sqlalchemy.engine.Engine [cached since 2535s ago] (2,)
2025-07-25 17:42:10,824 INFO sqlalchemy.engine.Engine ROLLBACK
INFO:     127.0.0.1:38068 - "GET /api/v1/streams/status/2 HTTP/1.1" 404 Not Found
2025-07-25 17:42:10,828 INFO sqlalchemy.engine.Engine BEGIN (implicit)
2025-07-25 17:42:10,829 INFO sqlalchemy.engine.Engine SELECT cameras.id, cameras.name, cameras.ip_address, cameras.port, cameras.connection_type, cameras.stream_path, cameras.location, cameras.username, cameras.password, cameras.status, cameras.created_at, cameras.updated_at, cameras.enabled 
FROM cameras 
WHERE cameras.id = ?
2025-07-25 17:42:10,829 INFO sqlalchemy.engine.Engine [cached since 2535s ago] (3,)
2025-07-25 17:42:10,829 INFO sqlalchemy.engine.Engine ROLLBACK
INFO:     127.0.0.1:38068 - "GET /api/v1/streams/status/3 HTTP/1.1" 200 OK
2025-07-25 17:42:10,834 INFO sqlalchemy.engine.Engine BEGIN (implicit)
2025-07-25 17:42:10,835 INFO sqlalchemy.engine.Engine SELECT cameras.id, cameras.name, cameras.ip_address, cameras.port, cameras.connection_type, cameras.stream_path, cameras.location, cameras.username, cameras.password, cameras.status, cameras.created_at, cameras.updated_at, cameras.enabled 
FROM cameras 
WHERE cameras.id = ?
2025-07-25 17:42:10,835 INFO sqlalchemy.engine.Engine [cached since 2535s ago] (4,)
2025-07-25 17:42:10,835 INFO sqlalchemy.engine.Engine ROLLBACK
INFO:     127.0.0.1:38068 - "GET /api/v1/streams/status/4 HTTP/1.1" 200 OK
2025-07-25 17:42:13,082 INFO sqlalchemy.engine.Engine BEGIN (implicit)
2025-07-25 17:42:13,082 INFO sqlalchemy.engine.Engine SELECT cameras.id, cameras.name, cameras.ip_address, cameras.port, cameras.connection_type, cameras.stream_path, cameras.location, cameras.username, cameras.password, cameras.status, cameras.created_at, cameras.updated_at, cameras.enabled 
FROM cameras 
WHERE cameras.id = ?
2025-07-25 17:42:13,083 INFO sqlalchemy.engine.Engine [cached since 2537s ago] (1,)
2025-07-25 17:42:13,083 INFO sqlalchemy.engine.Engine ROLLBACK
INFO:     127.0.0.1:38068 - "GET /api/v1/streams/status/1 HTTP/1.1" 404 Not Found
2025-07-25 17:42:13,089 INFO sqlalchemy.engine.Engine BEGIN (implicit)
2025-07-25 17:42:13,089 INFO sqlalchemy.engine.Engine SELECT cameras.id, cameras.name, cameras.ip_address, cameras.port, cameras.connection_type, cameras.stream_path, cameras.location, cameras.username, cameras.password, cameras.status, cameras.created_at, cameras.updated_at, cameras.enabled 
FROM cameras 
WHERE cameras.id = ?
2025-07-25 17:42:13,089 INFO sqlalchemy.engine.Engine [cached since 2537s ago] (2,)
2025-07-25 17:42:13,089 INFO sqlalchemy.engine.Engine ROLLBACK
INFO:     127.0.0.1:38068 - "GET /api/v1/streams/status/2 HTTP/1.1" 404 Not Found
2025-07-25 17:42:13,094 INFO sqlalchemy.engine.Engine BEGIN (implicit)
2025-07-25 17:42:13,094 INFO sqlalchemy.engine.Engine SELECT cameras.id, cameras.name, cameras.ip_address, cameras.port, cameras.connection_type, cameras.stream_path, cameras.location, cameras.username, cameras.password, cameras.status, cameras.created_at, cameras.updated_at, cameras.enabled 
FROM cameras 
WHERE cameras.id = ?
2025-07-25 17:42:13,094 INFO sqlalchemy.engine.Engine [cached since 2537s ago] (3,)
2025-07-25 17:42:13,095 INFO sqlalchemy.engine.Engine ROLLBACK
INFO:     127.0.0.1:38068 - "GET /api/v1/streams/status/3 HTTP/1.1" 200 OK
2025-07-25 17:42:13,100 INFO sqlalchemy.engine.Engine BEGIN (implicit)
2025-07-25 17:42:13,100 INFO sqlalchemy.engine.Engine SELECT cameras.id, cameras.name, cameras.ip_address, cameras.port, cameras.connection_type, cameras.stream_path, cameras.location, cameras.username, cameras.password, cameras.status, cameras.created_at, cameras.updated_at, cameras.enabled 
FROM cameras 
WHERE cameras.id = ?
2025-07-25 17:42:13,100 INFO sqlalchemy.engine.Engine [cached since 2537s ago] (4,)
2025-07-25 17:42:13,101 INFO sqlalchemy.engine.Engine ROLLBACK
INFO:     127.0.0.1:38068 - "GET /api/v1/streams/status/4 HTTP/1.1" 200 OK
2025-07-25 17:42:41,009 INFO sqlalchemy.engine.Engine BEGIN (implicit)
2025-07-25 17:42:41,009 INFO sqlalchemy.engine.Engine SELECT cameras.id, cameras.name, cameras.ip_address, cameras.port, cameras.connection_type, cameras.stream_path, cameras.location, cameras.username, cameras.password, cameras.status, cameras.created_at, cameras.updated_at, cameras.enabled 
FROM cameras 
WHERE cameras.id = ?
2025-07-25 17:42:41,009 INFO sqlalchemy.engine.Engine [cached since 2565s ago] (1,)
2025-07-25 17:42:41,010 INFO sqlalchemy.engine.Engine ROLLBACK
INFO:     127.0.0.1:37180 - "GET /api/v1/streams/status/1 HTTP/1.1" 404 Not Found
2025-07-25 17:42:41,015 INFO sqlalchemy.engine.Engine BEGIN (implicit)
2025-07-25 17:42:41,015 INFO sqlalchemy.engine.Engine SELECT cameras.id, cameras.name, cameras.ip_address, cameras.port, cameras.connection_type, cameras.stream_path, cameras.location, cameras.username, cameras.password, cameras.status, cameras.created_at, cameras.updated_at, cameras.enabled 
FROM cameras 
WHERE cameras.id = ?
2025-07-25 17:42:41,015 INFO sqlalchemy.engine.Engine [cached since 2565s ago] (2,)
2025-07-25 17:42:41,016 INFO sqlalchemy.engine.Engine ROLLBACK
INFO:     127.0.0.1:37180 - "GET /api/v1/streams/status/2 HTTP/1.1" 404 Not Found
2025-07-25 17:42:41,021 INFO sqlalchemy.engine.Engine BEGIN (implicit)
2025-07-25 17:42:41,021 INFO sqlalchemy.engine.Engine SELECT cameras.id, cameras.name, cameras.ip_address, cameras.port, cameras.connection_type, cameras.stream_path, cameras.location, cameras.username, cameras.password, cameras.status, cameras.created_at, cameras.updated_at, cameras.enabled 
FROM cameras 
WHERE cameras.id = ?
2025-07-25 17:42:41,021 INFO sqlalchemy.engine.Engine [cached since 2565s ago] (3,)
2025-07-25 17:42:41,021 INFO sqlalchemy.engine.Engine ROLLBACK
INFO:     127.0.0.1:37180 - "GET /api/v1/streams/status/3 HTTP/1.1" 200 OK
2025-07-25 17:42:41,026 INFO sqlalchemy.engine.Engine BEGIN (implicit)
2025-07-25 17:42:41,026 INFO sqlalchemy.engine.Engine SELECT cameras.id, cameras.name, cameras.ip_address, cameras.port, cameras.connection_type, cameras.stream_path, cameras.location, cameras.username, cameras.password, cameras.status, cameras.created_at, cameras.updated_at, cameras.enabled 
FROM cameras 
WHERE cameras.id = ?
2025-07-25 17:42:41,026 INFO sqlalchemy.engine.Engine [cached since 2565s ago] (4,)
2025-07-25 17:42:41,026 INFO sqlalchemy.engine.Engine ROLLBACK
INFO:     127.0.0.1:37180 - "GET /api/v1/streams/status/4 HTTP/1.1" 200 OK
2025-07-25 17:42:43,092 INFO sqlalchemy.engine.Engine BEGIN (implicit)
2025-07-25 17:42:43,092 INFO sqlalchemy.engine.Engine SELECT cameras.id, cameras.name, cameras.ip_address, cameras.port, cameras.connection_type, cameras.stream_path, cameras.location, cameras.username, cameras.password, cameras.status, cameras.created_at, cameras.updated_at, cameras.enabled 
FROM cameras 
WHERE cameras.id = ?
2025-07-25 17:42:43,092 INFO sqlalchemy.engine.Engine [cached since 2567s ago] (1,)
2025-07-25 17:42:43,093 INFO sqlalchemy.engine.Engine ROLLBACK
INFO:     127.0.0.1:37180 - "GET /api/v1/streams/status/1 HTTP/1.1" 404 Not Found
2025-07-25 17:42:43,097 INFO sqlalchemy.engine.Engine BEGIN (implicit)
2025-07-25 17:42:43,097 INFO sqlalchemy.engine.Engine SELECT cameras.id, cameras.name, cameras.ip_address, cameras.port, cameras.connection_type, cameras.stream_path, cameras.location, cameras.username, cameras.password, cameras.status, cameras.created_at, cameras.updated_at, cameras.enabled 
FROM cameras 
WHERE cameras.id = ?
2025-07-25 17:42:43,097 INFO sqlalchemy.engine.Engine [cached since 2567s ago] (2,)
2025-07-25 17:42:43,098 INFO sqlalchemy.engine.Engine ROLLBACK
INFO:     127.0.0.1:37180 - "GET /api/v1/streams/status/2 HTTP/1.1" 404 Not Found
2025-07-25 17:42:43,102 INFO sqlalchemy.engine.Engine BEGIN (implicit)
2025-07-25 17:42:43,102 INFO sqlalchemy.engine.Engine SELECT cameras.id, cameras.name, cameras.ip_address, cameras.port, cameras.connection_type, cameras.stream_path, cameras.location, cameras.username, cameras.password, cameras.status, cameras.created_at, cameras.updated_at, cameras.enabled 
FROM cameras 
WHERE cameras.id = ?
2025-07-25 17:42:43,102 INFO sqlalchemy.engine.Engine [cached since 2567s ago] (3,)
2025-07-25 17:42:43,103 INFO sqlalchemy.engine.Engine ROLLBACK
INFO:     127.0.0.1:37180 - "GET /api/v1/streams/status/3 HTTP/1.1" 200 OK
2025-07-25 17:42:43,108 INFO sqlalchemy.engine.Engine BEGIN (implicit)
2025-07-25 17:42:43,108 INFO sqlalchemy.engine.Engine SELECT cameras.id, cameras.name, cameras.ip_address, cameras.port, cameras.connection_type, cameras.stream_path, cameras.location, cameras.username, cameras.password, cameras.status, cameras.created_at, cameras.updated_at, cameras.enabled 
FROM cameras 
WHERE cameras.id = ?
2025-07-25 17:42:43,108 INFO sqlalchemy.engine.Engine [cached since 2567s ago] (4,)
2025-07-25 17:42:43,108 INFO sqlalchemy.engine.Engine ROLLBACK
INFO:     127.0.0.1:37180 - "GET /api/v1/streams/status/4 HTTP/1.1" 200 OK
2025-07-25 17:43:11,233 INFO sqlalchemy.engine.Engine BEGIN (implicit)
2025-07-25 17:43:11,233 INFO sqlalchemy.engine.Engine SELECT cameras.id, cameras.name, cameras.ip_address, cameras.port, cameras.connection_type, cameras.stream_path, cameras.location, cameras.username, cameras.password, cameras.status, cameras.created_at, cameras.updated_at, cameras.enabled 
FROM cameras 
WHERE cameras.id = ?
2025-07-25 17:43:11,233 INFO sqlalchemy.engine.Engine [cached since 2595s ago] (1,)
2025-07-25 17:43:11,234 INFO sqlalchemy.engine.Engine ROLLBACK
INFO:     127.0.0.1:44614 - "GET /api/v1/streams/status/1 HTTP/1.1" 404 Not Found
2025-07-25 17:43:11,239 INFO sqlalchemy.engine.Engine BEGIN (implicit)
2025-07-25 17:43:11,240 INFO sqlalchemy.engine.Engine SELECT cameras.id, cameras.name, cameras.ip_address, cameras.port, cameras.connection_type, cameras.stream_path, cameras.location, cameras.username, cameras.password, cameras.status, cameras.created_at, cameras.updated_at, cameras.enabled 
FROM cameras 
WHERE cameras.id = ?
2025-07-25 17:43:11,240 INFO sqlalchemy.engine.Engine [cached since 2595s ago] (2,)
2025-07-25 17:43:11,240 INFO sqlalchemy.engine.Engine ROLLBACK
INFO:     127.0.0.1:44614 - "GET /api/v1/streams/status/2 HTTP/1.1" 404 Not Found
2025-07-25 17:43:11,245 INFO sqlalchemy.engine.Engine BEGIN (implicit)
2025-07-25 17:43:11,245 INFO sqlalchemy.engine.Engine SELECT cameras.id, cameras.name, cameras.ip_address, cameras.port, cameras.connection_type, cameras.stream_path, cameras.location, cameras.username, cameras.password, cameras.status, cameras.created_at, cameras.updated_at, cameras.enabled 
FROM cameras 
WHERE cameras.id = ?
2025-07-25 17:43:11,245 INFO sqlalchemy.engine.Engine [cached since 2595s ago] (3,)
2025-07-25 17:43:11,245 INFO sqlalchemy.engine.Engine ROLLBACK
INFO:     127.0.0.1:44614 - "GET /api/v1/streams/status/3 HTTP/1.1" 200 OK
2025-07-25 17:43:11,250 INFO sqlalchemy.engine.Engine BEGIN (implicit)
2025-07-25 17:43:11,250 INFO sqlalchemy.engine.Engine SELECT cameras.id, cameras.name, cameras.ip_address, cameras.port, cameras.connection_type, cameras.stream_path, cameras.location, cameras.username, cameras.password, cameras.status, cameras.created_at, cameras.updated_at, cameras.enabled 
FROM cameras 
WHERE cameras.id = ?
2025-07-25 17:43:11,250 INFO sqlalchemy.engine.Engine [cached since 2595s ago] (4,)
2025-07-25 17:43:11,251 INFO sqlalchemy.engine.Engine ROLLBACK
INFO:     127.0.0.1:44614 - "GET /api/v1/streams/status/4 HTTP/1.1" 200 OK
2025-07-25 17:43:13,099 INFO sqlalchemy.engine.Engine BEGIN (implicit)
2025-07-25 17:43:13,100 INFO sqlalchemy.engine.Engine SELECT cameras.id, cameras.name, cameras.ip_address, cameras.port, cameras.connection_type, cameras.stream_path, cameras.location, cameras.username, cameras.password, cameras.status, cameras.created_at, cameras.updated_at, cameras.enabled 
FROM cameras 
WHERE cameras.id = ?
2025-07-25 17:43:13,100 INFO sqlalchemy.engine.Engine [cached since 2597s ago] (1,)
2025-07-25 17:43:13,100 INFO sqlalchemy.engine.Engine ROLLBACK
INFO:     127.0.0.1:44614 - "GET /api/v1/streams/status/1 HTTP/1.1" 404 Not Found
2025-07-25 17:43:13,105 INFO sqlalchemy.engine.Engine BEGIN (implicit)
2025-07-25 17:43:13,105 INFO sqlalchemy.engine.Engine SELECT cameras.id, cameras.name, cameras.ip_address, cameras.port, cameras.connection_type, cameras.stream_path, cameras.location, cameras.username, cameras.password, cameras.status, cameras.created_at, cameras.updated_at, cameras.enabled 
FROM cameras 
WHERE cameras.id = ?
2025-07-25 17:43:13,105 INFO sqlalchemy.engine.Engine [cached since 2597s ago] (2,)
2025-07-25 17:43:13,106 INFO sqlalchemy.engine.Engine ROLLBACK
INFO:     127.0.0.1:44614 - "GET /api/v1/streams/status/2 HTTP/1.1" 404 Not Found
2025-07-25 17:43:13,112 INFO sqlalchemy.engine.Engine BEGIN (implicit)
2025-07-25 17:43:13,112 INFO sqlalchemy.engine.Engine SELECT cameras.id, cameras.name, cameras.ip_address, cameras.port, cameras.connection_type, cameras.stream_path, cameras.location, cameras.username, cameras.password, cameras.status, cameras.created_at, cameras.updated_at, cameras.enabled 
FROM cameras 
WHERE cameras.id = ?
2025-07-25 17:43:13,112 INFO sqlalchemy.engine.Engine [cached since 2597s ago] (3,)
2025-07-25 17:43:13,113 INFO sqlalchemy.engine.Engine ROLLBACK
INFO:     127.0.0.1:44614 - "GET /api/v1/streams/status/3 HTTP/1.1" 200 OK
2025-07-25 17:43:13,118 INFO sqlalchemy.engine.Engine BEGIN (implicit)
2025-07-25 17:43:13,118 INFO sqlalchemy.engine.Engine SELECT cameras.id, cameras.name, cameras.ip_address, cameras.port, cameras.connection_type, cameras.stream_path, cameras.location, cameras.username, cameras.password, cameras.status, cameras.created_at, cameras.updated_at, cameras.enabled 
FROM cameras 
WHERE cameras.id = ?
2025-07-25 17:43:13,118 INFO sqlalchemy.engine.Engine [cached since 2597s ago] (4,)
2025-07-25 17:43:13,119 INFO sqlalchemy.engine.Engine ROLLBACK
INFO:     127.0.0.1:44614 - "GET /api/v1/streams/status/4 HTTP/1.1" 200 OK
2025-07-25 17:43:41,392 INFO sqlalchemy.engine.Engine BEGIN (implicit)
2025-07-25 17:43:41,392 INFO sqlalchemy.engine.Engine SELECT cameras.id, cameras.name, cameras.ip_address, cameras.port, cameras.connection_type, cameras.stream_path, cameras.location, cameras.username, cameras.password, cameras.status, cameras.created_at, cameras.updated_at, cameras.enabled 
FROM cameras 
WHERE cameras.id = ?
2025-07-25 17:43:41,392 INFO sqlalchemy.engine.Engine [cached since 2626s ago] (1,)
2025-07-25 17:43:41,393 INFO sqlalchemy.engine.Engine ROLLBACK
INFO:     127.0.0.1:52754 - "GET /api/v1/streams/status/1 HTTP/1.1" 404 Not Found
2025-07-25 17:43:41,398 INFO sqlalchemy.engine.Engine BEGIN (implicit)
2025-07-25 17:43:41,398 INFO sqlalchemy.engine.Engine SELECT cameras.id, cameras.name, cameras.ip_address, cameras.port, cameras.connection_type, cameras.stream_path, cameras.location, cameras.username, cameras.password, cameras.status, cameras.created_at, cameras.updated_at, cameras.enabled 
FROM cameras 
WHERE cameras.id = ?
2025-07-25 17:43:41,398 INFO sqlalchemy.engine.Engine [cached since 2626s ago] (2,)
2025-07-25 17:43:41,398 INFO sqlalchemy.engine.Engine ROLLBACK
INFO:     127.0.0.1:52754 - "GET /api/v1/streams/status/2 HTTP/1.1" 404 Not Found
2025-07-25 17:43:41,403 INFO sqlalchemy.engine.Engine BEGIN (implicit)
2025-07-25 17:43:41,403 INFO sqlalchemy.engine.Engine SELECT cameras.id, cameras.name, cameras.ip_address, cameras.port, cameras.connection_type, cameras.stream_path, cameras.location, cameras.username, cameras.password, cameras.status, cameras.created_at, cameras.updated_at, cameras.enabled 
FROM cameras 
WHERE cameras.id = ?
2025-07-25 17:43:41,403 INFO sqlalchemy.engine.Engine [cached since 2626s ago] (3,)
2025-07-25 17:43:41,404 INFO sqlalchemy.engine.Engine ROLLBACK
INFO:     127.0.0.1:52754 - "GET /api/v1/streams/status/3 HTTP/1.1" 200 OK
2025-07-25 17:43:41,409 INFO sqlalchemy.engine.Engine BEGIN (implicit)
2025-07-25 17:43:41,409 INFO sqlalchemy.engine.Engine SELECT cameras.id, cameras.name, cameras.ip_address, cameras.port, cameras.connection_type, cameras.stream_path, cameras.location, cameras.username, cameras.password, cameras.status, cameras.created_at, cameras.updated_at, cameras.enabled 
FROM cameras 
WHERE cameras.id = ?
2025-07-25 17:43:41,409 INFO sqlalchemy.engine.Engine [cached since 2626s ago] (4,)
2025-07-25 17:43:41,409 INFO sqlalchemy.engine.Engine ROLLBACK
INFO:     127.0.0.1:52754 - "GET /api/v1/streams/status/4 HTTP/1.1" 200 OK
2025-07-25 17:43:43,107 INFO sqlalchemy.engine.Engine BEGIN (implicit)
2025-07-25 17:43:43,107 INFO sqlalchemy.engine.Engine SELECT cameras.id, cameras.name, cameras.ip_address, cameras.port, cameras.connection_type, cameras.stream_path, cameras.location, cameras.username, cameras.password, cameras.status, cameras.created_at, cameras.updated_at, cameras.enabled 
FROM cameras 
WHERE cameras.id = ?
2025-07-25 17:43:43,107 INFO sqlalchemy.engine.Engine [cached since 2627s ago] (1,)
2025-07-25 17:43:43,108 INFO sqlalchemy.engine.Engine ROLLBACK
INFO:     127.0.0.1:52754 - "GET /api/v1/streams/status/1 HTTP/1.1" 404 Not Found
2025-07-25 17:43:43,113 INFO sqlalchemy.engine.Engine BEGIN (implicit)
2025-07-25 17:43:43,113 INFO sqlalchemy.engine.Engine SELECT cameras.id, cameras.name, cameras.ip_address, cameras.port, cameras.connection_type, cameras.stream_path, cameras.location, cameras.username, cameras.password, cameras.status, cameras.created_at, cameras.updated_at, cameras.enabled 
FROM cameras 
WHERE cameras.id = ?
2025-07-25 17:43:43,113 INFO sqlalchemy.engine.Engine [cached since 2627s ago] (2,)
2025-07-25 17:43:43,114 INFO sqlalchemy.engine.Engine ROLLBACK
INFO:     127.0.0.1:52754 - "GET /api/v1/streams/status/2 HTTP/1.1" 404 Not Found
2025-07-25 17:43:43,118 INFO sqlalchemy.engine.Engine BEGIN (implicit)
2025-07-25 17:43:43,118 INFO sqlalchemy.engine.Engine SELECT cameras.id, cameras.name, cameras.ip_address, cameras.port, cameras.connection_type, cameras.stream_path, cameras.location, cameras.username, cameras.password, cameras.status, cameras.created_at, cameras.updated_at, cameras.enabled 
FROM cameras 
WHERE cameras.id = ?
2025-07-25 17:43:43,118 INFO sqlalchemy.engine.Engine [cached since 2627s ago] (3,)
2025-07-25 17:43:43,119 INFO sqlalchemy.engine.Engine ROLLBACK
INFO:     127.0.0.1:52754 - "GET /api/v1/streams/status/3 HTTP/1.1" 200 OK
2025-07-25 17:43:43,124 INFO sqlalchemy.engine.Engine BEGIN (implicit)
2025-07-25 17:43:43,124 INFO sqlalchemy.engine.Engine SELECT cameras.id, cameras.name, cameras.ip_address, cameras.port, cameras.connection_type, cameras.stream_path, cameras.location, cameras.username, cameras.password, cameras.status, cameras.created_at, cameras.updated_at, cameras.enabled 
FROM cameras 
WHERE cameras.id = ?
2025-07-25 17:43:43,124 INFO sqlalchemy.engine.Engine [cached since 2627s ago] (4,)
2025-07-25 17:43:43,125 INFO sqlalchemy.engine.Engine ROLLBACK
INFO:     127.0.0.1:52754 - "GET /api/v1/streams/status/4 HTTP/1.1" 200 OK
2025-07-25 17:44:11,583 INFO sqlalchemy.engine.Engine BEGIN (implicit)
2025-07-25 17:44:11,583 INFO sqlalchemy.engine.Engine SELECT cameras.id, cameras.name, cameras.ip_address, cameras.port, cameras.connection_type, cameras.stream_path, cameras.location, cameras.username, cameras.password, cameras.status, cameras.created_at, cameras.updated_at, cameras.enabled 
FROM cameras 
WHERE cameras.id = ?
2025-07-25 17:44:11,583 INFO sqlalchemy.engine.Engine [cached since 2656s ago] (1,)
2025-07-25 17:44:11,583 INFO sqlalchemy.engine.Engine ROLLBACK
INFO:     127.0.0.1:46140 - "GET /api/v1/streams/status/1 HTTP/1.1" 404 Not Found
2025-07-25 17:44:11,588 INFO sqlalchemy.engine.Engine BEGIN (implicit)
2025-07-25 17:44:11,589 INFO sqlalchemy.engine.Engine SELECT cameras.id, cameras.name, cameras.ip_address, cameras.port, cameras.connection_type, cameras.stream_path, cameras.location, cameras.username, cameras.password, cameras.status, cameras.created_at, cameras.updated_at, cameras.enabled 
FROM cameras 
WHERE cameras.id = ?
2025-07-25 17:44:11,589 INFO sqlalchemy.engine.Engine [cached since 2656s ago] (2,)
2025-07-25 17:44:11,589 INFO sqlalchemy.engine.Engine ROLLBACK
INFO:     127.0.0.1:46140 - "GET /api/v1/streams/status/2 HTTP/1.1" 404 Not Found
2025-07-25 17:44:11,594 INFO sqlalchemy.engine.Engine BEGIN (implicit)
2025-07-25 17:44:11,594 INFO sqlalchemy.engine.Engine SELECT cameras.id, cameras.name, cameras.ip_address, cameras.port, cameras.connection_type, cameras.stream_path, cameras.location, cameras.username, cameras.password, cameras.status, cameras.created_at, cameras.updated_at, cameras.enabled 
FROM cameras 
WHERE cameras.id = ?
2025-07-25 17:44:11,594 INFO sqlalchemy.engine.Engine [cached since 2656s ago] (3,)
2025-07-25 17:44:11,595 INFO sqlalchemy.engine.Engine ROLLBACK
INFO:     127.0.0.1:46140 - "GET /api/v1/streams/status/3 HTTP/1.1" 200 OK
2025-07-25 17:44:11,599 INFO sqlalchemy.engine.Engine BEGIN (implicit)
2025-07-25 17:44:11,599 INFO sqlalchemy.engine.Engine SELECT cameras.id, cameras.name, cameras.ip_address, cameras.port, cameras.connection_type, cameras.stream_path, cameras.location, cameras.username, cameras.password, cameras.status, cameras.created_at, cameras.updated_at, cameras.enabled 
FROM cameras 
WHERE cameras.id = ?
2025-07-25 17:44:11,599 INFO sqlalchemy.engine.Engine [cached since 2656s ago] (4,)
2025-07-25 17:44:11,600 INFO sqlalchemy.engine.Engine ROLLBACK
INFO:     127.0.0.1:46140 - "GET /api/v1/streams/status/4 HTTP/1.1" 200 OK
2025-07-25 17:44:13,117 INFO sqlalchemy.engine.Engine BEGIN (implicit)
2025-07-25 17:44:13,117 INFO sqlalchemy.engine.Engine SELECT cameras.id, cameras.name, cameras.ip_address, cameras.port, cameras.connection_type, cameras.stream_path, cameras.location, cameras.username, cameras.password, cameras.status, cameras.created_at, cameras.updated_at, cameras.enabled 
FROM cameras 
WHERE cameras.id = ?
2025-07-25 17:44:13,117 INFO sqlalchemy.engine.Engine [cached since 2657s ago] (1,)
2025-07-25 17:44:13,118 INFO sqlalchemy.engine.Engine ROLLBACK
INFO:     127.0.0.1:46140 - "GET /api/v1/streams/status/1 HTTP/1.1" 404 Not Found
2025-07-25 17:44:13,124 INFO sqlalchemy.engine.Engine BEGIN (implicit)
2025-07-25 17:44:13,124 INFO sqlalchemy.engine.Engine SELECT cameras.id, cameras.name, cameras.ip_address, cameras.port, cameras.connection_type, cameras.stream_path, cameras.location, cameras.username, cameras.password, cameras.status, cameras.created_at, cameras.updated_at, cameras.enabled 
FROM cameras 
WHERE cameras.id = ?
2025-07-25 17:44:13,124 INFO sqlalchemy.engine.Engine [cached since 2657s ago] (2,)
2025-07-25 17:44:13,125 INFO sqlalchemy.engine.Engine ROLLBACK
INFO:     127.0.0.1:46140 - "GET /api/v1/streams/status/2 HTTP/1.1" 404 Not Found
2025-07-25 17:44:13,132 INFO sqlalchemy.engine.Engine BEGIN (implicit)
2025-07-25 17:44:13,132 INFO sqlalchemy.engine.Engine SELECT cameras.id, cameras.name, cameras.ip_address, cameras.port, cameras.connection_type, cameras.stream_path, cameras.location, cameras.username, cameras.password, cameras.status, cameras.created_at, cameras.updated_at, cameras.enabled 
FROM cameras 
WHERE cameras.id = ?
2025-07-25 17:44:13,132 INFO sqlalchemy.engine.Engine [cached since 2657s ago] (3,)
2025-07-25 17:44:13,133 INFO sqlalchemy.engine.Engine ROLLBACK
INFO:     127.0.0.1:46140 - "GET /api/v1/streams/status/3 HTTP/1.1" 200 OK
2025-07-25 17:44:13,139 INFO sqlalchemy.engine.Engine BEGIN (implicit)
2025-07-25 17:44:13,139 INFO sqlalchemy.engine.Engine SELECT cameras.id, cameras.name, cameras.ip_address, cameras.port, cameras.connection_type, cameras.stream_path, cameras.location, cameras.username, cameras.password, cameras.status, cameras.created_at, cameras.updated_at, cameras.enabled 
FROM cameras 
WHERE cameras.id = ?
2025-07-25 17:44:13,139 INFO sqlalchemy.engine.Engine [cached since 2657s ago] (4,)
2025-07-25 17:44:13,139 INFO sqlalchemy.engine.Engine ROLLBACK
INFO:     127.0.0.1:46140 - "GET /api/v1/streams/status/4 HTTP/1.1" 200 OK
2025-07-25 17:44:41,243 INFO sqlalchemy.engine.Engine BEGIN (implicit)
2025-07-25 17:44:41,243 INFO sqlalchemy.engine.Engine SELECT cameras.id, cameras.name, cameras.ip_address, cameras.port, cameras.connection_type, cameras.stream_path, cameras.location, cameras.username, cameras.password, cameras.status, cameras.created_at, cameras.updated_at, cameras.enabled 
FROM cameras ORDER BY cameras.created_at DESC
 LIMIT ? OFFSET ?
2025-07-25 17:44:41,243 INFO sqlalchemy.engine.Engine [cached since 2685s ago] (100, 0)
2025-07-25 17:44:41,244 INFO sqlalchemy.engine.Engine SELECT cameras.id, cameras.name, cameras.ip_address, cameras.port, cameras.connection_type, cameras.stream_path, cameras.location, cameras.username, cameras.password, cameras.status, cameras.created_at, cameras.updated_at, cameras.enabled 
FROM cameras
2025-07-25 17:44:41,244 INFO sqlalchemy.engine.Engine [cached since 2685s ago] ()
2025-07-25 17:44:41,245 INFO sqlalchemy.engine.Engine ROLLBACK
INFO:     127.0.0.1:51520 - "GET /api/v1/cameras/ HTTP/1.1" 200 OK
2025-07-25 17:44:41,259 INFO sqlalchemy.engine.Engine BEGIN (implicit)
2025-07-25 17:44:41,259 INFO sqlalchemy.engine.Engine SELECT cameras.id, cameras.name, cameras.ip_address, cameras.port, cameras.connection_type, cameras.stream_path, cameras.location, cameras.username, cameras.password, cameras.status, cameras.created_at, cameras.updated_at, cameras.enabled 
FROM cameras 
WHERE cameras.id = ?
2025-07-25 17:44:41,259 INFO sqlalchemy.engine.Engine [cached since 2685s ago] (4,)
2025-07-25 17:44:41,260 INFO sqlalchemy.engine.Engine ROLLBACK
INFO:     127.0.0.1:51520 - "GET /api/v1/streams/status/4 HTTP/1.1" 200 OK
2025-07-25 17:44:41,300 INFO sqlalchemy.engine.Engine BEGIN (implicit)
2025-07-25 17:44:41,301 INFO sqlalchemy.engine.Engine SELECT cameras.id, cameras.name, cameras.ip_address, cameras.port, cameras.connection_type, cameras.stream_path, cameras.location, cameras.username, cameras.password, cameras.status, cameras.created_at, cameras.updated_at, cameras.enabled 
FROM cameras 
WHERE cameras.id = ?
2025-07-25 17:44:41,301 INFO sqlalchemy.engine.Engine [cached since 2686s ago] (3,)
2025-07-25 17:44:41,302 INFO sqlalchemy.engine.Engine ROLLBACK
INFO:     127.0.0.1:51520 - "GET /api/v1/streams/status/3 HTTP/1.1" 200 OK
2025-07-25 17:44:41,380 INFO sqlalchemy.engine.Engine BEGIN (implicit)
2025-07-25 17:44:41,380 INFO sqlalchemy.engine.Engine SELECT cameras.id, cameras.name, cameras.ip_address, cameras.port, cameras.connection_type, cameras.stream_path, cameras.location, cameras.username, cameras.password, cameras.status, cameras.created_at, cameras.updated_at, cameras.enabled 
FROM cameras 
WHERE cameras.id = ?
2025-07-25 17:44:41,380 INFO sqlalchemy.engine.Engine [cached since 2686s ago] (4,)
2025-07-25 17:44:41,381 INFO sqlalchemy.engine.Engine BEGIN (implicit)
2025-07-25 17:44:41,381 INFO sqlalchemy.engine.Engine SELECT cameras.id, cameras.name, cameras.ip_address, cameras.port, cameras.connection_type, cameras.stream_path, cameras.location, cameras.username, cameras.password, cameras.status, cameras.created_at, cameras.updated_at, cameras.enabled 
FROM cameras 
WHERE cameras.id = ?
2025-07-25 17:44:41,381 INFO sqlalchemy.engine.Engine [cached since 2686s ago] (3,)
2025-07-25 17:44:41,758 INFO sqlalchemy.engine.Engine BEGIN (implicit)
2025-07-25 17:44:41,758 INFO sqlalchemy.engine.Engine SELECT cameras.id, cameras.name, cameras.ip_address, cameras.port, cameras.connection_type, cameras.stream_path, cameras.location, cameras.username, cameras.password, cameras.status, cameras.created_at, cameras.updated_at, cameras.enabled 
FROM cameras ORDER BY cameras.created_at DESC
 LIMIT ? OFFSET ?
2025-07-25 17:44:41,758 INFO sqlalchemy.engine.Engine [cached since 2686s ago] (100, 0)
2025-07-25 17:44:41,759 INFO sqlalchemy.engine.Engine SELECT cameras.id, cameras.name, cameras.ip_address, cameras.port, cameras.connection_type, cameras.stream_path, cameras.location, cameras.username, cameras.password, cameras.status, cameras.created_at, cameras.updated_at, cameras.enabled 
FROM cameras
2025-07-25 17:44:41,759 INFO sqlalchemy.engine.Engine [cached since 2686s ago] ()
2025-07-25 17:44:41,760 INFO sqlalchemy.engine.Engine ROLLBACK
INFO:     127.0.0.1:51520 - "GET /api/v1/cameras/ HTTP/1.1" 200 OK
2025-07-25 17:44:41,796 INFO sqlalchemy.engine.Engine BEGIN (implicit)
2025-07-25 17:44:41,796 INFO sqlalchemy.engine.Engine SELECT cameras.id, cameras.name, cameras.ip_address, cameras.port, cameras.connection_type, cameras.stream_path, cameras.location, cameras.username, cameras.password, cameras.status, cameras.created_at, cameras.updated_at, cameras.enabled 
FROM cameras 
WHERE cameras.id = ?
2025-07-25 17:44:41,796 INFO sqlalchemy.engine.Engine [cached since 2686s ago] (4,)
2025-07-25 17:44:41,797 INFO sqlalchemy.engine.Engine BEGIN (implicit)
2025-07-25 17:44:41,797 INFO sqlalchemy.engine.Engine SELECT cameras.id, cameras.name, cameras.ip_address, cameras.port, cameras.connection_type, cameras.stream_path, cameras.location, cameras.username, cameras.password, cameras.status, cameras.created_at, cameras.updated_at, cameras.enabled 
FROM cameras 
WHERE cameras.id = ?
2025-07-25 17:44:41,797 INFO sqlalchemy.engine.Engine [cached since 2686s ago] (3,)
2025-07-25 17:44:41,925 INFO sqlalchemy.engine.Engine BEGIN (implicit)
2025-07-25 17:44:41,925 INFO sqlalchemy.engine.Engine SELECT cameras.id, cameras.name, cameras.ip_address, cameras.port, cameras.connection_type, cameras.stream_path, cameras.location, cameras.username, cameras.password, cameras.status, cameras.created_at, cameras.updated_at, cameras.enabled 
FROM cameras 
WHERE cameras.id = ?
2025-07-25 17:44:41,925 INFO sqlalchemy.engine.Engine [cached since 2686s ago] (1,)
2025-07-25 17:44:41,926 INFO sqlalchemy.engine.Engine ROLLBACK
INFO:     127.0.0.1:51520 - "GET /api/v1/streams/status/1 HTTP/1.1" 404 Not Found
2025-07-25 17:44:41,931 INFO sqlalchemy.engine.Engine BEGIN (implicit)
2025-07-25 17:44:41,931 INFO sqlalchemy.engine.Engine SELECT cameras.id, cameras.name, cameras.ip_address, cameras.port, cameras.connection_type, cameras.stream_path, cameras.location, cameras.username, cameras.password, cameras.status, cameras.created_at, cameras.updated_at, cameras.enabled 
FROM cameras 
WHERE cameras.id = ?
2025-07-25 17:44:41,931 INFO sqlalchemy.engine.Engine [cached since 2686s ago] (2,)
2025-07-25 17:44:41,931 INFO sqlalchemy.engine.Engine ROLLBACK
INFO:     127.0.0.1:51520 - "GET /api/v1/streams/status/2 HTTP/1.1" 404 Not Found
2025-07-25 17:44:41,939 INFO sqlalchemy.engine.Engine BEGIN (implicit)
2025-07-25 17:44:41,939 INFO sqlalchemy.engine.Engine SELECT cameras.id, cameras.name, cameras.ip_address, cameras.port, cameras.connection_type, cameras.stream_path, cameras.location, cameras.username, cameras.password, cameras.status, cameras.created_at, cameras.updated_at, cameras.enabled 
FROM cameras 
WHERE cameras.id = ?
2025-07-25 17:44:41,939 INFO sqlalchemy.engine.Engine [cached since 2686s ago] (3,)
2025-07-25 17:44:41,940 INFO sqlalchemy.engine.Engine ROLLBACK
INFO:     127.0.0.1:51520 - "GET /api/v1/streams/status/3 HTTP/1.1" 200 OK
2025-07-25 17:44:41,945 INFO sqlalchemy.engine.Engine BEGIN (implicit)
2025-07-25 17:44:41,945 INFO sqlalchemy.engine.Engine SELECT cameras.id, cameras.name, cameras.ip_address, cameras.port, cameras.connection_type, cameras.stream_path, cameras.location, cameras.username, cameras.password, cameras.status, cameras.created_at, cameras.updated_at, cameras.enabled 
FROM cameras 
WHERE cameras.id = ?
2025-07-25 17:44:41,945 INFO sqlalchemy.engine.Engine [cached since 2686s ago] (4,)
2025-07-25 17:44:41,946 INFO sqlalchemy.engine.Engine ROLLBACK
INFO:     127.0.0.1:51520 - "GET /api/v1/streams/status/4 HTTP/1.1" 200 OK
[tcp @ 0x75787c390300] Connection to tcp://192.168.1.205:80 failed: No route to host
Failed to open camera stream: http://192.168.1.205:80/mjpeg
2025-07-25 17:44:44,454 INFO sqlalchemy.engine.Engine SELECT cameras.id, cameras.name, cameras.ip_address, cameras.port, cameras.connection_type, cameras.stream_path, cameras.location, cameras.username, cameras.password, cameras.status, cameras.created_at, cameras.updated_at, cameras.enabled 
FROM cameras 
WHERE cameras.id = ?
2025-07-25 17:44:44,455 INFO sqlalchemy.engine.Engine [cached since 2689s ago] (4,)
2025-07-25 17:44:44,455 INFO sqlalchemy.engine.Engine UPDATE cameras SET updated_at=? WHERE cameras.id = ?
2025-07-25 17:44:44,455 INFO sqlalchemy.engine.Engine [cached since 2686s ago] ('2025-07-25 22:44:44.455501', 4)
2025-07-25 17:44:44,456 INFO sqlalchemy.engine.Engine COMMIT
2025-07-25 17:44:44,466 INFO sqlalchemy.engine.Engine BEGIN (implicit)
2025-07-25 17:44:44,466 INFO sqlalchemy.engine.Engine SELECT cameras.id, cameras.name, cameras.ip_address, cameras.port, cameras.connection_type, cameras.stream_path, cameras.location, cameras.username, cameras.password, cameras.status, cameras.created_at, cameras.updated_at, cameras.enabled 
FROM cameras 
WHERE cameras.id = ?
2025-07-25 17:44:44,466 INFO sqlalchemy.engine.Engine [cached since 2686s ago] (4,)
Error getting thumbnail for camera 4: 503: Failed to capture frame from camera
2025-07-25 17:44:44,467 INFO sqlalchemy.engine.Engine SELECT cameras.id, cameras.name, cameras.ip_address, cameras.port, cameras.connection_type, cameras.stream_path, cameras.location, cameras.username, cameras.password, cameras.status, cameras.created_at, cameras.updated_at, cameras.enabled 
FROM cameras 
WHERE cameras.id = ?
2025-07-25 17:44:44,467 INFO sqlalchemy.engine.Engine [cached since 2689s ago] (4,)
2025-07-25 17:44:44,467 INFO sqlalchemy.engine.Engine UPDATE cameras SET updated_at=? WHERE cameras.id = ?
2025-07-25 17:44:44,467 INFO sqlalchemy.engine.Engine [cached since 2686s ago] ('2025-07-25 22:44:44.467745', 4)
2025-07-25 17:44:44,468 INFO sqlalchemy.engine.Engine COMMIT
2025-07-25 17:44:44,477 INFO sqlalchemy.engine.Engine BEGIN (implicit)
2025-07-25 17:44:44,477 INFO sqlalchemy.engine.Engine SELECT cameras.id, cameras.name, cameras.ip_address, cameras.port, cameras.connection_type, cameras.stream_path, cameras.location, cameras.username, cameras.password, cameras.status, cameras.created_at, cameras.updated_at, cameras.enabled 
FROM cameras 
WHERE cameras.id = ?
2025-07-25 17:44:44,477 INFO sqlalchemy.engine.Engine [cached since 2686s ago] (4,)
2025-07-25 17:44:44,477 INFO sqlalchemy.engine.Engine ROLLBACK
INFO:     127.0.0.1:51526 - "GET /stream/thumbnail/4?t=1753483481370 HTTP/1.1" 503 Service Unavailable
INFO:     127.0.0.1:51520 - "GET /health HTTP/1.1" 200 OK
2025-07-25 17:44:44,860 INFO sqlalchemy.engine.Engine BEGIN (implicit)
2025-07-25 17:44:44,861 INFO sqlalchemy.engine.Engine SELECT cameras.id, cameras.name, cameras.ip_address, cameras.port, cameras.connection_type, cameras.stream_path, cameras.location, cameras.username, cameras.password, cameras.status, cameras.created_at, cameras.updated_at, cameras.enabled 
FROM cameras 
WHERE cameras.id = ?
2025-07-25 17:44:44,861 INFO sqlalchemy.engine.Engine [cached since 2689s ago] (3,)
2025-07-25 17:44:44,861 INFO sqlalchemy.engine.Engine ROLLBACK
INFO:     127.0.0.1:51520 - "GET /api/v1/streams/status/3 HTTP/1.1" 200 OK
INFO:     127.0.0.1:51520 - "OPTIONS /api/v1/streams/start/3 HTTP/1.1" 200 OK
2025-07-25 17:44:44,881 INFO sqlalchemy.engine.Engine BEGIN (implicit)
2025-07-25 17:44:44,881 INFO sqlalchemy.engine.Engine SELECT cameras.id, cameras.name, cameras.ip_address, cameras.port, cameras.connection_type, cameras.stream_path, cameras.location, cameras.username, cameras.password, cameras.status, cameras.created_at, cameras.updated_at, cameras.enabled 
FROM cameras 
WHERE cameras.id = ?
2025-07-25 17:44:44,881 INFO sqlalchemy.engine.Engine [cached since 2689s ago] (3,)
