2025-07-25 18:25:44,740 - __main__ - INFO - ============================================================
2025-07-25 18:25:44,740 - __main__ - INFO - Starting 24/7 Recording Service
2025-07-25 18:25:44,740 - __main__ - INFO - Started at: 2025-07-25T18:25:44.740951
2025-07-25 18:25:44,740 - __main__ - INFO - ============================================================
2025-07-25 18:25:44,741 - app.core.recording.recording_manager - INFO - Starting all camera recordings...
2025-07-25 18:25:44,741 - app.core.recording.continuous_recorder - INFO - Created recording directory: recordings/camera_3
2025-07-25 18:25:44,752 - app.core.recording.continuous_recorder - INFO - Initialized recording database for camera 3
2025-07-25 18:25:44,752 - app.core.recording.continuous_recorder - INFO - Connecting to camera 3 at rtsp://admin:Mekus_1987@10.0.0.181:554/h264Preview_01_sub
2025-07-25 18:25:44,753 - app.core.recording.continuous_recorder - INFO - Started continuous recording for camera 3 (Test Camera 1)
2025-07-25 18:25:44,753 - app.core.recording.recording_manager - INFO - Started recording for camera 3: Test Camera 1
2025-07-25 18:25:44,753 - app.core.recording.recording_manager - INFO - Started recording for 1 cameras
2025-07-25 18:25:44,753 - __main__ - INFO - All recordings started successfully
2025-07-25 18:25:48,303 - app.core.recording.continuous_recorder - INFO - Successfully connected to camera 3
2025-07-25 18:25:48,316 - app.core.recording.continuous_recorder - INFO - Camera 3 frame dimensions: 640x360
2025-07-25 18:25:48,321 - app.core.recording.continuous_recorder - INFO - Using codec XVID for recording
2025-07-25 18:25:48,321 - app.core.recording.continuous_recorder - INFO - Started new segment for camera 3: camera_3_20250725_182548_600.mp4
2025-07-25 18:26:14,601 - __main__ - INFO - Received signal 15, initiating graceful shutdown...
2025-07-25 18:26:14,754 - __main__ - INFO - Shutting down recording service...
2025-07-25 18:26:14,754 - app.core.recording.recording_manager - INFO - Stopping all camera recordings...
2025-07-25 18:26:14,754 - app.core.recording.recording_manager - INFO - Stopping recording for camera 3
2025-07-25 18:26:14,754 - app.core.recording.continuous_recorder - INFO - Stopping recording for camera 3
2025-07-25 18:26:14,782 - app.core.recording.continuous_recorder - INFO - Stopped capturing frames for camera 3
2025-07-25 18:26:14,793 - app.core.recording.continuous_recorder - INFO - Finalized segment for camera 3: camera_3_20250725_182548_600.avi (26s, 2125180 bytes)
2025-07-25 18:26:14,793 - app.core.recording.continuous_recorder - INFO - Stopped processing frames for camera 3
2025-07-25 18:26:14,795 - app.core.recording.continuous_recorder - INFO - Stopped recording for camera 3
2025-07-25 18:26:14,795 - app.core.recording.recording_manager - INFO - All recordings stopped
2025-07-25 18:26:14,795 - __main__ - INFO - Recording service stopped successfully
2025-07-25 18:26:14,795 - __main__ - INFO - ============================================================
2025-07-25 18:26:14,795 - __main__ - INFO - 24/7 Recording Service Stopped
2025-07-25 18:26:14,795 - __main__ - INFO - Stopped at: 2025-07-25T18:26:14.795582
2025-07-25 18:26:14,795 - __main__ - INFO - ============================================================
2025-07-26 01:34:41,599 - __main__ - INFO - Loaded storage configuration from config/storage_settings.json
2025-07-26 01:34:41,600 - __main__ - INFO - Retention: 30 days
2025-07-26 01:34:41,600 - __main__ - INFO - Cleanup interval: 1 hours
2025-07-26 01:34:41,600 - app.core.storage.storage_manager - INFO - Storage manager initialized with base path: recordings
2025-07-26 01:34:41,600 - app.core.recording.recording_manager - INFO - Recording manager initialized with storage management
2025-07-26 01:34:41,600 - __main__ - INFO - ============================================================
2025-07-26 01:34:41,600 - __main__ - INFO - Starting 24/7 Recording Service
2025-07-26 01:34:41,600 - __main__ - INFO - Started at: 2025-07-26T01:34:41.600210
2025-07-26 01:34:41,600 - __main__ - INFO - ============================================================
2025-07-26 01:34:41,600 - app.core.recording.recording_manager - INFO - Starting all camera recordings...
2025-07-26 01:34:41,600 - app.core.storage.storage_manager - INFO - Storage manager started
2025-07-26 01:34:41,600 - app.core.recording.recording_manager - INFO - Storage manager started
2025-07-26 01:34:41,600 - app.core.recording.continuous_recorder - INFO - Created recording directory: recordings/camera_3
2025-07-26 01:34:41,601 - app.core.recording.continuous_recorder - INFO - Initialized recording database for camera 3
2025-07-26 01:34:41,601 - app.core.recording.continuous_recorder - INFO - Connecting to camera 3 at rtsp://admin:Mekus_1987@10.0.0.181:554/h264Preview_01_sub
2025-07-26 01:34:41,601 - app.core.recording.continuous_recorder - INFO - Started continuous recording for camera 3 (Test Camera 1)
2025-07-26 01:34:41,602 - app.core.recording.recording_manager - INFO - Started recording for camera 3: Test Camera 1
2025-07-26 01:34:41,602 - app.core.recording.recording_manager - INFO - Started recording for 1 cameras with storage management
2025-07-26 01:34:41,602 - __main__ - INFO - All recordings started successfully
2025-07-26 01:34:41,602 - app.core.storage.storage_manager - INFO - Starting storage cleanup...
2025-07-26 01:34:41,602 - app.core.storage.storage_manager - INFO - Cleanup complete: No recordings to clean up
2025-07-26 01:34:41,603 - app.core.storage.storage_manager - INFO - Storage Health: 1 segments, 2.0 MB used, 93.4% disk free
2025-07-26 01:34:49,129 - app.core.recording.continuous_recorder - INFO - Successfully connected to camera 3
2025-07-26 01:34:49,141 - app.core.recording.continuous_recorder - INFO - Camera 3 frame dimensions: 640x360
2025-07-26 01:34:49,149 - app.core.recording.continuous_recorder - INFO - Using codec XVID for recording
2025-07-26 01:34:49,149 - app.core.recording.continuous_recorder - INFO - Started new segment for camera 3: camera_3_20250726_013449_600.mp4
2025-07-26 01:35:12,430 - __main__ - INFO - Health check complete. Active recordings: 1
2025-07-26 01:35:43,259 - __main__ - INFO - Health check complete. Active recordings: 1
2025-07-26 01:36:14,096 - __main__ - INFO - Health check complete. Active recordings: 1
2025-07-26 01:36:44,914 - __main__ - INFO - Health check complete. Active recordings: 1
2025-07-26 01:37:15,760 - __main__ - INFO - Health check complete. Active recordings: 1
2025-07-26 01:37:46,614 - __main__ - INFO - Health check complete. Active recordings: 1
2025-07-26 01:38:17,553 - __main__ - INFO - Health check complete. Active recordings: 1
2025-07-26 01:38:48,417 - __main__ - INFO - Health check complete. Active recordings: 1
2025-07-26 01:39:19,214 - __main__ - INFO - Health check complete. Active recordings: 1
2025-07-26 01:39:50,060 - __main__ - INFO - Health check complete. Active recordings: 1
2025-07-26 01:39:50,060 - __main__ - INFO - Storage summary: 1 segments, 2.0 MB used
2025-07-26 01:40:20,930 - __main__ - INFO - Health check complete. Active recordings: 1
2025-07-26 01:40:51,791 - __main__ - INFO - Health check complete. Active recordings: 1
2025-07-26 01:41:21,822 - __main__ - INFO - Health check complete. Active recordings: 1
2025-07-26 01:41:52,662 - __main__ - INFO - Health check complete. Active recordings: 1
2025-07-26 01:42:23,531 - __main__ - INFO - Health check complete. Active recordings: 1
2025-07-26 01:42:54,335 - __main__ - INFO - Health check complete. Active recordings: 1
2025-07-26 01:43:25,166 - __main__ - INFO - Health check complete. Active recordings: 1
2025-07-26 01:43:56,050 - __main__ - INFO - Health check complete. Active recordings: 1
2025-07-26 01:44:26,945 - __main__ - INFO - Health check complete. Active recordings: 1
2025-07-26 01:44:49,167 - app.core.recording.continuous_recorder - INFO - Finalized segment for camera 3: camera_3_20250726_013449_600.avi (600s, 19594576 bytes)
2025-07-26 01:44:49,167 - app.core.recording.continuous_recorder - INFO - Using codec XVID for recording
2025-07-26 01:44:49,167 - app.core.recording.continuous_recorder - INFO - Started new segment for camera 3: camera_3_20250726_014449_600.mp4
2025-07-26 01:44:57,817 - __main__ - INFO - Health check complete. Active recordings: 1
2025-07-26 01:44:57,817 - __main__ - INFO - Storage summary: 2 segments, 20.7 MB used
2025-07-26 01:45:28,742 - __main__ - INFO - Health check complete. Active recordings: 1
2025-07-26 01:45:59,695 - __main__ - INFO - Health check complete. Active recordings: 1
2025-07-26 01:46:30,614 - __main__ - INFO - Health check complete. Active recordings: 1
2025-07-26 01:47:01,554 - __main__ - INFO - Health check complete. Active recordings: 1
2025-07-26 01:47:32,441 - __main__ - INFO - Health check complete. Active recordings: 1
2025-07-26 01:48:03,336 - __main__ - INFO - Health check complete. Active recordings: 1
2025-07-26 01:48:33,366 - __main__ - INFO - Health check complete. Active recordings: 1
2025-07-26 01:49:04,333 - __main__ - INFO - Health check complete. Active recordings: 1
2025-07-26 01:49:35,245 - __main__ - INFO - Health check complete. Active recordings: 1
2025-07-26 01:50:06,161 - __main__ - INFO - Health check complete. Active recordings: 1
2025-07-26 01:50:06,162 - __main__ - INFO - Storage summary: 2 segments, 20.7 MB used
2025-07-26 01:50:37,075 - __main__ - INFO - Health check complete. Active recordings: 1
2025-07-26 01:51:07,994 - __main__ - INFO - Health check complete. Active recordings: 1
2025-07-26 01:51:38,908 - __main__ - INFO - Health check complete. Active recordings: 1
2025-07-26 01:52:09,824 - __main__ - INFO - Health check complete. Active recordings: 1
2025-07-26 01:52:40,735 - __main__ - INFO - Health check complete. Active recordings: 1
2025-07-26 01:53:11,665 - __main__ - INFO - Health check complete. Active recordings: 1
2025-07-26 01:53:42,567 - __main__ - INFO - Health check complete. Active recordings: 1
2025-07-26 01:54:13,523 - __main__ - INFO - Health check complete. Active recordings: 1
2025-07-26 01:54:44,545 - __main__ - INFO - Health check complete. Active recordings: 1
2025-07-26 01:54:49,179 - app.core.recording.continuous_recorder - INFO - Finalized segment for camera 3: camera_3_20250726_014449_600.avi (600s, 19192074 bytes)
2025-07-26 01:54:49,180 - app.core.recording.continuous_recorder - INFO - Using codec XVID for recording
2025-07-26 01:54:49,180 - app.core.recording.continuous_recorder - INFO - Started new segment for camera 3: camera_3_20250726_015449_600.mp4
2025-07-26 01:55:15,490 - __main__ - INFO - Health check complete. Active recordings: 1
2025-07-26 01:55:15,490 - __main__ - INFO - Storage summary: 3 segments, 39.0 MB used
2025-07-26 01:55:46,291 - __main__ - INFO - Health check complete. Active recordings: 1
2025-07-26 01:56:16,293 - __main__ - INFO - Health check complete. Active recordings: 1
2025-07-26 01:56:47,205 - __main__ - INFO - Health check complete. Active recordings: 1
2025-07-26 01:57:18,125 - __main__ - INFO - Health check complete. Active recordings: 1
2025-07-26 01:57:49,053 - __main__ - INFO - Health check complete. Active recordings: 1
2025-07-26 01:58:19,984 - __main__ - INFO - Health check complete. Active recordings: 1
2025-07-26 01:58:50,915 - __main__ - INFO - Health check complete. Active recordings: 1
2025-07-26 01:59:21,851 - __main__ - INFO - Health check complete. Active recordings: 1
2025-07-26 01:59:52,789 - __main__ - INFO - Health check complete. Active recordings: 1
2025-07-26 02:00:23,713 - __main__ - INFO - Health check complete. Active recordings: 1
2025-07-26 02:00:23,713 - __main__ - INFO - Storage summary: 3 segments, 39.0 MB used
2025-07-26 02:00:54,662 - __main__ - INFO - Health check complete. Active recordings: 1
2025-07-26 02:01:25,546 - __main__ - INFO - Health check complete. Active recordings: 1
2025-07-26 02:01:56,441 - __main__ - INFO - Health check complete. Active recordings: 1
2025-07-26 02:02:27,376 - __main__ - INFO - Health check complete. Active recordings: 1
2025-07-26 02:02:58,244 - __main__ - INFO - Health check complete. Active recordings: 1
2025-07-26 02:03:28,273 - __main__ - INFO - Health check complete. Active recordings: 1
2025-07-26 02:03:59,152 - __main__ - INFO - Health check complete. Active recordings: 1
2025-07-26 02:04:30,095 - __main__ - INFO - Health check complete. Active recordings: 1
2025-07-26 02:04:49,198 - app.core.recording.continuous_recorder - INFO - Finalized segment for camera 3: camera_3_20250726_015449_600.avi (600s, 18532120 bytes)
2025-07-26 02:04:49,199 - app.core.recording.continuous_recorder - INFO - Using codec XVID for recording
2025-07-26 02:04:49,199 - app.core.recording.continuous_recorder - INFO - Started new segment for camera 3: camera_3_20250726_020449_600.mp4
2025-07-26 02:05:01,004 - __main__ - INFO - Health check complete. Active recordings: 1
2025-07-26 02:05:30,418 - app.core.storage.storage_manager - INFO - Storage Health: 4 segments, 56.7 MB used, 93.4% disk free
2025-07-26 02:05:31,918 - __main__ - INFO - Health check complete. Active recordings: 1
2025-07-26 02:05:31,919 - __main__ - INFO - Storage summary: 4 segments, 56.7 MB used
2025-07-26 02:06:02,863 - __main__ - INFO - Health check complete. Active recordings: 1
2025-07-26 02:06:33,803 - __main__ - INFO - Health check complete. Active recordings: 1
2025-07-26 02:07:04,824 - __main__ - INFO - Health check complete. Active recordings: 1
2025-07-26 02:07:35,789 - __main__ - INFO - Health check complete. Active recordings: 1
2025-07-26 02:08:06,803 - __main__ - INFO - Health check complete. Active recordings: 1
2025-07-26 02:08:37,798 - __main__ - INFO - Health check complete. Active recordings: 1
2025-07-26 02:09:08,759 - __main__ - INFO - Health check complete. Active recordings: 1
2025-07-26 02:09:39,714 - __main__ - INFO - Health check complete. Active recordings: 1
2025-07-26 02:10:10,658 - __main__ - INFO - Health check complete. Active recordings: 1
2025-07-26 02:10:41,574 - __main__ - INFO - Health check complete. Active recordings: 1
2025-07-26 02:10:41,574 - __main__ - INFO - Storage summary: 4 segments, 56.7 MB used
2025-07-26 02:11:11,597 - __main__ - INFO - Health check complete. Active recordings: 1
2025-07-26 02:11:42,503 - __main__ - INFO - Health check complete. Active recordings: 1
2025-07-26 02:12:13,374 - __main__ - INFO - Health check complete. Active recordings: 1
2025-07-26 02:12:44,276 - __main__ - INFO - Health check complete. Active recordings: 1
2025-07-26 02:13:15,051 - __main__ - INFO - Health check complete. Active recordings: 1
2025-07-26 02:13:45,715 - __main__ - INFO - Health check complete. Active recordings: 1
2025-07-26 02:14:16,371 - __main__ - INFO - Health check complete. Active recordings: 1
2025-07-26 02:14:47,030 - __main__ - INFO - Health check complete. Active recordings: 1
2025-07-26 02:14:49,212 - app.core.recording.continuous_recorder - INFO - Finalized segment for camera 3: camera_3_20250726_020449_600.avi (600s, 19219730 bytes)
2025-07-26 02:14:49,213 - app.core.recording.continuous_recorder - INFO - Using codec XVID for recording
2025-07-26 02:14:49,213 - app.core.recording.continuous_recorder - INFO - Started new segment for camera 3: camera_3_20250726_021449_600.mp4
2025-07-26 02:15:17,680 - __main__ - INFO - Health check complete. Active recordings: 1
2025-07-26 02:15:47,686 - __main__ - INFO - Health check complete. Active recordings: 1
2025-07-26 02:15:47,686 - __main__ - INFO - Storage summary: 5 segments, 75.0 MB used
2025-07-26 02:16:18,154 - __main__ - INFO - Health check complete. Active recordings: 1
2025-07-26 02:16:48,740 - __main__ - INFO - Health check complete. Active recordings: 1
2025-07-26 02:17:19,207 - __main__ - INFO - Health check complete. Active recordings: 1
2025-07-26 02:17:49,775 - __main__ - INFO - Health check complete. Active recordings: 1
2025-07-26 02:18:19,779 - __main__ - INFO - Health check complete. Active recordings: 1
2025-07-26 02:18:50,350 - __main__ - INFO - Health check complete. Active recordings: 1
2025-07-26 02:19:20,919 - __main__ - INFO - Health check complete. Active recordings: 1
2025-07-26 02:19:51,545 - __main__ - INFO - Health check complete. Active recordings: 1
2025-07-26 02:20:22,151 - __main__ - INFO - Health check complete. Active recordings: 1
2025-07-26 02:20:52,775 - __main__ - INFO - Health check complete. Active recordings: 1
2025-07-26 02:20:52,775 - __main__ - INFO - Storage summary: 5 segments, 75.0 MB used
2025-07-26 02:21:23,488 - __main__ - INFO - Health check complete. Active recordings: 1
2025-07-26 02:21:54,165 - __main__ - INFO - Health check complete. Active recordings: 1
2025-07-26 02:22:24,883 - __main__ - INFO - Health check complete. Active recordings: 1
2025-07-26 02:22:55,721 - __main__ - INFO - Health check complete. Active recordings: 1
2025-07-26 02:23:26,536 - __main__ - INFO - Health check complete. Active recordings: 1
2025-07-26 02:23:57,387 - __main__ - INFO - Health check complete. Active recordings: 1
2025-07-26 02:24:28,230 - __main__ - INFO - Health check complete. Active recordings: 1
2025-07-26 02:24:49,214 - app.core.recording.continuous_recorder - INFO - Finalized segment for camera 3: camera_3_20250726_021449_600.avi (600s, 19187670 bytes)
2025-07-26 02:24:49,215 - app.core.recording.continuous_recorder - INFO - Using codec XVID for recording
2025-07-26 02:24:49,215 - app.core.recording.continuous_recorder - INFO - Started new segment for camera 3: camera_3_20250726_022449_600.mp4
2025-07-26 02:24:59,094 - __main__ - INFO - Health check complete. Active recordings: 1
2025-07-26 02:25:29,948 - __main__ - INFO - Health check complete. Active recordings: 1
2025-07-26 02:25:59,977 - __main__ - INFO - Health check complete. Active recordings: 1
2025-07-26 02:25:59,978 - __main__ - INFO - Storage summary: 6 segments, 93.3 MB used
2025-07-26 02:26:30,839 - __main__ - INFO - Health check complete. Active recordings: 1
2025-07-26 02:27:01,697 - __main__ - INFO - Health check complete. Active recordings: 1
2025-07-26 02:27:32,557 - __main__ - INFO - Health check complete. Active recordings: 1
2025-07-26 02:28:03,421 - __main__ - INFO - Health check complete. Active recordings: 1
2025-07-26 02:28:34,276 - __main__ - INFO - Health check complete. Active recordings: 1
2025-07-26 02:29:05,130 - __main__ - INFO - Health check complete. Active recordings: 1
2025-07-26 02:29:35,933 - __main__ - INFO - Health check complete. Active recordings: 1
2025-07-26 02:30:06,729 - __main__ - INFO - Health check complete. Active recordings: 1
2025-07-26 02:30:37,523 - __main__ - INFO - Health check complete. Active recordings: 1
2025-07-26 02:31:07,540 - __main__ - INFO - Health check complete. Active recordings: 1
2025-07-26 02:31:07,541 - __main__ - INFO - Storage summary: 6 segments, 93.3 MB used
2025-07-26 02:31:38,051 - __main__ - INFO - Health check complete. Active recordings: 1
2025-07-26 02:32:08,624 - __main__ - INFO - Health check complete. Active recordings: 1
2025-07-26 02:32:39,110 - __main__ - INFO - Health check complete. Active recordings: 1
2025-07-26 02:33:09,142 - __main__ - INFO - Health check complete. Active recordings: 1
2025-07-26 02:33:39,717 - __main__ - INFO - Health check complete. Active recordings: 1
2025-07-26 02:34:10,298 - __main__ - INFO - Health check complete. Active recordings: 1
2025-07-26 02:34:40,896 - __main__ - INFO - Health check complete. Active recordings: 1
2025-07-26 02:34:49,215 - app.core.recording.continuous_recorder - INFO - Finalized segment for camera 3: camera_3_20250726_022449_600.avi (600s, 18605484 bytes)
2025-07-26 02:34:49,216 - app.core.recording.continuous_recorder - INFO - Using codec XVID for recording
2025-07-26 02:34:49,216 - app.core.recording.continuous_recorder - INFO - Started new segment for camera 3: camera_3_20250726_023449_600.mp4
2025-07-26 02:35:11,487 - __main__ - INFO - Health check complete. Active recordings: 1
2025-07-26 02:35:42,085 - __main__ - INFO - Health check complete. Active recordings: 1
2025-07-26 02:36:09,634 - app.core.storage.storage_manager - INFO - Starting storage cleanup...
2025-07-26 02:36:09,635 - app.core.storage.storage_manager - INFO - Cleanup complete: No recordings to clean up
2025-07-26 02:36:09,635 - app.core.storage.storage_manager - INFO - Storage Health: 7 segments, 111.1 MB used, 93.4% disk free
2025-07-26 02:36:12,700 - __main__ - INFO - Health check complete. Active recordings: 1
2025-07-26 02:36:12,701 - __main__ - INFO - Storage summary: 7 segments, 111.1 MB used
2025-07-26 02:36:43,490 - __main__ - INFO - Health check complete. Active recordings: 1
2025-07-26 02:37:14,084 - __main__ - INFO - Health check complete. Active recordings: 1
2025-07-26 02:37:44,913 - __main__ - INFO - Health check complete. Active recordings: 1
2025-07-26 02:38:15,730 - __main__ - INFO - Health check complete. Active recordings: 1
2025-07-26 02:38:46,457 - __main__ - INFO - Health check complete. Active recordings: 1
2025-07-26 02:39:17,225 - __main__ - INFO - Health check complete. Active recordings: 1
2025-07-26 02:39:48,012 - __main__ - INFO - Health check complete. Active recordings: 1
2025-07-26 02:40:18,804 - __main__ - INFO - Health check complete. Active recordings: 1
2025-07-26 02:40:48,834 - __main__ - INFO - Health check complete. Active recordings: 1
2025-07-26 02:41:19,627 - __main__ - INFO - Health check complete. Active recordings: 1
2025-07-26 02:41:19,627 - __main__ - INFO - Storage summary: 7 segments, 111.1 MB used
2025-07-26 02:41:50,428 - __main__ - INFO - Health check complete. Active recordings: 1
2025-07-26 02:42:21,295 - __main__ - INFO - Health check complete. Active recordings: 1
2025-07-26 02:42:52,123 - __main__ - INFO - Health check complete. Active recordings: 1
2025-07-26 02:43:23,070 - __main__ - INFO - Health check complete. Active recordings: 1
2025-07-26 02:43:53,932 - __main__ - INFO - Health check complete. Active recordings: 1
2025-07-26 02:44:24,902 - __main__ - INFO - Health check complete. Active recordings: 1
2025-07-26 02:44:49,253 - app.core.recording.continuous_recorder - INFO - Finalized segment for camera 3: camera_3_20250726_023449_600.avi (600s, 19146308 bytes)
2025-07-26 02:44:49,254 - app.core.recording.continuous_recorder - INFO - Using codec XVID for recording
2025-07-26 02:44:49,254 - app.core.recording.continuous_recorder - INFO - Started new segment for camera 3: camera_3_20250726_024449_600.mp4
2025-07-26 02:44:55,849 - __main__ - INFO - Health check complete. Active recordings: 1
2025-07-26 02:45:26,686 - __main__ - INFO - Health check complete. Active recordings: 1
2025-07-26 02:45:57,651 - __main__ - INFO - Health check complete. Active recordings: 1
2025-07-26 02:46:28,563 - __main__ - INFO - Health check complete. Active recordings: 1
2025-07-26 02:46:28,563 - __main__ - INFO - Storage summary: 8 segments, 129.3 MB used
2025-07-26 02:46:59,478 - __main__ - INFO - Health check complete. Active recordings: 1
2025-07-26 02:47:30,332 - __main__ - INFO - Health check complete. Active recordings: 1
2025-07-26 02:48:00,364 - __main__ - INFO - Health check complete. Active recordings: 1
2025-07-26 02:48:31,303 - __main__ - INFO - Health check complete. Active recordings: 1
2025-07-26 02:49:02,246 - __main__ - INFO - Health check complete. Active recordings: 1
2025-07-26 02:49:33,153 - __main__ - INFO - Health check complete. Active recordings: 1
2025-07-26 02:50:04,030 - __main__ - INFO - Health check complete. Active recordings: 1
2025-07-26 02:50:34,840 - __main__ - INFO - Health check complete. Active recordings: 1
2025-07-26 02:51:05,693 - __main__ - INFO - Health check complete. Active recordings: 1
2025-07-26 02:51:36,566 - __main__ - INFO - Health check complete. Active recordings: 1
2025-07-26 02:51:36,567 - __main__ - INFO - Storage summary: 8 segments, 129.3 MB used
2025-07-26 02:52:07,443 - __main__ - INFO - Health check complete. Active recordings: 1
2025-07-26 02:52:38,315 - __main__ - INFO - Health check complete. Active recordings: 1
2025-07-26 02:53:09,186 - __main__ - INFO - Health check complete. Active recordings: 1
2025-07-26 02:53:40,042 - __main__ - INFO - Health check complete. Active recordings: 1
2025-07-26 02:54:10,906 - __main__ - INFO - Health check complete. Active recordings: 1
2025-07-26 02:54:41,766 - __main__ - INFO - Health check complete. Active recordings: 1
2025-07-26 02:54:49,362 - app.core.recording.continuous_recorder - INFO - Finalized segment for camera 3: camera_3_20250726_024449_600.avi (600s, 19266678 bytes)
2025-07-26 02:54:49,363 - app.core.recording.continuous_recorder - INFO - Using codec XVID for recording
2025-07-26 02:54:49,363 - app.core.recording.continuous_recorder - INFO - Started new segment for camera 3: camera_3_20250726_025449_600.mp4
2025-07-26 02:55:12,606 - __main__ - INFO - Health check complete. Active recordings: 1
2025-07-26 02:55:42,627 - __main__ - INFO - Health check complete. Active recordings: 1
2025-07-26 02:56:13,688 - __main__ - INFO - Health check complete. Active recordings: 1
2025-07-26 02:56:44,578 - __main__ - INFO - Health check complete. Active recordings: 1
2025-07-26 02:56:44,578 - __main__ - INFO - Storage summary: 9 segments, 147.7 MB used
2025-07-26 02:57:15,489 - __main__ - INFO - Health check complete. Active recordings: 1
2025-07-26 02:57:46,398 - __main__ - INFO - Health check complete. Active recordings: 1
2025-07-26 02:58:17,304 - __main__ - INFO - Health check complete. Active recordings: 1
2025-07-26 02:58:48,214 - __main__ - INFO - Health check complete. Active recordings: 1
2025-07-26 02:59:19,113 - __main__ - INFO - Health check complete. Active recordings: 1
2025-07-26 02:59:50,015 - __main__ - INFO - Health check complete. Active recordings: 1
2025-07-26 03:00:20,988 - __main__ - INFO - Health check complete. Active recordings: 1
2025-07-26 03:00:51,902 - __main__ - INFO - Health check complete. Active recordings: 1
2025-07-26 03:01:22,844 - __main__ - INFO - Health check complete. Active recordings: 1
2025-07-26 03:01:53,821 - __main__ - INFO - Health check complete. Active recordings: 1
2025-07-26 03:01:53,821 - __main__ - INFO - Storage summary: 9 segments, 147.7 MB used
2025-07-26 03:02:24,788 - __main__ - INFO - Health check complete. Active recordings: 1
2025-07-26 03:02:54,818 - __main__ - INFO - Health check complete. Active recordings: 1
2025-07-26 03:03:25,761 - __main__ - INFO - Health check complete. Active recordings: 1
2025-07-26 03:03:56,781 - __main__ - INFO - Health check complete. Active recordings: 1
2025-07-26 03:04:27,765 - __main__ - INFO - Health check complete. Active recordings: 1
2025-07-26 03:04:49,397 - app.core.recording.continuous_recorder - INFO - Finalized segment for camera 3: camera_3_20250726_025449_600.avi (600s, 18648254 bytes)
2025-07-26 03:04:49,399 - app.core.recording.continuous_recorder - INFO - Using codec XVID for recording
2025-07-26 03:04:49,399 - app.core.recording.continuous_recorder - INFO - Started new segment for camera 3: camera_3_20250726_030449_600.mp4
2025-07-26 03:04:58,732 - __main__ - INFO - Health check complete. Active recordings: 1
2025-07-26 03:05:29,710 - __main__ - INFO - Health check complete. Active recordings: 1
2025-07-26 03:06:00,655 - __main__ - INFO - Health check complete. Active recordings: 1
2025-07-26 03:06:31,641 - __main__ - INFO - Health check complete. Active recordings: 1
2025-07-26 03:06:57,955 - app.core.storage.storage_manager - INFO - Storage Health: 10 segments, 165.5 MB used, 93.4% disk free
2025-07-26 03:07:02,597 - __main__ - INFO - Health check complete. Active recordings: 1
2025-07-26 03:07:02,597 - __main__ - INFO - Storage summary: 10 segments, 165.5 MB used
2025-07-26 03:07:33,537 - __main__ - INFO - Health check complete. Active recordings: 1
2025-07-26 03:08:04,508 - __main__ - INFO - Health check complete. Active recordings: 1
2025-07-26 03:08:35,519 - __main__ - INFO - Health check complete. Active recordings: 1
2025-07-26 03:09:06,541 - __main__ - INFO - Health check complete. Active recordings: 1
2025-07-26 03:09:37,564 - __main__ - INFO - Health check complete. Active recordings: 1
2025-07-26 03:10:08,582 - __main__ - INFO - Health check complete. Active recordings: 1
2025-07-26 03:10:38,605 - __main__ - INFO - Health check complete. Active recordings: 1
2025-07-26 03:11:09,608 - __main__ - INFO - Health check complete. Active recordings: 1
2025-07-26 03:11:40,554 - __main__ - INFO - Health check complete. Active recordings: 1
2025-07-26 03:12:11,497 - __main__ - INFO - Health check complete. Active recordings: 1
2025-07-26 03:12:11,497 - __main__ - INFO - Storage summary: 10 segments, 165.5 MB used
2025-07-26 03:12:42,475 - __main__ - INFO - Health check complete. Active recordings: 1
2025-07-26 03:13:13,369 - __main__ - INFO - Health check complete. Active recordings: 1
2025-07-26 03:13:44,205 - __main__ - INFO - Health check complete. Active recordings: 1
2025-07-26 03:14:14,927 - __main__ - INFO - Health check complete. Active recordings: 1
2025-07-26 03:14:45,611 - __main__ - INFO - Health check complete. Active recordings: 1
2025-07-26 03:14:49,443 - app.core.recording.continuous_recorder - INFO - Finalized segment for camera 3: camera_3_20250726_030449_600.avi (600s, 19234982 bytes)
2025-07-26 03:14:49,444 - app.core.recording.continuous_recorder - INFO - Using codec XVID for recording
2025-07-26 03:14:49,444 - app.core.recording.continuous_recorder - INFO - Started new segment for camera 3: camera_3_20250726_031449_600.mp4
2025-07-26 03:15:16,322 - __main__ - INFO - Health check complete. Active recordings: 1
2025-07-26 03:15:47,043 - __main__ - INFO - Health check complete. Active recordings: 1
2025-07-26 03:16:17,046 - __main__ - INFO - Health check complete. Active recordings: 1
2025-07-26 03:16:47,604 - __main__ - INFO - Health check complete. Active recordings: 1
2025-07-26 03:17:18,241 - __main__ - INFO - Health check complete. Active recordings: 1
2025-07-26 03:17:18,241 - __main__ - INFO - Storage summary: 11 segments, 183.8 MB used
2025-07-26 03:17:48,271 - __main__ - INFO - Health check complete. Active recordings: 1
2025-07-26 03:18:18,821 - __main__ - INFO - Health check complete. Active recordings: 1
2025-07-26 03:18:49,459 - __main__ - INFO - Health check complete. Active recordings: 1
2025-07-26 03:19:20,087 - __main__ - INFO - Health check complete. Active recordings: 1
2025-07-26 03:19:50,813 - __main__ - INFO - Health check complete. Active recordings: 1
2025-07-26 03:20:21,475 - __main__ - INFO - Health check complete. Active recordings: 1
2025-07-26 03:20:52,216 - __main__ - INFO - Health check complete. Active recordings: 1
2025-07-26 03:21:22,948 - __main__ - INFO - Health check complete. Active recordings: 1
2025-07-26 03:21:53,769 - __main__ - INFO - Health check complete. Active recordings: 1
2025-07-26 03:22:24,458 - __main__ - INFO - Health check complete. Active recordings: 1
2025-07-26 03:22:24,458 - __main__ - INFO - Storage summary: 11 segments, 183.8 MB used
2025-07-26 03:22:55,231 - __main__ - INFO - Health check complete. Active recordings: 1
2025-07-26 03:23:26,029 - __main__ - INFO - Health check complete. Active recordings: 1
2025-07-26 03:23:56,859 - __main__ - INFO - Health check complete. Active recordings: 1
2025-07-26 03:24:27,823 - __main__ - INFO - Health check complete. Active recordings: 1
2025-07-26 03:24:49,506 - app.core.recording.continuous_recorder - INFO - Finalized segment for camera 3: camera_3_20250726_031449_600.avi (600s, 19107634 bytes)
2025-07-26 03:24:49,507 - app.core.recording.continuous_recorder - INFO - Using codec XVID for recording
2025-07-26 03:24:49,507 - app.core.recording.continuous_recorder - INFO - Started new segment for camera 3: camera_3_20250726_032449_600.mp4
2025-07-26 03:24:58,767 - __main__ - INFO - Health check complete. Active recordings: 1
2025-07-26 03:25:28,772 - __main__ - INFO - Health check complete. Active recordings: 1
2025-07-26 03:25:59,725 - __main__ - INFO - Health check complete. Active recordings: 1
2025-07-26 03:26:30,664 - __main__ - INFO - Health check complete. Active recordings: 1
2025-07-26 03:27:01,635 - __main__ - INFO - Health check complete. Active recordings: 1
2025-07-26 03:27:32,612 - __main__ - INFO - Health check complete. Active recordings: 1
2025-07-26 03:27:32,612 - __main__ - INFO - Storage summary: 12 segments, 202.0 MB used
2025-07-26 03:28:03,577 - __main__ - INFO - Health check complete. Active recordings: 1
2025-07-26 03:28:34,561 - __main__ - INFO - Health check complete. Active recordings: 1
2025-07-26 03:29:05,527 - __main__ - INFO - Health check complete. Active recordings: 1
2025-07-26 03:29:36,507 - __main__ - INFO - Health check complete. Active recordings: 1
2025-07-26 03:30:07,457 - __main__ - INFO - Health check complete. Active recordings: 1
2025-07-26 03:30:38,146 - __main__ - INFO - Health check complete. Active recordings: 1
2025-07-26 03:31:08,967 - __main__ - INFO - Health check complete. Active recordings: 1
2025-07-26 03:31:39,777 - __main__ - INFO - Health check complete. Active recordings: 1
2025-07-26 03:32:10,614 - __main__ - INFO - Health check complete. Active recordings: 1
2025-07-26 03:32:40,624 - __main__ - INFO - Health check complete. Active recordings: 1
2025-07-26 03:32:40,624 - __main__ - INFO - Storage summary: 12 segments, 202.0 MB used
2025-07-26 03:33:11,440 - __main__ - INFO - Health check complete. Active recordings: 1
2025-07-26 03:33:42,290 - __main__ - INFO - Health check complete. Active recordings: 1
2025-07-26 03:34:13,133 - __main__ - INFO - Health check complete. Active recordings: 1
2025-07-26 03:34:43,991 - __main__ - INFO - Health check complete. Active recordings: 1
2025-07-26 03:34:49,526 - app.core.recording.continuous_recorder - INFO - Finalized segment for camera 3: camera_3_20250726_032449_600.avi (600s, 19200086 bytes)
2025-07-26 03:34:49,527 - app.core.recording.continuous_recorder - INFO - Using codec XVID for recording
2025-07-26 03:34:49,527 - app.core.recording.continuous_recorder - INFO - Started new segment for camera 3: camera_3_20250726_033449_600.mp4
2025-07-26 03:35:14,835 - __main__ - INFO - Health check complete. Active recordings: 1
2025-07-26 03:35:45,703 - __main__ - INFO - Health check complete. Active recordings: 1
2025-07-26 03:36:16,570 - __main__ - INFO - Health check complete. Active recordings: 1
2025-07-26 03:36:47,423 - __main__ - INFO - Health check complete. Active recordings: 1
2025-07-26 03:37:18,299 - __main__ - INFO - Health check complete. Active recordings: 1
2025-07-26 03:37:43,276 - app.core.storage.storage_manager - INFO - Starting storage cleanup...
2025-07-26 03:37:43,277 - app.core.storage.storage_manager - INFO - Cleanup complete: No recordings to clean up
2025-07-26 03:37:43,280 - app.core.storage.storage_manager - INFO - Storage Health: 13 segments, 220.4 MB used, 93.3% disk free
2025-07-26 03:37:49,259 - __main__ - INFO - Health check complete. Active recordings: 1
2025-07-26 03:37:49,259 - __main__ - INFO - Storage summary: 13 segments, 220.4 MB used
2025-07-26 03:38:20,103 - __main__ - INFO - Health check complete. Active recordings: 1
2025-07-26 03:38:50,965 - __main__ - INFO - Health check complete. Active recordings: 1
2025-07-26 03:39:21,861 - __main__ - INFO - Health check complete. Active recordings: 1
2025-07-26 03:39:52,776 - __main__ - INFO - Health check complete. Active recordings: 1
2025-07-26 03:40:22,803 - __main__ - INFO - Health check complete. Active recordings: 1
2025-07-26 03:40:53,817 - __main__ - INFO - Health check complete. Active recordings: 1
2025-07-26 03:41:24,704 - __main__ - INFO - Health check complete. Active recordings: 1
2025-07-26 03:41:55,636 - __main__ - INFO - Health check complete. Active recordings: 1
2025-07-26 03:42:26,631 - __main__ - INFO - Health check complete. Active recordings: 1
2025-07-26 03:42:57,646 - __main__ - INFO - Health check complete. Active recordings: 1
2025-07-26 03:42:57,646 - __main__ - INFO - Storage summary: 13 segments, 220.4 MB used
2025-07-26 03:43:28,700 - __main__ - INFO - Health check complete. Active recordings: 1
2025-07-26 03:43:59,758 - __main__ - INFO - Health check complete. Active recordings: 1
2025-07-26 03:44:30,807 - __main__ - INFO - Health check complete. Active recordings: 1
2025-07-26 03:44:49,577 - app.core.recording.continuous_recorder - INFO - Finalized segment for camera 3: camera_3_20250726_033449_600.avi (600s, 18590882 bytes)
2025-07-26 03:44:49,578 - app.core.recording.continuous_recorder - INFO - Using codec XVID for recording
2025-07-26 03:44:49,578 - app.core.recording.continuous_recorder - INFO - Started new segment for camera 3: camera_3_20250726_034449_600.mp4
2025-07-26 03:45:01,881 - __main__ - INFO - Health check complete. Active recordings: 1
2025-07-26 03:45:32,961 - __main__ - INFO - Health check complete. Active recordings: 1
2025-07-26 03:46:04,014 - __main__ - INFO - Health check complete. Active recordings: 1
2025-07-26 03:46:35,071 - __main__ - INFO - Health check complete. Active recordings: 1
2025-07-26 03:47:06,049 - __main__ - INFO - Health check complete. Active recordings: 1
2025-07-26 03:47:36,077 - __main__ - INFO - Health check complete. Active recordings: 1
2025-07-26 03:48:07,163 - __main__ - INFO - Health check complete. Active recordings: 1
2025-07-26 03:48:07,164 - __main__ - INFO - Storage summary: 14 segments, 238.1 MB used
2025-07-26 03:48:38,233 - __main__ - INFO - Health check complete. Active recordings: 1
2025-07-26 03:49:09,291 - __main__ - INFO - Health check complete. Active recordings: 1
2025-07-26 03:49:40,283 - __main__ - INFO - Health check complete. Active recordings: 1
2025-07-26 03:50:11,364 - __main__ - INFO - Health check complete. Active recordings: 1
2025-07-26 03:50:42,370 - __main__ - INFO - Health check complete. Active recordings: 1
2025-07-26 21:23:37,762 - __main__ - INFO - Health check complete. Active recordings: 1
2025-07-26 21:23:44,838 - app.core.recording.continuous_recorder - INFO - Finalized segment for camera 3: camera_3_20250726_034449_600.avi (63535s, 11498102 bytes)
2025-07-26 21:23:44,839 - app.core.recording.continuous_recorder - INFO - Using codec XVID for recording
2025-07-26 21:23:44,839 - app.core.recording.continuous_recorder - INFO - Started new segment for camera 3: camera_3_20250726_212344_600.mp4
2025-07-26 21:24:06,159 - __main__ - INFO - Health check complete. Active recordings: 1
2025-07-26 21:24:36,192 - __main__ - INFO - Health check complete. Active recordings: 1
2025-07-26 21:24:41,406 - app.core.recording.continuous_recorder - WARNING - Lost connection to camera 3, reconnecting...
2025-07-26 21:24:42,410 - app.core.recording.continuous_recorder - INFO - Connecting to camera 3 at rtsp://admin:Mekus_1987@10.0.0.181:554/h264Preview_01_sub
2025-07-26 21:24:49,167 - app.core.recording.continuous_recorder - INFO - Successfully connected to camera 3
2025-07-26 21:25:04,330 - __main__ - INFO - Health check complete. Active recordings: 1
2025-07-26 21:25:32,897 - __main__ - INFO - Health check complete. Active recordings: 1
2025-07-26 21:25:32,897 - __main__ - INFO - Storage summary: 15 segments, 249.1 MB used
2025-07-26 21:26:01,396 - __main__ - INFO - Health check complete. Active recordings: 1
2025-07-26 21:26:29,805 - __main__ - INFO - Health check complete. Active recordings: 1
2025-07-26 21:26:58,118 - __main__ - INFO - Health check complete. Active recordings: 1
2025-07-26 21:27:26,391 - __main__ - INFO - Health check complete. Active recordings: 1
2025-07-26 21:27:54,715 - __main__ - INFO - Health check complete. Active recordings: 1
2025-07-26 21:28:23,030 - __main__ - INFO - Health check complete. Active recordings: 1
2025-07-26 21:28:51,378 - __main__ - INFO - Health check complete. Active recordings: 1
2025-07-26 21:29:19,766 - __main__ - INFO - Health check complete. Active recordings: 1
2025-07-26 21:29:48,178 - __main__ - INFO - Health check complete. Active recordings: 1
2025-07-26 21:30:16,540 - __main__ - INFO - Health check complete. Active recordings: 1
2025-07-26 21:30:16,540 - __main__ - INFO - Storage summary: 15 segments, 249.1 MB used
2025-07-26 21:30:44,922 - __main__ - INFO - Health check complete. Active recordings: 1
2025-07-26 21:31:14,950 - __main__ - INFO - Health check complete. Active recordings: 1
2025-07-26 21:31:43,329 - __main__ - INFO - Health check complete. Active recordings: 1
2025-07-26 21:32:11,581 - __main__ - INFO - Health check complete. Active recordings: 1
2025-07-26 21:32:39,969 - __main__ - INFO - Health check complete. Active recordings: 1
2025-07-26 21:33:08,451 - __main__ - INFO - Health check complete. Active recordings: 1
2025-07-26 21:33:36,677 - __main__ - INFO - Health check complete. Active recordings: 1
2025-07-26 21:33:44,868 - app.core.recording.continuous_recorder - INFO - Finalized segment for camera 3: camera_3_20250726_212344_600.avi (600s, 35427040 bytes)
2025-07-26 21:33:44,869 - app.core.recording.continuous_recorder - INFO - Using codec XVID for recording
2025-07-26 21:33:44,869 - app.core.recording.continuous_recorder - INFO - Started new segment for camera 3: camera_3_20250726_213344_600.mp4
2025-07-26 21:34:04,935 - __main__ - INFO - Health check complete. Active recordings: 1
2025-07-26 21:34:33,123 - __main__ - INFO - Health check complete. Active recordings: 1
2025-07-26 21:35:01,438 - __main__ - INFO - Health check complete. Active recordings: 1
2025-07-26 21:35:01,438 - __main__ - INFO - Storage summary: 16 segments, 282.8 MB used
2025-07-26 21:35:29,754 - __main__ - INFO - Health check complete. Active recordings: 1
2025-07-26 21:35:58,087 - __main__ - INFO - Health check complete. Active recordings: 1
2025-07-26 21:36:26,360 - __main__ - INFO - Health check complete. Active recordings: 1
2025-07-26 21:36:54,692 - __main__ - INFO - Health check complete. Active recordings: 1
2025-07-26 21:37:23,088 - __main__ - INFO - Health check complete. Active recordings: 1
2025-07-26 21:37:51,355 - __main__ - INFO - Health check complete. Active recordings: 1
2025-07-26 21:38:21,386 - __main__ - INFO - Health check complete. Active recordings: 1
2025-07-26 21:38:49,686 - __main__ - INFO - Health check complete. Active recordings: 1
2025-07-26 21:39:17,882 - __main__ - INFO - Health check complete. Active recordings: 1
2025-07-26 21:39:38,713 - app.core.storage.storage_manager - INFO - Storage Health: 16 segments, 282.8 MB used, 93.3% disk free
2025-07-26 21:39:46,136 - __main__ - INFO - Health check complete. Active recordings: 1
2025-07-26 21:39:46,137 - __main__ - INFO - Storage summary: 16 segments, 282.8 MB used
2025-07-26 21:40:14,419 - __main__ - INFO - Health check complete. Active recordings: 1
2025-07-26 21:40:42,705 - __main__ - INFO - Health check complete. Active recordings: 1
2025-07-26 21:41:10,983 - __main__ - INFO - Health check complete. Active recordings: 1
2025-07-26 21:41:39,120 - __main__ - INFO - Health check complete. Active recordings: 1
2025-07-26 21:42:07,501 - __main__ - INFO - Health check complete. Active recordings: 1
2025-07-26 21:42:35,796 - __main__ - INFO - Health check complete. Active recordings: 1
2025-07-26 21:43:04,050 - __main__ - INFO - Health check complete. Active recordings: 1
2025-07-26 21:43:32,204 - __main__ - INFO - Health check complete. Active recordings: 1
2025-07-26 21:43:44,922 - app.core.recording.continuous_recorder - INFO - Finalized segment for camera 3: camera_3_20250726_213344_600.avi (600s, 38761996 bytes)
2025-07-26 21:43:44,924 - app.core.recording.continuous_recorder - INFO - Using codec XVID for recording
2025-07-26 21:43:44,924 - app.core.recording.continuous_recorder - INFO - Started new segment for camera 3: camera_3_20250726_214344_600.mp4
2025-07-26 21:44:00,484 - __main__ - INFO - Health check complete. Active recordings: 1
2025-07-26 21:44:28,874 - __main__ - INFO - Health check complete. Active recordings: 1
2025-07-26 21:44:28,875 - __main__ - INFO - Storage summary: 17 segments, 319.8 MB used
2025-07-26 21:44:58,906 - __main__ - INFO - Health check complete. Active recordings: 1
2025-07-26 21:45:27,197 - __main__ - INFO - Health check complete. Active recordings: 1
2025-07-26 21:45:55,392 - __main__ - INFO - Health check complete. Active recordings: 1
2025-07-26 21:46:23,648 - __main__ - INFO - Health check complete. Active recordings: 1
2025-07-26 21:46:51,941 - __main__ - INFO - Health check complete. Active recordings: 1
2025-07-26 21:47:20,247 - __main__ - INFO - Health check complete. Active recordings: 1
2025-07-26 21:47:48,505 - __main__ - INFO - Health check complete. Active recordings: 1
2025-07-26 21:48:16,720 - __main__ - INFO - Health check complete. Active recordings: 1
2025-07-26 21:48:44,998 - __main__ - INFO - Health check complete. Active recordings: 1
2025-07-26 21:49:13,268 - __main__ - INFO - Health check complete. Active recordings: 1
2025-07-26 21:49:13,269 - __main__ - INFO - Storage summary: 17 segments, 319.8 MB used
2025-07-26 21:49:41,473 - __main__ - INFO - Health check complete. Active recordings: 1
2025-07-26 21:50:09,542 - __main__ - INFO - Health check complete. Active recordings: 1
2025-07-26 21:50:37,671 - __main__ - INFO - Health check complete. Active recordings: 1
2025-07-26 21:51:05,841 - __main__ - INFO - Health check complete. Active recordings: 1
2025-07-26 21:51:33,743 - __main__ - INFO - Health check complete. Active recordings: 1
2025-07-26 21:52:03,777 - __main__ - INFO - Health check complete. Active recordings: 1
2025-07-26 21:52:31,950 - __main__ - INFO - Health check complete. Active recordings: 1
2025-07-26 21:52:59,954 - __main__ - INFO - Health check complete. Active recordings: 1
2025-07-26 21:53:27,701 - __main__ - INFO - Health check complete. Active recordings: 1
2025-07-26 21:53:44,925 - app.core.recording.continuous_recorder - INFO - Finalized segment for camera 3: camera_3_20250726_214344_600.avi (600s, 37103742 bytes)
2025-07-26 21:53:44,927 - app.core.recording.continuous_recorder - INFO - Using codec XVID for recording
2025-07-26 21:53:44,927 - app.core.recording.continuous_recorder - INFO - Started new segment for camera 3: camera_3_20250726_215344_600.mp4
2025-07-26 21:53:55,578 - __main__ - INFO - Health check complete. Active recordings: 1
2025-07-26 21:53:55,579 - __main__ - INFO - Storage summary: 18 segments, 355.2 MB used
2025-07-26 21:54:23,690 - __main__ - INFO - Health check complete. Active recordings: 1
2025-07-26 21:54:51,684 - __main__ - INFO - Health check complete. Active recordings: 1
2025-07-26 21:55:19,575 - __main__ - INFO - Health check complete. Active recordings: 1
2025-07-26 21:55:47,555 - __main__ - INFO - Health check complete. Active recordings: 1
2025-07-26 21:56:15,507 - __main__ - INFO - Health check complete. Active recordings: 1
2025-07-26 21:56:43,499 - __main__ - INFO - Health check complete. Active recordings: 1
2025-07-26 21:57:11,393 - __main__ - INFO - Health check complete. Active recordings: 1
2025-07-26 21:57:39,369 - __main__ - INFO - Health check complete. Active recordings: 1
2025-07-26 21:58:07,318 - __main__ - INFO - Health check complete. Active recordings: 1
2025-07-26 21:58:37,347 - __main__ - INFO - Health check complete. Active recordings: 1
2025-07-26 21:58:37,347 - __main__ - INFO - Storage summary: 18 segments, 355.2 MB used
2025-07-26 21:59:05,326 - __main__ - INFO - Health check complete. Active recordings: 1
2025-07-26 21:59:33,263 - __main__ - INFO - Health check complete. Active recordings: 1
2025-07-26 22:00:01,210 - __main__ - INFO - Health check complete. Active recordings: 1
2025-07-26 22:00:29,110 - __main__ - INFO - Health check complete. Active recordings: 1
2025-07-26 22:00:56,976 - __main__ - INFO - Health check complete. Active recordings: 1
2025-07-26 22:01:24,774 - __main__ - INFO - Health check complete. Active recordings: 1
2025-07-26 22:01:52,718 - __main__ - INFO - Health check complete. Active recordings: 1
2025-07-26 22:02:20,595 - __main__ - INFO - Health check complete. Active recordings: 1
2025-07-26 22:02:48,479 - __main__ - INFO - Health check complete. Active recordings: 1
2025-07-26 22:03:16,398 - __main__ - INFO - Health check complete. Active recordings: 1
2025-07-26 22:03:16,398 - __main__ - INFO - Storage summary: 18 segments, 355.2 MB used
2025-07-26 22:03:44,300 - __main__ - INFO - Health check complete. Active recordings: 1
2025-07-26 22:03:44,984 - app.core.recording.continuous_recorder - INFO - Finalized segment for camera 3: camera_3_20250726_215344_600.avi (600s, 36066910 bytes)
2025-07-26 22:03:44,987 - app.core.recording.continuous_recorder - INFO - Using codec XVID for recording
2025-07-26 22:03:44,987 - app.core.recording.continuous_recorder - INFO - Started new segment for camera 3: camera_3_20250726_220344_600.mp4
2025-07-26 22:04:12,230 - __main__ - INFO - Health check complete. Active recordings: 1
2025-07-26 22:04:40,090 - __main__ - INFO - Health check complete. Active recordings: 1
2025-07-26 22:05:07,890 - __main__ - INFO - Health check complete. Active recordings: 1
2025-07-26 22:05:37,920 - __main__ - INFO - Health check complete. Active recordings: 1
2025-07-26 22:06:05,797 - __main__ - INFO - Health check complete. Active recordings: 1
2025-07-26 22:06:33,706 - __main__ - INFO - Health check complete. Active recordings: 1
2025-07-26 22:07:01,541 - __main__ - INFO - Health check complete. Active recordings: 1
2025-07-26 22:07:29,444 - __main__ - INFO - Health check complete. Active recordings: 1
2025-07-26 22:07:48,259 - app.core.storage.storage_manager - INFO - Starting storage cleanup...
2025-07-26 22:07:48,260 - app.core.storage.storage_manager - INFO - Cleanup complete: No recordings to clean up
2025-07-26 22:07:48,283 - app.core.storage.storage_manager - INFO - Storage Health: 19 segments, 389.6 MB used, 93.3% disk free
2025-07-26 22:07:57,313 - __main__ - INFO - Health check complete. Active recordings: 1
2025-07-26 22:07:57,313 - __main__ - INFO - Storage summary: 19 segments, 389.6 MB used
2025-07-26 22:08:25,176 - __main__ - INFO - Health check complete. Active recordings: 1
2025-07-26 22:08:53,045 - __main__ - INFO - Health check complete. Active recordings: 1
2025-07-26 22:09:20,958 - __main__ - INFO - Health check complete. Active recordings: 1
2025-07-26 22:09:48,819 - __main__ - INFO - Health check complete. Active recordings: 1
2025-07-26 22:10:16,656 - __main__ - INFO - Health check complete. Active recordings: 1
2025-07-26 22:10:44,560 - __main__ - INFO - Health check complete. Active recordings: 1
2025-07-26 22:11:12,432 - __main__ - INFO - Health check complete. Active recordings: 1
2025-07-26 22:11:40,294 - __main__ - INFO - Health check complete. Active recordings: 1
2025-07-26 22:12:10,322 - __main__ - INFO - Health check complete. Active recordings: 1
2025-07-26 22:12:38,188 - __main__ - INFO - Health check complete. Active recordings: 1
2025-07-26 22:12:38,188 - __main__ - INFO - Storage summary: 19 segments, 389.6 MB used
2025-07-26 22:13:06,084 - __main__ - INFO - Health check complete. Active recordings: 1
2025-07-26 22:13:33,954 - __main__ - INFO - Health check complete. Active recordings: 1
2025-07-26 22:13:45,090 - app.core.recording.continuous_recorder - INFO - Finalized segment for camera 3: camera_3_20250726_220344_600.avi (600s, 35856476 bytes)
2025-07-26 22:13:45,091 - app.core.recording.continuous_recorder - INFO - Using codec XVID for recording
2025-07-26 22:13:45,091 - app.core.recording.continuous_recorder - INFO - Started new segment for camera 3: camera_3_20250726_221345_600.mp4
2025-07-26 22:14:01,848 - __main__ - INFO - Health check complete. Active recordings: 1
2025-07-26 22:14:29,695 - __main__ - INFO - Health check complete. Active recordings: 1
2025-07-26 22:14:57,605 - __main__ - INFO - Health check complete. Active recordings: 1
2025-07-26 22:15:25,445 - __main__ - INFO - Health check complete. Active recordings: 1
2025-07-26 22:15:53,286 - __main__ - INFO - Health check complete. Active recordings: 1
2025-07-26 22:16:21,099 - __main__ - INFO - Health check complete. Active recordings: 1
2025-07-26 22:16:48,965 - __main__ - INFO - Health check complete. Active recordings: 1
2025-07-26 22:17:16,749 - __main__ - INFO - Health check complete. Active recordings: 1
2025-07-26 22:17:16,749 - __main__ - INFO - Storage summary: 20 segments, 423.8 MB used
2025-07-26 22:17:44,603 - __main__ - INFO - Health check complete. Active recordings: 1
2025-07-26 22:18:12,445 - __main__ - INFO - Health check complete. Active recordings: 1
2025-07-26 22:18:40,316 - __main__ - INFO - Health check complete. Active recordings: 1
2025-07-26 22:19:10,347 - __main__ - INFO - Health check complete. Active recordings: 1
2025-07-26 22:19:38,172 - __main__ - INFO - Health check complete. Active recordings: 1
2025-07-26 22:20:06,023 - __main__ - INFO - Health check complete. Active recordings: 1
2025-07-26 22:20:33,889 - __main__ - INFO - Health check complete. Active recordings: 1
2025-07-26 22:21:01,689 - __main__ - INFO - Health check complete. Active recordings: 1
2025-07-26 22:21:29,530 - __main__ - INFO - Health check complete. Active recordings: 1
2025-07-26 22:21:57,389 - __main__ - INFO - Health check complete. Active recordings: 1
2025-07-26 22:21:57,390 - __main__ - INFO - Storage summary: 20 segments, 423.8 MB used
2025-07-26 22:22:25,252 - __main__ - INFO - Health check complete. Active recordings: 1
2025-07-26 22:22:53,085 - __main__ - INFO - Health check complete. Active recordings: 1
2025-07-26 22:23:20,898 - __main__ - INFO - Health check complete. Active recordings: 1
2025-07-26 22:23:45,181 - app.core.recording.continuous_recorder - INFO - Finalized segment for camera 3: camera_3_20250726_221345_600.avi (600s, 33664158 bytes)
2025-07-26 22:23:45,183 - app.core.recording.continuous_recorder - INFO - Using codec XVID for recording
2025-07-26 22:23:45,183 - app.core.recording.continuous_recorder - INFO - Started new segment for camera 3: camera_3_20250726_222345_600.mp4
2025-07-26 22:23:48,691 - __main__ - INFO - Health check complete. Active recordings: 1
2025-07-26 22:24:16,544 - __main__ - INFO - Health check complete. Active recordings: 1
2025-07-26 22:24:44,374 - __main__ - INFO - Health check complete. Active recordings: 1
2025-07-26 22:25:12,204 - __main__ - INFO - Health check complete. Active recordings: 1
2025-07-26 22:25:42,216 - __main__ - INFO - Health check complete. Active recordings: 1
2025-07-26 22:26:10,083 - __main__ - INFO - Health check complete. Active recordings: 1
2025-07-26 22:26:37,938 - __main__ - INFO - Health check complete. Active recordings: 1
2025-07-26 22:26:37,938 - __main__ - INFO - Storage summary: 21 segments, 455.9 MB used
2025-07-26 22:27:05,741 - __main__ - INFO - Health check complete. Active recordings: 1
2025-07-26 22:27:33,648 - __main__ - INFO - Health check complete. Active recordings: 1
2025-07-26 22:28:01,532 - __main__ - INFO - Health check complete. Active recordings: 1
2025-07-26 22:28:29,334 - __main__ - INFO - Health check complete. Active recordings: 1
2025-07-26 22:28:57,150 - __main__ - INFO - Health check complete. Active recordings: 1
2025-07-26 22:29:24,961 - __main__ - INFO - Health check complete. Active recordings: 1
2025-07-26 22:29:52,831 - __main__ - INFO - Health check complete. Active recordings: 1
2025-07-26 22:30:20,675 - __main__ - INFO - Health check complete. Active recordings: 1
2025-07-26 22:30:48,468 - __main__ - INFO - Health check complete. Active recordings: 1
2025-07-26 22:31:16,307 - __main__ - INFO - Health check complete. Active recordings: 1
2025-07-26 22:31:16,307 - __main__ - INFO - Storage summary: 21 segments, 455.9 MB used
2025-07-26 22:31:44,096 - __main__ - INFO - Health check complete. Active recordings: 1
2025-07-26 22:32:11,868 - __main__ - INFO - Health check complete. Active recordings: 1
2025-07-26 22:32:41,900 - __main__ - INFO - Health check complete. Active recordings: 1
2025-07-26 22:33:09,781 - __main__ - INFO - Health check complete. Active recordings: 1
2025-07-26 22:33:37,646 - __main__ - INFO - Health check complete. Active recordings: 1
2025-07-26 22:33:45,231 - app.core.recording.continuous_recorder - INFO - Finalized segment for camera 3: camera_3_20250726_222345_600.avi (600s, 27392010 bytes)
2025-07-26 22:33:45,232 - app.core.recording.continuous_recorder - INFO - Using codec XVID for recording
2025-07-26 22:33:45,232 - app.core.recording.continuous_recorder - INFO - Started new segment for camera 3: camera_3_20250726_223345_600.mp4
2025-07-26 22:34:05,464 - __main__ - INFO - Health check complete. Active recordings: 1
2025-07-26 22:34:33,251 - __main__ - INFO - Health check complete. Active recordings: 1
2025-07-26 22:35:01,079 - __main__ - INFO - Health check complete. Active recordings: 1
2025-07-26 22:35:28,948 - __main__ - INFO - Health check complete. Active recordings: 1
2025-07-26 22:35:46,158 - app.core.storage.storage_manager - INFO - Storage Health: 22 segments, 482.0 MB used, 93.3% disk free
2025-07-26 22:35:56,770 - __main__ - INFO - Health check complete. Active recordings: 1
2025-07-26 22:35:56,770 - __main__ - INFO - Storage summary: 22 segments, 482.0 MB used
2025-07-26 22:36:24,600 - __main__ - INFO - Health check complete. Active recordings: 1
2025-07-26 22:36:52,438 - __main__ - INFO - Health check complete. Active recordings: 1
2025-07-26 22:37:20,259 - __main__ - INFO - Health check complete. Active recordings: 1
2025-07-26 22:37:48,009 - __main__ - INFO - Health check complete. Active recordings: 1
2025-07-26 22:38:15,802 - __main__ - INFO - Health check complete. Active recordings: 1
2025-07-26 22:38:43,647 - __main__ - INFO - Health check complete. Active recordings: 1
2025-07-26 22:39:13,675 - __main__ - INFO - Health check complete. Active recordings: 1
2025-07-26 22:39:41,484 - __main__ - INFO - Health check complete. Active recordings: 1
2025-07-26 22:40:09,272 - __main__ - INFO - Health check complete. Active recordings: 1
2025-07-26 22:40:37,095 - __main__ - INFO - Health check complete. Active recordings: 1
2025-07-26 22:40:37,096 - __main__ - INFO - Storage summary: 22 segments, 482.0 MB used
2025-07-26 22:41:04,921 - __main__ - INFO - Health check complete. Active recordings: 1
2025-07-26 22:41:32,747 - __main__ - INFO - Health check complete. Active recordings: 1
2025-07-26 22:42:00,578 - __main__ - INFO - Health check complete. Active recordings: 1
2025-07-26 22:42:28,394 - __main__ - INFO - Health check complete. Active recordings: 1
2025-07-26 22:42:56,210 - __main__ - INFO - Health check complete. Active recordings: 1
2025-07-26 22:43:23,948 - __main__ - INFO - Health check complete. Active recordings: 1
2025-07-26 22:43:45,288 - app.core.recording.continuous_recorder - INFO - Finalized segment for camera 3: camera_3_20250726_223345_600.avi (600s, 27358844 bytes)
2025-07-26 22:43:45,288 - app.core.recording.continuous_recorder - INFO - Using codec XVID for recording
2025-07-26 22:43:45,288 - app.core.recording.continuous_recorder - INFO - Started new segment for camera 3: camera_3_20250726_224345_600.mp4
2025-07-26 22:43:51,707 - __main__ - INFO - Health check complete. Active recordings: 1
2025-07-26 22:44:19,538 - __main__ - INFO - Health check complete. Active recordings: 1
2025-07-26 22:44:47,348 - __main__ - INFO - Health check complete. Active recordings: 1
2025-07-26 22:45:15,145 - __main__ - INFO - Health check complete. Active recordings: 1
2025-07-26 22:45:15,146 - __main__ - INFO - Storage summary: 23 segments, 508.1 MB used
2025-07-26 22:45:42,975 - __main__ - INFO - Health check complete. Active recordings: 1
2025-07-26 22:46:13,008 - __main__ - INFO - Health check complete. Active recordings: 1
2025-07-26 22:46:40,826 - __main__ - INFO - Health check complete. Active recordings: 1
2025-07-26 22:47:08,614 - __main__ - INFO - Health check complete. Active recordings: 1
2025-07-26 22:47:36,399 - __main__ - INFO - Health check complete. Active recordings: 1
2025-07-26 22:48:04,236 - __main__ - INFO - Health check complete. Active recordings: 1
2025-07-26 22:48:32,040 - __main__ - INFO - Health check complete. Active recordings: 1
2025-07-26 22:48:59,799 - __main__ - INFO - Health check complete. Active recordings: 1
2025-07-26 22:49:27,644 - __main__ - INFO - Health check complete. Active recordings: 1
2025-07-26 22:49:55,521 - __main__ - INFO - Health check complete. Active recordings: 1
2025-07-26 22:49:55,522 - __main__ - INFO - Storage summary: 23 segments, 508.1 MB used
2025-07-26 22:50:23,351 - __main__ - INFO - Health check complete. Active recordings: 1
2025-07-26 22:50:51,200 - __main__ - INFO - Health check complete. Active recordings: 1
2025-07-26 22:51:19,040 - __main__ - INFO - Health check complete. Active recordings: 1
2025-07-26 22:51:46,871 - __main__ - INFO - Health check complete. Active recordings: 1
2025-07-26 22:52:14,726 - __main__ - INFO - Health check complete. Active recordings: 1
2025-07-26 22:52:44,741 - __main__ - INFO - Health check complete. Active recordings: 1
2025-07-26 22:53:12,589 - __main__ - INFO - Health check complete. Active recordings: 1
2025-07-26 22:53:40,520 - __main__ - INFO - Health check complete. Active recordings: 1
2025-07-26 22:53:45,324 - app.core.recording.continuous_recorder - INFO - Finalized segment for camera 3: camera_3_20250726_224345_600.avi (600s, 27220882 bytes)
2025-07-26 22:53:45,325 - app.core.recording.continuous_recorder - INFO - Using codec XVID for recording
2025-07-26 22:53:45,325 - app.core.recording.continuous_recorder - INFO - Started new segment for camera 3: camera_3_20250726_225345_600.mp4
2025-07-26 22:54:08,376 - __main__ - INFO - Health check complete. Active recordings: 1
2025-07-26 22:54:36,181 - __main__ - INFO - Health check complete. Active recordings: 1
2025-07-26 22:54:36,181 - __main__ - INFO - Storage summary: 24 segments, 534.1 MB used
2025-07-26 22:55:04,034 - __main__ - INFO - Health check complete. Active recordings: 1
2025-07-26 22:55:31,873 - __main__ - INFO - Health check complete. Active recordings: 1
2025-07-26 22:55:59,657 - __main__ - INFO - Health check complete. Active recordings: 1
2025-07-26 22:56:27,521 - __main__ - INFO - Health check complete. Active recordings: 1
2025-07-26 22:56:55,423 - __main__ - INFO - Health check complete. Active recordings: 1
2025-07-26 22:57:23,262 - __main__ - INFO - Health check complete. Active recordings: 1
2025-07-26 22:57:51,042 - __main__ - INFO - Health check complete. Active recordings: 1
2025-07-26 22:58:18,915 - __main__ - INFO - Health check complete. Active recordings: 1
2025-07-26 22:58:46,786 - __main__ - INFO - Health check complete. Active recordings: 1
2025-07-26 22:59:14,638 - __main__ - INFO - Health check complete. Active recordings: 1
2025-07-26 22:59:14,638 - __main__ - INFO - Storage summary: 24 segments, 534.1 MB used
2025-07-26 22:59:44,669 - __main__ - INFO - Health check complete. Active recordings: 1
2025-07-26 23:00:12,512 - __main__ - INFO - Health check complete. Active recordings: 1
2025-07-26 23:00:40,394 - __main__ - INFO - Health check complete. Active recordings: 1
2025-07-26 23:01:08,222 - __main__ - INFO - Health check complete. Active recordings: 1
2025-07-26 23:01:36,011 - __main__ - INFO - Health check complete. Active recordings: 1
2025-07-26 23:02:03,844 - __main__ - INFO - Health check complete. Active recordings: 1
2025-07-26 23:02:31,682 - __main__ - INFO - Health check complete. Active recordings: 1
2025-07-26 23:02:59,542 - __main__ - INFO - Health check complete. Active recordings: 1
2025-07-26 23:03:27,346 - __main__ - INFO - Health check complete. Active recordings: 1
2025-07-26 23:03:45,063 - app.core.storage.storage_manager - INFO - Starting storage cleanup...
2025-07-26 23:03:45,064 - app.core.storage.storage_manager - INFO - Cleanup complete: No recordings to clean up
2025-07-26 23:03:45,089 - app.core.storage.storage_manager - INFO - Storage Health: 24 segments, 534.1 MB used, 93.3% disk free
2025-07-26 23:03:45,334 - app.core.recording.continuous_recorder - INFO - Finalized segment for camera 3: camera_3_20250726_225345_600.avi (600s, 26603390 bytes)
2025-07-26 23:03:45,336 - app.core.recording.continuous_recorder - INFO - Using codec XVID for recording
2025-07-26 23:03:45,336 - app.core.recording.continuous_recorder - INFO - Started new segment for camera 3: camera_3_20250726_230345_600.mp4
2025-07-26 23:03:55,179 - __main__ - INFO - Health check complete. Active recordings: 1
2025-07-26 23:03:55,179 - __main__ - INFO - Storage summary: 25 segments, 559.4 MB used
2025-07-26 23:04:23,008 - __main__ - INFO - Health check complete. Active recordings: 1
2025-07-26 23:04:50,779 - __main__ - INFO - Health check complete. Active recordings: 1
2025-07-26 23:05:18,700 - __main__ - INFO - Health check complete. Active recordings: 1
2025-07-26 23:05:46,586 - __main__ - INFO - Health check complete. Active recordings: 1
2025-07-26 23:06:16,619 - __main__ - INFO - Health check complete. Active recordings: 1
2025-07-26 23:06:44,472 - __main__ - INFO - Health check complete. Active recordings: 1
2025-07-26 23:07:12,302 - __main__ - INFO - Health check complete. Active recordings: 1
2025-07-26 23:07:40,155 - __main__ - INFO - Health check complete. Active recordings: 1
2025-07-26 23:08:08,000 - __main__ - INFO - Health check complete. Active recordings: 1
2025-07-26 23:08:35,804 - __main__ - INFO - Health check complete. Active recordings: 1
2025-07-26 23:08:35,804 - __main__ - INFO - Storage summary: 25 segments, 559.4 MB used
2025-07-26 23:09:03,690 - __main__ - INFO - Health check complete. Active recordings: 1
2025-07-26 23:09:31,591 - __main__ - INFO - Health check complete. Active recordings: 1
2025-07-26 23:09:59,453 - __main__ - INFO - Health check complete. Active recordings: 1
2025-07-26 23:10:27,281 - __main__ - INFO - Health check complete. Active recordings: 1
2025-07-26 23:10:55,114 - __main__ - INFO - Health check complete. Active recordings: 1
2025-07-26 23:11:23,010 - __main__ - INFO - Health check complete. Active recordings: 1
2025-07-26 23:11:50,809 - __main__ - INFO - Health check complete. Active recordings: 1
2025-07-26 23:12:18,677 - __main__ - INFO - Health check complete. Active recordings: 1
2025-07-26 23:12:46,591 - __main__ - INFO - Health check complete. Active recordings: 1
2025-07-26 23:13:16,618 - __main__ - INFO - Health check complete. Active recordings: 1
2025-07-26 23:13:16,618 - __main__ - INFO - Storage summary: 25 segments, 559.4 MB used
2025-07-26 23:13:44,457 - __main__ - INFO - Health check complete. Active recordings: 1
2025-07-26 23:13:45,412 - app.core.recording.continuous_recorder - INFO - Finalized segment for camera 3: camera_3_20250726_230345_600.avi (600s, 26588772 bytes)
2025-07-26 23:13:45,412 - app.core.recording.continuous_recorder - INFO - Using codec XVID for recording
2025-07-26 23:13:45,412 - app.core.recording.continuous_recorder - INFO - Started new segment for camera 3: camera_3_20250726_231345_600.mp4
2025-07-26 23:14:12,261 - __main__ - INFO - Health check complete. Active recordings: 1
2025-07-26 23:14:40,179 - __main__ - INFO - Health check complete. Active recordings: 1
2025-07-26 23:15:08,097 - __main__ - INFO - Health check complete. Active recordings: 1
2025-07-26 23:15:35,964 - __main__ - INFO - Health check complete. Active recordings: 1
2025-07-26 23:16:03,786 - __main__ - INFO - Health check complete. Active recordings: 1
2025-07-26 23:16:31,646 - __main__ - INFO - Health check complete. Active recordings: 1
2025-07-26 23:16:59,469 - __main__ - INFO - Health check complete. Active recordings: 1
2025-07-26 23:17:27,310 - __main__ - INFO - Health check complete. Active recordings: 1
2025-07-26 23:17:55,203 - __main__ - INFO - Health check complete. Active recordings: 1
2025-07-26 23:17:55,204 - __main__ - INFO - Storage summary: 26 segments, 584.8 MB used
2025-07-26 23:18:23,123 - __main__ - INFO - Health check complete. Active recordings: 1
2025-07-26 23:18:50,978 - __main__ - INFO - Health check complete. Active recordings: 1
2025-07-26 23:19:18,857 - __main__ - INFO - Health check complete. Active recordings: 1
2025-07-26 23:19:48,875 - __main__ - INFO - Health check complete. Active recordings: 1
2025-07-26 23:20:16,773 - __main__ - INFO - Health check complete. Active recordings: 1
2025-07-26 23:20:44,651 - __main__ - INFO - Health check complete. Active recordings: 1
2025-07-26 23:21:12,481 - __main__ - INFO - Health check complete. Active recordings: 1
2025-07-26 23:21:40,355 - __main__ - INFO - Health check complete. Active recordings: 1
2025-07-26 23:22:08,245 - __main__ - INFO - Health check complete. Active recordings: 1
2025-07-26 23:22:36,162 - __main__ - INFO - Health check complete. Active recordings: 1
2025-07-26 23:22:36,163 - __main__ - INFO - Storage summary: 26 segments, 584.8 MB used
2025-07-26 23:23:04,039 - __main__ - INFO - Health check complete. Active recordings: 1
2025-07-26 23:23:31,906 - __main__ - INFO - Health check complete. Active recordings: 1
2025-07-26 23:23:45,429 - app.core.recording.continuous_recorder - INFO - Finalized segment for camera 3: camera_3_20250726_231345_600.avi (600s, 27404860 bytes)
2025-07-26 23:23:45,430 - app.core.recording.continuous_recorder - INFO - Using codec XVID for recording
2025-07-26 23:23:45,430 - app.core.recording.continuous_recorder - INFO - Started new segment for camera 3: camera_3_20250726_232345_600.mp4
2025-07-26 23:23:59,810 - __main__ - INFO - Health check complete. Active recordings: 1
2025-07-26 23:24:27,646 - __main__ - INFO - Health check complete. Active recordings: 1
2025-07-26 23:24:55,536 - __main__ - INFO - Health check complete. Active recordings: 1
2025-07-26 23:25:23,382 - __main__ - INFO - Health check complete. Active recordings: 1
2025-07-26 23:25:51,313 - __main__ - INFO - Health check complete. Active recordings: 1
2025-07-26 23:26:19,185 - __main__ - INFO - Health check complete. Active recordings: 1
2025-07-26 23:26:49,243 - __main__ - INFO - Health check complete. Active recordings: 1
2025-07-26 23:27:17,073 - __main__ - INFO - Health check complete. Active recordings: 1
2025-07-26 23:27:17,074 - __main__ - INFO - Storage summary: 27 segments, 610.9 MB used
2025-07-26 23:27:44,966 - __main__ - INFO - Health check complete. Active recordings: 1
2025-07-26 23:28:12,907 - __main__ - INFO - Health check complete. Active recordings: 1
2025-07-26 23:28:40,778 - __main__ - INFO - Health check complete. Active recordings: 1
2025-07-26 23:29:08,622 - __main__ - INFO - Health check complete. Active recordings: 1
2025-07-26 23:29:36,542 - __main__ - INFO - Health check complete. Active recordings: 1
2025-07-26 23:30:04,453 - __main__ - INFO - Health check complete. Active recordings: 1
2025-07-26 23:30:32,331 - __main__ - INFO - Health check complete. Active recordings: 1
2025-07-26 23:31:00,295 - __main__ - INFO - Health check complete. Active recordings: 1
2025-07-26 23:31:28,193 - __main__ - INFO - Health check complete. Active recordings: 1
2025-07-26 23:31:44,209 - app.core.storage.storage_manager - INFO - Storage Health: 27 segments, 610.9 MB used, 93.3% disk free
2025-07-26 23:31:56,078 - __main__ - INFO - Health check complete. Active recordings: 1
2025-07-26 23:31:56,079 - __main__ - INFO - Storage summary: 27 segments, 610.9 MB used
2025-07-26 23:32:23,949 - __main__ - INFO - Health check complete. Active recordings: 1
2025-07-26 23:32:51,861 - __main__ - INFO - Health check complete. Active recordings: 1
2025-07-26 23:33:21,897 - __main__ - INFO - Health check complete. Active recordings: 1
2025-07-26 23:33:45,493 - app.core.recording.continuous_recorder - INFO - Finalized segment for camera 3: camera_3_20250726_232345_600.avi (600s, 26543808 bytes)
2025-07-26 23:33:45,494 - app.core.recording.continuous_recorder - INFO - Using codec XVID for recording
2025-07-26 23:33:45,494 - app.core.recording.continuous_recorder - INFO - Started new segment for camera 3: camera_3_20250726_233345_600.mp4
2025-07-26 23:33:49,865 - __main__ - INFO - Health check complete. Active recordings: 1
2025-07-26 23:34:17,771 - __main__ - INFO - Health check complete. Active recordings: 1
2025-07-26 23:34:45,636 - __main__ - INFO - Health check complete. Active recordings: 1
2025-07-26 23:35:13,597 - __main__ - INFO - Health check complete. Active recordings: 1
2025-07-26 23:35:41,577 - __main__ - INFO - Health check complete. Active recordings: 1
2025-07-26 23:36:09,462 - __main__ - INFO - Health check complete. Active recordings: 1
2025-07-26 23:36:37,364 - __main__ - INFO - Health check complete. Active recordings: 1
2025-07-26 23:36:37,365 - __main__ - INFO - Storage summary: 28 segments, 636.2 MB used
2025-07-26 23:37:05,283 - __main__ - INFO - Health check complete. Active recordings: 1
2025-07-26 23:37:33,208 - __main__ - INFO - Health check complete. Active recordings: 1
2025-07-26 23:38:01,118 - __main__ - INFO - Health check complete. Active recordings: 1
2025-07-26 23:38:29,065 - __main__ - INFO - Health check complete. Active recordings: 1
2025-07-26 23:38:57,003 - __main__ - INFO - Health check complete. Active recordings: 1
2025-07-26 23:39:24,923 - __main__ - INFO - Health check complete. Active recordings: 1
2025-07-26 23:39:52,877 - __main__ - INFO - Health check complete. Active recordings: 1
2025-07-26 23:40:22,911 - __main__ - INFO - Health check complete. Active recordings: 1
2025-07-26 23:40:50,829 - __main__ - INFO - Health check complete. Active recordings: 1
2025-07-26 23:41:18,753 - __main__ - INFO - Health check complete. Active recordings: 1
2025-07-26 23:41:18,753 - __main__ - INFO - Storage summary: 28 segments, 636.2 MB used
2025-07-26 23:41:46,601 - __main__ - INFO - Health check complete. Active recordings: 1
2025-07-26 23:42:14,527 - __main__ - INFO - Health check complete. Active recordings: 1
2025-07-26 23:42:42,463 - __main__ - INFO - Health check complete. Active recordings: 1
2025-07-26 23:43:10,420 - __main__ - INFO - Health check complete. Active recordings: 1
2025-07-26 23:43:38,313 - __main__ - INFO - Health check complete. Active recordings: 1
2025-07-26 23:43:45,550 - app.core.recording.continuous_recorder - INFO - Finalized segment for camera 3: camera_3_20250726_233345_600.avi (600s, 26528452 bytes)
2025-07-26 23:43:45,551 - app.core.recording.continuous_recorder - INFO - Using codec XVID for recording
2025-07-26 23:43:45,551 - app.core.recording.continuous_recorder - INFO - Started new segment for camera 3: camera_3_20250726_234345_600.mp4
2025-07-26 23:44:06,222 - __main__ - INFO - Health check complete. Active recordings: 1
2025-07-26 23:44:34,190 - __main__ - INFO - Health check complete. Active recordings: 1
2025-07-26 23:45:02,124 - __main__ - INFO - Health check complete. Active recordings: 1
2025-07-26 23:45:30,042 - __main__ - INFO - Health check complete. Active recordings: 1
2025-07-26 23:45:57,962 - __main__ - INFO - Health check complete. Active recordings: 1
2025-07-26 23:45:57,963 - __main__ - INFO - Storage summary: 29 segments, 661.5 MB used
2025-07-26 23:46:25,902 - __main__ - INFO - Health check complete. Active recordings: 1
2025-07-26 23:46:55,938 - __main__ - INFO - Health check complete. Active recordings: 1
2025-07-26 23:47:23,843 - __main__ - INFO - Health check complete. Active recordings: 1
2025-07-26 23:47:51,786 - __main__ - INFO - Health check complete. Active recordings: 1
2025-07-26 23:48:19,701 - __main__ - INFO - Health check complete. Active recordings: 1
2025-07-26 23:48:47,666 - __main__ - INFO - Health check complete. Active recordings: 1
2025-07-26 23:49:15,608 - __main__ - INFO - Health check complete. Active recordings: 1
2025-07-26 23:49:43,619 - __main__ - INFO - Health check complete. Active recordings: 1
2025-07-26 23:50:11,541 - __main__ - INFO - Health check complete. Active recordings: 1
2025-07-26 23:50:39,524 - __main__ - INFO - Health check complete. Active recordings: 1
2025-07-26 23:50:39,524 - __main__ - INFO - Storage summary: 29 segments, 661.5 MB used
2025-07-26 23:51:07,431 - __main__ - INFO - Health check complete. Active recordings: 1
2025-07-26 23:51:35,441 - __main__ - INFO - Health check complete. Active recordings: 1
2025-07-26 23:52:03,344 - __main__ - INFO - Health check complete. Active recordings: 1
2025-07-26 23:52:31,279 - __main__ - INFO - Health check complete. Active recordings: 1
2025-07-26 23:52:59,204 - __main__ - INFO - Health check complete. Active recordings: 1
2025-07-26 23:53:27,223 - __main__ - INFO - Health check complete. Active recordings: 1
2025-07-26 23:53:45,564 - app.core.recording.continuous_recorder - INFO - Finalized segment for camera 3: camera_3_20250726_234345_600.avi (600s, 27382754 bytes)
2025-07-26 23:53:45,565 - app.core.recording.continuous_recorder - INFO - Using codec XVID for recording
2025-07-26 23:53:45,565 - app.core.recording.continuous_recorder - INFO - Started new segment for camera 3: camera_3_20250726_235345_600.mp4
2025-07-26 23:53:57,254 - __main__ - INFO - Health check complete. Active recordings: 1
2025-07-26 23:54:25,229 - __main__ - INFO - Health check complete. Active recordings: 1
2025-07-26 23:54:53,162 - __main__ - INFO - Health check complete. Active recordings: 1
2025-07-26 23:55:21,079 - __main__ - INFO - Health check complete. Active recordings: 1
2025-07-26 23:55:21,080 - __main__ - INFO - Storage summary: 30 segments, 687.7 MB used
2025-07-26 23:55:49,056 - __main__ - INFO - Health check complete. Active recordings: 1
2025-07-26 23:56:17,022 - __main__ - INFO - Health check complete. Active recordings: 1
2025-07-26 23:56:44,959 - __main__ - INFO - Health check complete. Active recordings: 1
2025-07-26 23:57:12,924 - __main__ - INFO - Health check complete. Active recordings: 1
2025-07-26 23:57:40,872 - __main__ - INFO - Health check complete. Active recordings: 1
2025-07-26 23:58:08,833 - __main__ - INFO - Health check complete. Active recordings: 1
2025-07-26 23:58:36,829 - __main__ - INFO - Health check complete. Active recordings: 1
2025-07-26 23:59:04,788 - __main__ - INFO - Health check complete. Active recordings: 1
2025-07-26 23:59:32,712 - __main__ - INFO - Health check complete. Active recordings: 1
2025-07-26 23:59:46,851 - app.core.storage.storage_manager - INFO - Starting storage cleanup...
2025-07-26 23:59:46,851 - app.core.storage.storage_manager - INFO - Cleanup complete: No recordings to clean up
2025-07-26 23:59:46,881 - app.core.storage.storage_manager - INFO - Storage Health: 30 segments, 687.7 MB used, 93.3% disk free
2025-07-27 00:00:00,591 - __main__ - INFO - Health check complete. Active recordings: 1
2025-07-27 00:00:00,592 - __main__ - INFO - Storage summary: 30 segments, 687.7 MB used
2025-07-27 00:00:30,624 - __main__ - INFO - Health check complete. Active recordings: 1
2025-07-27 00:00:58,556 - __main__ - INFO - Health check complete. Active recordings: 1
2025-07-27 00:01:26,505 - __main__ - INFO - Health check complete. Active recordings: 1
2025-07-27 00:01:54,403 - __main__ - INFO - Health check complete. Active recordings: 1
2025-07-27 00:02:22,361 - __main__ - INFO - Health check complete. Active recordings: 1
2025-07-27 00:02:50,328 - __main__ - INFO - Health check complete. Active recordings: 1
2025-07-27 00:03:18,274 - __main__ - INFO - Health check complete. Active recordings: 1
2025-07-27 00:03:45,571 - app.core.recording.continuous_recorder - INFO - Finalized segment for camera 3: camera_3_20250726_235345_600.avi (600s, 27225866 bytes)
2025-07-27 00:03:45,573 - app.core.recording.continuous_recorder - INFO - Using codec XVID for recording
2025-07-27 00:03:45,573 - app.core.recording.continuous_recorder - INFO - Started new segment for camera 3: camera_3_20250727_000345_600.mp4
2025-07-27 00:03:46,212 - __main__ - INFO - Health check complete. Active recordings: 1
2025-07-27 00:04:14,197 - __main__ - INFO - Health check complete. Active recordings: 1
2025-07-27 00:04:42,128 - __main__ - INFO - Health check complete. Active recordings: 1
2025-07-27 00:04:42,128 - __main__ - INFO - Storage summary: 31 segments, 713.6 MB used
2025-07-27 00:05:10,119 - __main__ - INFO - Health check complete. Active recordings: 1
2025-07-27 00:05:38,047 - __main__ - INFO - Health check complete. Active recordings: 1
2025-07-27 00:06:06,046 - __main__ - INFO - Health check complete. Active recordings: 1
2025-07-27 00:06:34,001 - __main__ - INFO - Health check complete. Active recordings: 1
2025-07-27 00:07:02,004 - __main__ - INFO - Health check complete. Active recordings: 1
2025-07-27 00:07:32,037 - __main__ - INFO - Health check complete. Active recordings: 1
2025-07-27 00:07:59,994 - __main__ - INFO - Health check complete. Active recordings: 1
2025-07-27 00:08:27,976 - __main__ - INFO - Health check complete. Active recordings: 1
2025-07-27 00:08:55,940 - __main__ - INFO - Health check complete. Active recordings: 1
2025-07-27 00:09:23,920 - __main__ - INFO - Health check complete. Active recordings: 1
2025-07-27 00:09:23,920 - __main__ - INFO - Storage summary: 31 segments, 713.6 MB used
2025-07-27 00:09:51,908 - __main__ - INFO - Health check complete. Active recordings: 1
2025-07-27 00:10:19,853 - __main__ - INFO - Health check complete. Active recordings: 1
2025-07-27 00:10:47,780 - __main__ - INFO - Health check complete. Active recordings: 1
2025-07-27 00:11:15,700 - __main__ - INFO - Health check complete. Active recordings: 1
2025-07-27 00:11:43,707 - __main__ - INFO - Health check complete. Active recordings: 1
2025-07-27 00:12:11,687 - __main__ - INFO - Health check complete. Active recordings: 1
2025-07-27 00:12:39,663 - __main__ - INFO - Health check complete. Active recordings: 1
2025-07-27 00:13:07,604 - __main__ - INFO - Health check complete. Active recordings: 1
2025-07-27 00:13:35,622 - __main__ - INFO - Health check complete. Active recordings: 1
2025-07-27 00:13:45,589 - app.core.recording.continuous_recorder - INFO - Finalized segment for camera 3: camera_3_20250727_000345_600.avi (600s, 27386542 bytes)
2025-07-27 00:13:45,590 - app.core.recording.continuous_recorder - INFO - Using codec XVID for recording
2025-07-27 00:13:45,590 - app.core.recording.continuous_recorder - INFO - Started new segment for camera 3: camera_3_20250727_001345_600.mp4
2025-07-27 00:14:05,655 - __main__ - INFO - Health check complete. Active recordings: 1
2025-07-27 00:14:05,655 - __main__ - INFO - Storage summary: 32 segments, 739.7 MB used
2025-07-27 00:14:33,664 - __main__ - INFO - Health check complete. Active recordings: 1
2025-07-27 00:15:01,644 - __main__ - INFO - Health check complete. Active recordings: 1
2025-07-27 00:15:29,584 - __main__ - INFO - Health check complete. Active recordings: 1
2025-07-27 00:15:57,604 - __main__ - INFO - Health check complete. Active recordings: 1
2025-07-27 00:16:25,580 - __main__ - INFO - Health check complete. Active recordings: 1
2025-07-27 00:16:53,575 - __main__ - INFO - Health check complete. Active recordings: 1
2025-07-27 00:17:21,548 - __main__ - INFO - Health check complete. Active recordings: 1
2025-07-27 00:17:49,562 - __main__ - INFO - Health check complete. Active recordings: 1
2025-07-27 00:18:17,553 - __main__ - INFO - Health check complete. Active recordings: 1
2025-07-27 00:18:45,553 - __main__ - INFO - Health check complete. Active recordings: 1
2025-07-27 00:18:45,554 - __main__ - INFO - Storage summary: 32 segments, 739.7 MB used
2025-07-27 00:19:13,567 - __main__ - INFO - Health check complete. Active recordings: 1
2025-07-27 00:19:41,522 - __main__ - INFO - Health check complete. Active recordings: 1
2025-07-27 00:20:09,494 - __main__ - INFO - Health check complete. Active recordings: 1
2025-07-27 00:20:37,502 - __main__ - INFO - Health check complete. Active recordings: 1
2025-07-27 00:21:07,532 - __main__ - INFO - Health check complete. Active recordings: 1
2025-07-27 00:21:35,549 - __main__ - INFO - Health check complete. Active recordings: 1
2025-07-27 00:22:03,556 - __main__ - INFO - Health check complete. Active recordings: 1
2025-07-27 00:22:31,640 - __main__ - INFO - Health check complete. Active recordings: 1
2025-07-27 00:22:59,727 - __main__ - INFO - Health check complete. Active recordings: 1
2025-07-27 00:23:27,701 - __main__ - INFO - Health check complete. Active recordings: 1
2025-07-27 00:23:27,701 - __main__ - INFO - Storage summary: 32 segments, 739.7 MB used
2025-07-27 00:23:45,664 - app.core.recording.continuous_recorder - INFO - Finalized segment for camera 3: camera_3_20250727_001345_600.avi (600s, 27276954 bytes)
2025-07-27 00:23:45,665 - app.core.recording.continuous_recorder - INFO - Using codec XVID for recording
2025-07-27 00:23:45,665 - app.core.recording.continuous_recorder - INFO - Started new segment for camera 3: camera_3_20250727_002345_600.mp4
2025-07-27 00:23:55,679 - __main__ - INFO - Health check complete. Active recordings: 1
2025-07-27 00:24:23,777 - __main__ - INFO - Health check complete. Active recordings: 1
2025-07-27 00:24:51,837 - __main__ - INFO - Health check complete. Active recordings: 1
2025-07-27 00:25:19,857 - __main__ - INFO - Health check complete. Active recordings: 1
2025-07-27 00:25:47,847 - __main__ - INFO - Health check complete. Active recordings: 1
2025-07-27 00:26:15,822 - __main__ - INFO - Health check complete. Active recordings: 1
2025-07-27 00:26:43,844 - __main__ - INFO - Health check complete. Active recordings: 1
2025-07-27 00:27:11,861 - __main__ - INFO - Health check complete. Active recordings: 1
2025-07-27 00:27:39,875 - __main__ - INFO - Health check complete. Active recordings: 1
2025-07-27 00:27:52,179 - app.core.storage.storage_manager - INFO - Storage Health: 33 segments, 765.7 MB used, 93.3% disk free
2025-07-27 00:28:09,899 - __main__ - INFO - Health check complete. Active recordings: 1
2025-07-27 00:28:09,900 - __main__ - INFO - Storage summary: 33 segments, 765.7 MB used
2025-07-27 00:28:37,960 - __main__ - INFO - Health check complete. Active recordings: 1
2025-07-27 00:29:05,999 - __main__ - INFO - Health check complete. Active recordings: 1
2025-07-27 00:29:34,041 - __main__ - INFO - Health check complete. Active recordings: 1
2025-07-27 00:30:02,053 - __main__ - INFO - Health check complete. Active recordings: 1
2025-07-27 00:30:30,103 - __main__ - INFO - Health check complete. Active recordings: 1
2025-07-27 00:30:58,132 - __main__ - INFO - Health check complete. Active recordings: 1
2025-07-27 00:31:26,137 - __main__ - INFO - Health check complete. Active recordings: 1
2025-07-27 00:31:54,184 - __main__ - INFO - Health check complete. Active recordings: 1
2025-07-27 00:32:22,208 - __main__ - INFO - Health check complete. Active recordings: 1
2025-07-27 00:32:50,321 - __main__ - INFO - Health check complete. Active recordings: 1
2025-07-27 00:32:50,321 - __main__ - INFO - Storage summary: 33 segments, 765.7 MB used
2025-07-27 00:33:18,361 - __main__ - INFO - Health check complete. Active recordings: 1
2025-07-27 00:33:45,850 - app.core.recording.continuous_recorder - INFO - Finalized segment for camera 3: camera_3_20250727_002345_600.avi (600s, 27294048 bytes)
2025-07-27 00:33:45,851 - app.core.recording.continuous_recorder - INFO - Using codec XVID for recording
2025-07-27 00:33:45,851 - app.core.recording.continuous_recorder - INFO - Started new segment for camera 3: camera_3_20250727_003345_600.mp4
2025-07-27 00:33:46,405 - __main__ - INFO - Health check complete. Active recordings: 1
2025-07-27 00:34:14,429 - __main__ - INFO - Health check complete. Active recordings: 1
2025-07-27 00:34:44,461 - __main__ - INFO - Health check complete. Active recordings: 1
2025-07-27 00:35:12,480 - __main__ - INFO - Health check complete. Active recordings: 1
2025-07-27 00:35:40,540 - __main__ - INFO - Health check complete. Active recordings: 1
2025-07-27 00:36:08,598 - __main__ - INFO - Health check complete. Active recordings: 1
2025-07-27 00:36:36,628 - __main__ - INFO - Health check complete. Active recordings: 1
2025-07-27 00:37:04,635 - __main__ - INFO - Health check complete. Active recordings: 1
2025-07-27 00:37:32,699 - __main__ - INFO - Health check complete. Active recordings: 1
2025-07-27 00:37:32,699 - __main__ - INFO - Storage summary: 34 segments, 791.8 MB used
2025-07-27 00:38:00,772 - __main__ - INFO - Health check complete. Active recordings: 1
2025-07-27 00:38:28,796 - __main__ - INFO - Health check complete. Active recordings: 1
2025-07-27 00:38:56,807 - __main__ - INFO - Health check complete. Active recordings: 1
2025-07-27 00:39:24,903 - __main__ - INFO - Health check complete. Active recordings: 1
2025-07-27 00:39:52,916 - __main__ - INFO - Health check complete. Active recordings: 1
2025-07-27 00:40:20,935 - __main__ - INFO - Health check complete. Active recordings: 1
2025-07-27 00:40:49,025 - __main__ - INFO - Health check complete. Active recordings: 1
2025-07-27 00:41:17,074 - __main__ - INFO - Health check complete. Active recordings: 1
2025-07-27 00:41:47,110 - __main__ - INFO - Health check complete. Active recordings: 1
2025-07-27 00:42:15,163 - __main__ - INFO - Health check complete. Active recordings: 1
2025-07-27 00:42:15,163 - __main__ - INFO - Storage summary: 34 segments, 791.8 MB used
2025-07-27 00:42:43,204 - __main__ - INFO - Health check complete. Active recordings: 1
2025-07-27 00:43:11,275 - __main__ - INFO - Health check complete. Active recordings: 1
2025-07-27 00:43:39,293 - __main__ - INFO - Health check complete. Active recordings: 1
2025-07-27 00:43:45,931 - app.core.recording.continuous_recorder - INFO - Finalized segment for camera 3: camera_3_20250727_003345_600.avi (600s, 27135114 bytes)
2025-07-27 00:43:45,932 - app.core.recording.continuous_recorder - INFO - Using codec XVID for recording
2025-07-27 00:43:45,932 - app.core.recording.continuous_recorder - INFO - Started new segment for camera 3: camera_3_20250727_004345_600.mp4
2025-07-27 00:44:07,344 - __main__ - INFO - Health check complete. Active recordings: 1
2025-07-27 00:44:35,407 - __main__ - INFO - Health check complete. Active recordings: 1
2025-07-27 00:45:03,482 - __main__ - INFO - Health check complete. Active recordings: 1
2025-07-27 00:45:31,494 - __main__ - INFO - Health check complete. Active recordings: 1
2025-07-27 00:45:59,541 - __main__ - INFO - Health check complete. Active recordings: 1
2025-07-27 00:46:27,670 - __main__ - INFO - Health check complete. Active recordings: 1
2025-07-27 00:46:55,737 - __main__ - INFO - Health check complete. Active recordings: 1
2025-07-27 00:46:55,738 - __main__ - INFO - Storage summary: 35 segments, 817.7 MB used
2025-07-27 00:47:23,757 - __main__ - INFO - Health check complete. Active recordings: 1
2025-07-27 00:47:51,830 - __main__ - INFO - Health check complete. Active recordings: 1
2025-07-27 00:48:21,861 - __main__ - INFO - Health check complete. Active recordings: 1
2025-07-27 00:48:49,960 - __main__ - INFO - Health check complete. Active recordings: 1
2025-07-27 00:49:18,027 - __main__ - INFO - Health check complete. Active recordings: 1
2025-07-27 00:49:46,055 - __main__ - INFO - Health check complete. Active recordings: 1
2025-07-27 00:50:14,126 - __main__ - INFO - Health check complete. Active recordings: 1
2025-07-27 00:50:42,212 - __main__ - INFO - Health check complete. Active recordings: 1
2025-07-27 00:51:10,260 - __main__ - INFO - Health check complete. Active recordings: 1
2025-07-27 00:51:38,348 - __main__ - INFO - Health check complete. Active recordings: 1
2025-07-27 00:51:38,349 - __main__ - INFO - Storage summary: 35 segments, 817.7 MB used
2025-07-27 00:52:06,417 - __main__ - INFO - Health check complete. Active recordings: 1
2025-07-27 00:52:34,488 - __main__ - INFO - Health check complete. Active recordings: 1
2025-07-27 00:53:02,549 - __main__ - INFO - Health check complete. Active recordings: 1
2025-07-27 00:53:30,655 - __main__ - INFO - Health check complete. Active recordings: 1
2025-07-27 00:53:46,057 - app.core.recording.continuous_recorder - INFO - Finalized segment for camera 3: camera_3_20250727_004345_600.avi (600s, 27104540 bytes)
2025-07-27 00:53:46,057 - app.core.recording.continuous_recorder - INFO - Using codec XVID for recording
2025-07-27 00:53:46,057 - app.core.recording.continuous_recorder - INFO - Started new segment for camera 3: camera_3_20250727_005346_600.mp4
2025-07-27 00:53:58,696 - __main__ - INFO - Health check complete. Active recordings: 1
2025-07-27 00:54:26,763 - __main__ - INFO - Health check complete. Active recordings: 1
2025-07-27 00:54:54,887 - __main__ - INFO - Health check complete. Active recordings: 1
2025-07-27 00:55:24,921 - __main__ - INFO - Health check complete. Active recordings: 1
2025-07-27 00:55:53,011 - __main__ - INFO - Health check complete. Active recordings: 1
2025-07-27 00:56:01,267 - app.core.storage.storage_manager - INFO - Starting storage cleanup...
2025-07-27 00:56:01,268 - app.core.storage.storage_manager - INFO - Cleanup complete: No recordings to clean up
2025-07-27 00:56:01,312 - app.core.storage.storage_manager - INFO - Storage Health: 36 segments, 843.5 MB used, 93.3% disk free
2025-07-27 00:56:21,042 - __main__ - INFO - Health check complete. Active recordings: 1
2025-07-27 00:56:21,042 - __main__ - INFO - Storage summary: 36 segments, 843.5 MB used
2025-07-27 00:56:49,132 - __main__ - INFO - Health check complete. Active recordings: 1
2025-07-27 00:57:17,252 - __main__ - INFO - Health check complete. Active recordings: 1
2025-07-27 00:57:45,337 - __main__ - INFO - Health check complete. Active recordings: 1
2025-07-27 00:58:13,368 - __main__ - INFO - Health check complete. Active recordings: 1
2025-07-27 00:58:41,453 - __main__ - INFO - Health check complete. Active recordings: 1
2025-07-27 00:59:09,554 - __main__ - INFO - Health check complete. Active recordings: 1
2025-07-27 00:59:37,616 - __main__ - INFO - Health check complete. Active recordings: 1
2025-07-27 01:00:05,665 - __main__ - INFO - Health check complete. Active recordings: 1
2025-07-27 01:00:33,755 - __main__ - INFO - Health check complete. Active recordings: 1
2025-07-27 01:01:01,848 - __main__ - INFO - Health check complete. Active recordings: 1
2025-07-27 01:01:01,849 - __main__ - INFO - Storage summary: 36 segments, 843.5 MB used
2025-07-27 01:01:29,900 - __main__ - INFO - Health check complete. Active recordings: 1
2025-07-27 01:01:59,902 - __main__ - INFO - Health check complete. Active recordings: 1
2025-07-27 01:02:27,996 - __main__ - INFO - Health check complete. Active recordings: 1
2025-07-27 01:02:56,057 - __main__ - INFO - Health check complete. Active recordings: 1
2025-07-27 01:03:24,151 - __main__ - INFO - Health check complete. Active recordings: 1
2025-07-27 01:03:46,163 - app.core.recording.continuous_recorder - INFO - Finalized segment for camera 3: camera_3_20250727_005346_600.avi (600s, 26488370 bytes)
2025-07-27 01:03:46,164 - app.core.recording.continuous_recorder - INFO - Using codec XVID for recording
2025-07-27 01:03:46,164 - app.core.recording.continuous_recorder - INFO - Started new segment for camera 3: camera_3_20250727_010346_600.mp4
2025-07-27 01:03:52,244 - __main__ - INFO - Health check complete. Active recordings: 1
2025-07-27 01:04:20,355 - __main__ - INFO - Health check complete. Active recordings: 1
2025-07-27 01:04:48,401 - __main__ - INFO - Health check complete. Active recordings: 1
2025-07-27 01:05:16,505 - __main__ - INFO - Health check complete. Active recordings: 1
2025-07-27 01:05:44,617 - __main__ - INFO - Health check complete. Active recordings: 1
2025-07-27 01:05:44,618 - __main__ - INFO - Storage summary: 37 segments, 868.8 MB used
2025-07-27 01:06:12,708 - __main__ - INFO - Health check complete. Active recordings: 1
2025-07-27 01:06:40,764 - __main__ - INFO - Health check complete. Active recordings: 1
2025-07-27 01:07:08,863 - __main__ - INFO - Health check complete. Active recordings: 1
2025-07-27 01:07:36,988 - __main__ - INFO - Health check complete. Active recordings: 1
2025-07-27 01:08:05,080 - __main__ - INFO - Health check complete. Active recordings: 1
2025-07-27 01:08:33,188 - __main__ - INFO - Health check complete. Active recordings: 1
2025-07-27 01:09:03,217 - __main__ - INFO - Health check complete. Active recordings: 1
2025-07-27 01:09:31,309 - __main__ - INFO - Health check complete. Active recordings: 1
2025-07-27 01:09:59,432 - __main__ - INFO - Health check complete. Active recordings: 1
2025-07-27 01:10:27,523 - __main__ - INFO - Health check complete. Active recordings: 1
2025-07-27 01:10:27,524 - __main__ - INFO - Storage summary: 37 segments, 868.8 MB used
2025-07-27 01:10:55,637 - __main__ - INFO - Health check complete. Active recordings: 1
2025-07-27 01:11:23,711 - __main__ - INFO - Health check complete. Active recordings: 1
2025-07-27 01:11:51,793 - __main__ - INFO - Health check complete. Active recordings: 1
2025-07-27 01:12:19,886 - __main__ - INFO - Health check complete. Active recordings: 1
2025-07-27 01:12:48,009 - __main__ - INFO - Health check complete. Active recordings: 1
2025-07-27 01:13:16,070 - __main__ - INFO - Health check complete. Active recordings: 1
2025-07-27 01:13:44,189 - __main__ - INFO - Health check complete. Active recordings: 1
2025-07-27 01:13:46,168 - app.core.recording.continuous_recorder - INFO - Finalized segment for camera 3: camera_3_20250727_010346_600.avi (600s, 34639724 bytes)
2025-07-27 01:13:46,168 - app.core.recording.continuous_recorder - INFO - Using codec XVID for recording
2025-07-27 01:13:46,168 - app.core.recording.continuous_recorder - INFO - Started new segment for camera 3: camera_3_20250727_011346_600.mp4
2025-07-27 01:14:12,315 - __main__ - INFO - Health check complete. Active recordings: 1
2025-07-27 01:14:40,427 - __main__ - INFO - Health check complete. Active recordings: 1
2025-07-27 01:15:08,488 - __main__ - INFO - Health check complete. Active recordings: 1
2025-07-27 01:15:08,489 - __main__ - INFO - Storage summary: 38 segments, 901.8 MB used
2025-07-27 01:15:38,522 - __main__ - INFO - Health check complete. Active recordings: 1
2025-07-27 01:16:06,636 - __main__ - INFO - Health check complete. Active recordings: 1
2025-07-27 01:16:34,782 - __main__ - INFO - Health check complete. Active recordings: 1
2025-07-27 01:17:02,862 - __main__ - INFO - Health check complete. Active recordings: 1
2025-07-27 01:17:30,901 - __main__ - INFO - Health check complete. Active recordings: 1
2025-07-27 01:17:59,017 - __main__ - INFO - Health check complete. Active recordings: 1
2025-07-27 01:18:27,171 - __main__ - INFO - Health check complete. Active recordings: 1
2025-07-27 01:18:55,289 - __main__ - INFO - Health check complete. Active recordings: 1
2025-07-27 01:19:23,410 - __main__ - INFO - Health check complete. Active recordings: 1
2025-07-27 01:19:51,542 - __main__ - INFO - Health check complete. Active recordings: 1
2025-07-27 01:19:51,542 - __main__ - INFO - Storage summary: 38 segments, 901.8 MB used
2025-07-27 01:20:19,667 - __main__ - INFO - Health check complete. Active recordings: 1
2025-07-27 01:20:47,789 - __main__ - INFO - Health check complete. Active recordings: 1
2025-07-27 01:21:15,875 - __main__ - INFO - Health check complete. Active recordings: 1
2025-07-27 01:21:44,006 - __main__ - INFO - Health check complete. Active recordings: 1
2025-07-27 01:22:12,155 - __main__ - INFO - Health check complete. Active recordings: 1
2025-07-27 01:22:42,211 - __main__ - INFO - Health check complete. Active recordings: 1
2025-07-27 01:23:10,360 - __main__ - INFO - Health check complete. Active recordings: 1
2025-07-27 01:23:38,479 - __main__ - INFO - Health check complete. Active recordings: 1
2025-07-27 01:23:46,581 - app.core.recording.continuous_recorder - INFO - Finalized segment for camera 3: camera_3_20250727_011346_600.avi (600s, 23844914 bytes)
2025-07-27 01:23:46,582 - app.core.recording.continuous_recorder - INFO - Using codec XVID for recording
2025-07-27 01:23:46,582 - app.core.recording.continuous_recorder - INFO - Started new segment for camera 3: camera_3_20250727_012346_600.mp4
2025-07-27 01:24:06,609 - __main__ - INFO - Health check complete. Active recordings: 1
2025-07-27 01:24:13,276 - app.core.storage.storage_manager - INFO - Storage Health: 39 segments, 924.5 MB used, 93.3% disk free
2025-07-27 01:24:34,731 - __main__ - INFO - Health check complete. Active recordings: 1
2025-07-27 01:24:34,731 - __main__ - INFO - Storage summary: 39 segments, 924.5 MB used
2025-07-27 01:25:02,872 - __main__ - INFO - Health check complete. Active recordings: 1
2025-07-27 01:25:31,014 - __main__ - INFO - Health check complete. Active recordings: 1
2025-07-27 01:25:59,103 - __main__ - INFO - Health check complete. Active recordings: 1
2025-07-27 01:26:27,219 - __main__ - INFO - Health check complete. Active recordings: 1
2025-07-27 01:26:55,401 - __main__ - INFO - Health check complete. Active recordings: 1
2025-07-27 01:27:23,547 - __main__ - INFO - Health check complete. Active recordings: 1
2025-07-27 01:27:51,641 - __main__ - INFO - Health check complete. Active recordings: 1
2025-07-27 01:28:19,780 - __main__ - INFO - Health check complete. Active recordings: 1
2025-07-27 01:28:47,951 - __main__ - INFO - Health check complete. Active recordings: 1
2025-07-27 01:29:17,984 - __main__ - INFO - Health check complete. Active recordings: 1
2025-07-27 01:29:17,984 - __main__ - INFO - Storage summary: 39 segments, 924.5 MB used
2025-07-27 01:29:46,114 - __main__ - INFO - Health check complete. Active recordings: 1
2025-07-27 01:30:14,214 - __main__ - INFO - Health check complete. Active recordings: 1
2025-07-27 01:30:42,351 - __main__ - INFO - Health check complete. Active recordings: 1
2025-07-27 01:31:10,519 - __main__ - INFO - Health check complete. Active recordings: 1
2025-07-27 01:31:38,656 - __main__ - INFO - Health check complete. Active recordings: 1
2025-07-27 01:32:06,743 - __main__ - INFO - Health check complete. Active recordings: 1
2025-07-27 01:32:34,860 - __main__ - INFO - Health check complete. Active recordings: 1
2025-07-27 01:33:02,999 - __main__ - INFO - Health check complete. Active recordings: 1
2025-07-27 01:33:31,118 - __main__ - INFO - Health check complete. Active recordings: 1
2025-07-27 01:33:47,438 - app.core.recording.continuous_recorder - INFO - Finalized segment for camera 3: camera_3_20250727_012346_600.avi (600s, 29698842 bytes)
2025-07-27 01:33:47,439 - app.core.recording.continuous_recorder - INFO - Using codec XVID for recording
2025-07-27 01:33:47,439 - app.core.recording.continuous_recorder - INFO - Started new segment for camera 3: camera_3_20250727_013347_600.mp4
2025-07-27 01:33:59,263 - __main__ - INFO - Health check complete. Active recordings: 1
2025-07-27 01:33:59,264 - __main__ - INFO - Storage summary: 40 segments, 952.9 MB used
2025-07-27 01:34:27,349 - __main__ - INFO - Health check complete. Active recordings: 1
2025-07-27 01:34:55,480 - __main__ - INFO - Health check complete. Active recordings: 1
2025-07-27 01:35:23,661 - __main__ - INFO - Health check complete. Active recordings: 1
2025-07-27 01:35:51,825 - __main__ - INFO - Health check complete. Active recordings: 1
2025-07-27 01:36:21,856 - __main__ - INFO - Health check complete. Active recordings: 1
2025-07-27 01:36:49,963 - __main__ - INFO - Health check complete. Active recordings: 1
2025-07-27 01:37:18,089 - __main__ - INFO - Health check complete. Active recordings: 1
2025-07-27 01:37:46,281 - __main__ - INFO - Health check complete. Active recordings: 1
2025-07-27 01:38:14,442 - __main__ - INFO - Health check complete. Active recordings: 1
2025-07-27 01:38:42,560 - __main__ - INFO - Health check complete. Active recordings: 1
2025-07-27 01:38:42,561 - __main__ - INFO - Storage summary: 40 segments, 952.9 MB used
2025-07-27 01:39:10,713 - __main__ - INFO - Health check complete. Active recordings: 1
2025-07-27 01:39:38,903 - __main__ - INFO - Health check complete. Active recordings: 1
2025-07-27 01:40:07,065 - __main__ - INFO - Health check complete. Active recordings: 1
2025-07-27 01:40:35,186 - __main__ - INFO - Health check complete. Active recordings: 1
2025-07-27 01:41:03,331 - __main__ - INFO - Health check complete. Active recordings: 1
2025-07-27 01:41:31,496 - __main__ - INFO - Health check complete. Active recordings: 1
2025-07-27 01:41:59,639 - __main__ - INFO - Health check complete. Active recordings: 1
2025-07-27 01:42:27,764 - __main__ - INFO - Health check complete. Active recordings: 1
2025-07-27 01:42:57,792 - __main__ - INFO - Health check complete. Active recordings: 1
2025-07-27 01:43:25,946 - __main__ - INFO - Health check complete. Active recordings: 1
2025-07-27 01:43:25,946 - __main__ - INFO - Storage summary: 40 segments, 952.9 MB used
2025-07-27 01:43:47,555 - app.core.recording.continuous_recorder - INFO - Finalized segment for camera 3: camera_3_20250727_013347_600.avi (600s, 19001510 bytes)
2025-07-27 01:43:47,555 - app.core.recording.continuous_recorder - INFO - Using codec XVID for recording
2025-07-27 01:43:47,556 - app.core.recording.continuous_recorder - INFO - Started new segment for camera 3: camera_3_20250727_014347_600.mp4
2025-07-27 01:43:54,118 - __main__ - INFO - Health check complete. Active recordings: 1
2025-07-27 01:44:22,282 - __main__ - INFO - Health check complete. Active recordings: 1
2025-07-27 01:44:50,442 - __main__ - INFO - Health check complete. Active recordings: 1
2025-07-27 01:45:18,571 - __main__ - INFO - Health check complete. Active recordings: 1
2025-07-27 01:45:46,727 - __main__ - INFO - Health check complete. Active recordings: 1
2025-07-27 01:46:14,889 - __main__ - INFO - Health check complete. Active recordings: 1
2025-07-27 01:46:43,065 - __main__ - INFO - Health check complete. Active recordings: 1
2025-07-27 01:47:11,175 - __main__ - INFO - Health check complete. Active recordings: 1
2025-07-27 01:47:39,334 - __main__ - INFO - Health check complete. Active recordings: 1
2025-07-27 01:48:07,519 - __main__ - INFO - Health check complete. Active recordings: 1
2025-07-27 01:48:07,519 - __main__ - INFO - Storage summary: 41 segments, 971.0 MB used
2025-07-27 01:48:35,686 - __main__ - INFO - Health check complete. Active recordings: 1
2025-07-27 01:49:03,805 - __main__ - INFO - Health check complete. Active recordings: 1
2025-07-27 01:49:31,943 - __main__ - INFO - Health check complete. Active recordings: 1
2025-07-27 01:50:01,977 - __main__ - INFO - Health check complete. Active recordings: 1
2025-07-27 01:50:30,175 - __main__ - INFO - Health check complete. Active recordings: 1
2025-07-27 01:50:58,339 - __main__ - INFO - Health check complete. Active recordings: 1
2025-07-27 01:51:26,462 - __main__ - INFO - Health check complete. Active recordings: 1
2025-07-27 01:51:54,606 - __main__ - INFO - Health check complete. Active recordings: 1
2025-07-27 01:52:22,781 - __main__ - INFO - Health check complete. Active recordings: 1
2025-07-27 01:52:29,692 - app.core.storage.storage_manager - INFO - Starting storage cleanup...
2025-07-27 01:52:29,693 - app.core.storage.storage_manager - INFO - Cleanup complete: No recordings to clean up
2025-07-27 01:52:29,738 - app.core.storage.storage_manager - INFO - Storage Health: 41 segments, 971.0 MB used, 93.3% disk free
2025-07-27 01:52:50,922 - __main__ - INFO - Health check complete. Active recordings: 1
2025-07-27 01:52:50,923 - __main__ - INFO - Storage summary: 41 segments, 971.0 MB used
2025-07-27 01:53:19,093 - __main__ - INFO - Health check complete. Active recordings: 1
2025-07-27 01:53:47,203 - __main__ - INFO - Health check complete. Active recordings: 1
2025-07-27 01:53:47,576 - app.core.recording.continuous_recorder - INFO - Finalized segment for camera 3: camera_3_20250727_014347_600.avi (600s, 32872886 bytes)
2025-07-27 01:53:47,577 - app.core.recording.continuous_recorder - INFO - Using codec XVID for recording
2025-07-27 01:53:47,577 - app.core.recording.continuous_recorder - INFO - Started new segment for camera 3: camera_3_20250727_015347_600.mp4
2025-07-27 01:54:15,372 - __main__ - INFO - Health check complete. Active recordings: 1
2025-07-27 01:54:43,564 - __main__ - INFO - Health check complete. Active recordings: 1
2025-07-27 01:55:11,749 - __main__ - INFO - Health check complete. Active recordings: 1
2025-07-27 01:55:39,857 - __main__ - INFO - Health check complete. Active recordings: 1
2025-07-27 01:56:08,026 - __main__ - INFO - Health check complete. Active recordings: 1
2025-07-27 01:56:38,060 - __main__ - INFO - Health check complete. Active recordings: 1
2025-07-27 01:57:06,268 - __main__ - INFO - Health check complete. Active recordings: 1
2025-07-27 01:57:34,416 - __main__ - INFO - Health check complete. Active recordings: 1
2025-07-27 01:57:34,416 - __main__ - INFO - Storage summary: 42 segments, 1002.3 MB used
2025-07-27 01:58:02,548 - __main__ - INFO - Health check complete. Active recordings: 1
2025-07-27 01:58:30,712 - __main__ - INFO - Health check complete. Active recordings: 1
2025-07-27 01:58:58,903 - __main__ - INFO - Health check complete. Active recordings: 1
2025-07-27 01:59:27,053 - __main__ - INFO - Health check complete. Active recordings: 1
2025-07-27 01:59:55,221 - __main__ - INFO - Health check complete. Active recordings: 1
2025-07-27 02:00:02,461 - app.core.recording.continuous_recorder - WARNING - Lost connection to camera 3, reconnecting...
2025-07-27 02:00:03,465 - app.core.recording.continuous_recorder - INFO - Connecting to camera 3 at rtsp://admin:Mekus_1987@10.0.0.181:554/h264Preview_01_sub
2025-07-27 02:00:03,469 - app.core.recording.continuous_recorder - ERROR - Capture error for camera 3: Failed to open camera stream
2025-07-27 02:00:08,469 - app.core.recording.continuous_recorder - INFO - Connecting to camera 3 at rtsp://admin:Mekus_1987@10.0.0.181:554/h264Preview_01_sub
2025-07-27 02:00:08,473 - app.core.recording.continuous_recorder - ERROR - Capture error for camera 3: Failed to open camera stream
2025-07-27 02:00:11,593 - app.core.recording.continuous_recorder - INFO - Connecting to camera 3 at rtsp://admin:Mekus_1987@10.0.0.181:554/h264Preview_01_sub
2025-07-27 02:00:11,595 - app.core.recording.continuous_recorder - ERROR - Capture error for camera 3: Failed to open camera stream
2025-07-27 02:00:16,598 - app.core.recording.continuous_recorder - INFO - Connecting to camera 3 at rtsp://admin:Mekus_1987@10.0.0.181:554/h264Preview_01_sub
2025-07-27 02:00:23,377 - __main__ - INFO - Health check complete. Active recordings: 1
2025-07-27 02:00:30,519 - app.core.recording.continuous_recorder - ERROR - Capture error for camera 3: Failed to open camera stream
2025-07-27 02:00:35,519 - app.core.recording.continuous_recorder - INFO - Connecting to camera 3 at rtsp://admin:Mekus_1987@10.0.0.181:554/h264Preview_01_sub
2025-07-27 02:00:35,574 - app.core.recording.continuous_recorder - ERROR - Capture error for camera 3: Failed to open camera stream
2025-07-27 02:00:40,576 - app.core.recording.continuous_recorder - INFO - Connecting to camera 3 at rtsp://admin:Mekus_1987@10.0.0.181:554/h264Preview_01_sub
2025-07-27 02:00:40,656 - app.core.recording.continuous_recorder - ERROR - Capture error for camera 3: Failed to open camera stream
2025-07-27 02:00:43,806 - app.core.recording.continuous_recorder - INFO - Connecting to camera 3 at rtsp://admin:Mekus_1987@10.0.0.181:554/h264Preview_01_sub
2025-07-27 02:00:43,838 - app.core.recording.continuous_recorder - ERROR - Capture error for camera 3: Failed to open camera stream
2025-07-27 02:00:48,842 - app.core.recording.continuous_recorder - INFO - Connecting to camera 3 at rtsp://admin:Mekus_1987@10.0.0.181:554/h264Preview_01_sub
2025-07-27 02:00:48,888 - app.core.recording.continuous_recorder - ERROR - Capture error for camera 3: Failed to open camera stream
2025-07-27 02:00:51,553 - __main__ - INFO - Health check complete. Active recordings: 1
2025-07-27 02:00:53,889 - app.core.recording.continuous_recorder - INFO - Connecting to camera 3 at rtsp://admin:Mekus_1987@10.0.0.181:554/h264Preview_01_sub
2025-07-27 02:00:53,952 - app.core.recording.continuous_recorder - ERROR - Capture error for camera 3: Failed to open camera stream
2025-07-27 02:00:58,952 - app.core.recording.continuous_recorder - INFO - Connecting to camera 3 at rtsp://admin:Mekus_1987@10.0.0.181:554/h264Preview_01_sub
2025-07-27 02:00:59,005 - app.core.recording.continuous_recorder - ERROR - Capture error for camera 3: Failed to open camera stream
2025-07-27 02:01:04,006 - app.core.recording.continuous_recorder - INFO - Connecting to camera 3 at rtsp://admin:Mekus_1987@10.0.0.181:554/h264Preview_01_sub
2025-07-27 02:01:04,058 - app.core.recording.continuous_recorder - ERROR - Capture error for camera 3: Failed to open camera stream
2025-07-27 02:01:09,059 - app.core.recording.continuous_recorder - INFO - Connecting to camera 3 at rtsp://admin:Mekus_1987@10.0.0.181:554/h264Preview_01_sub
2025-07-27 02:01:14,731 - app.core.recording.continuous_recorder - INFO - Successfully connected to camera 3
2025-07-27 02:01:19,711 - __main__ - INFO - Health check complete. Active recordings: 1
2025-07-27 02:01:47,875 - __main__ - INFO - Health check complete. Active recordings: 1
2025-07-27 02:02:16,003 - __main__ - INFO - Health check complete. Active recordings: 1
2025-07-27 02:02:16,004 - __main__ - INFO - Storage summary: 42 segments, 1002.3 MB used
2025-07-27 02:02:44,180 - __main__ - INFO - Health check complete. Active recordings: 1
2025-07-27 02:03:12,374 - __main__ - INFO - Health check complete. Active recordings: 1
2025-07-27 02:03:42,381 - __main__ - INFO - Health check complete. Active recordings: 1
2025-07-27 02:03:47,642 - app.core.recording.continuous_recorder - INFO - Finalized segment for camera 3: camera_3_20250727_015347_600.avi (600s, 19505188 bytes)
2025-07-27 02:03:47,643 - app.core.recording.continuous_recorder - INFO - Using codec XVID for recording
2025-07-27 02:03:47,643 - app.core.recording.continuous_recorder - INFO - Started new segment for camera 3: camera_3_20250727_020347_600.mp4
2025-07-27 02:04:10,551 - __main__ - INFO - Health check complete. Active recordings: 1
2025-07-27 02:04:38,660 - __main__ - INFO - Health check complete. Active recordings: 1
2025-07-27 02:05:06,805 - __main__ - INFO - Health check complete. Active recordings: 1
2025-07-27 02:05:35,007 - __main__ - INFO - Health check complete. Active recordings: 1
2025-07-27 02:06:03,178 - __main__ - INFO - Health check complete. Active recordings: 1
2025-07-27 02:06:31,324 - __main__ - INFO - Health check complete. Active recordings: 1
2025-07-27 02:06:59,462 - __main__ - INFO - Health check complete. Active recordings: 1
2025-07-27 02:06:59,463 - __main__ - INFO - Storage summary: 43 segments, 1020.9 MB used
2025-07-27 02:07:27,641 - __main__ - INFO - Health check complete. Active recordings: 1
2025-07-27 02:07:55,848 - __main__ - INFO - Health check complete. Active recordings: 1
2025-07-27 02:08:24,042 - __main__ - INFO - Health check complete. Active recordings: 1
2025-07-27 02:08:52,185 - __main__ - INFO - Health check complete. Active recordings: 1
2025-07-27 02:09:20,372 - __main__ - INFO - Health check complete. Active recordings: 1
2025-07-27 02:09:48,578 - __main__ - INFO - Health check complete. Active recordings: 1
2025-07-27 02:10:18,587 - __main__ - INFO - Health check complete. Active recordings: 1
2025-07-27 02:10:46,744 - __main__ - INFO - Health check complete. Active recordings: 1
2025-07-27 02:11:14,887 - __main__ - INFO - Health check complete. Active recordings: 1
2025-07-27 02:11:43,071 - __main__ - INFO - Health check complete. Active recordings: 1
2025-07-27 02:11:43,072 - __main__ - INFO - Storage summary: 43 segments, 1020.9 MB used
2025-07-27 02:12:11,293 - __main__ - INFO - Health check complete. Active recordings: 1
2025-07-27 02:12:39,478 - __main__ - INFO - Health check complete. Active recordings: 1
2025-07-27 02:13:07,617 - __main__ - INFO - Health check complete. Active recordings: 1
2025-07-27 02:13:35,791 - __main__ - INFO - Health check complete. Active recordings: 1
2025-07-27 02:13:47,673 - app.core.recording.continuous_recorder - INFO - Finalized segment for camera 3: camera_3_20250727_020347_600.avi (600s, 13547372 bytes)
2025-07-27 02:13:47,673 - app.core.recording.continuous_recorder - INFO - Using codec XVID for recording
2025-07-27 02:13:47,673 - app.core.recording.continuous_recorder - INFO - Started new segment for camera 3: camera_3_20250727_021347_600.mp4
2025-07-27 02:14:04,015 - __main__ - INFO - Health check complete. Active recordings: 1
2025-07-27 02:14:32,197 - __main__ - INFO - Health check complete. Active recordings: 1
2025-07-27 02:15:00,365 - __main__ - INFO - Health check complete. Active recordings: 1
2025-07-27 02:15:28,523 - __main__ - INFO - Health check complete. Active recordings: 1
2025-07-27 02:15:56,729 - __main__ - INFO - Health check complete. Active recordings: 1
2025-07-27 02:16:24,924 - __main__ - INFO - Health check complete. Active recordings: 1
2025-07-27 02:16:24,924 - __main__ - INFO - Storage summary: 44 segments, 1.0 GB used
2025-07-27 02:16:53,128 - __main__ - INFO - Health check complete. Active recordings: 1
2025-07-27 02:17:23,164 - __main__ - INFO - Health check complete. Active recordings: 1
2025-07-27 02:17:51,328 - __main__ - INFO - Health check complete. Active recordings: 1
2025-07-27 02:18:19,502 - __main__ - INFO - Health check complete. Active recordings: 1
2025-07-27 02:18:47,710 - __main__ - INFO - Health check complete. Active recordings: 1
2025-07-27 02:19:15,919 - __main__ - INFO - Health check complete. Active recordings: 1
2025-07-27 02:19:44,082 - __main__ - INFO - Health check complete. Active recordings: 1
2025-07-27 02:20:12,267 - __main__ - INFO - Health check complete. Active recordings: 1
2025-07-27 02:20:40,479 - __main__ - INFO - Health check complete. Active recordings: 1
2025-07-27 02:20:45,963 - app.core.storage.storage_manager - INFO - Storage Health: 44 segments, 1.0 GB used, 93.3% disk free
2025-07-27 02:21:08,630 - __main__ - INFO - Health check complete. Active recordings: 1
2025-07-27 02:21:08,630 - __main__ - INFO - Storage summary: 44 segments, 1.0 GB used
2025-07-27 02:21:36,824 - __main__ - INFO - Health check complete. Active recordings: 1
2025-07-27 02:22:04,980 - __main__ - INFO - Health check complete. Active recordings: 1
2025-07-27 02:22:33,154 - __main__ - INFO - Health check complete. Active recordings: 1
2025-07-27 02:23:01,354 - __main__ - INFO - Health check complete. Active recordings: 1
2025-07-27 02:23:29,522 - __main__ - INFO - Health check complete. Active recordings: 1
2025-07-27 02:23:47,729 - app.core.recording.continuous_recorder - INFO - Finalized segment for camera 3: camera_3_20250727_021347_600.avi (600s, 13432376 bytes)
2025-07-27 02:23:47,730 - app.core.recording.continuous_recorder - INFO - Using codec XVID for recording
2025-07-27 02:23:47,730 - app.core.recording.continuous_recorder - INFO - Started new segment for camera 3: camera_3_20250727_022347_600.mp4
2025-07-27 02:23:59,555 - __main__ - INFO - Health check complete. Active recordings: 1
2025-07-27 02:24:27,648 - __main__ - INFO - Health check complete. Active recordings: 1
2025-07-27 02:24:55,871 - __main__ - INFO - Health check complete. Active recordings: 1
2025-07-27 02:25:24,085 - __main__ - INFO - Health check complete. Active recordings: 1
2025-07-27 02:25:52,284 - __main__ - INFO - Health check complete. Active recordings: 1
2025-07-27 02:25:52,284 - __main__ - INFO - Storage summary: 45 segments, 1.0 GB used
2025-07-27 02:26:20,427 - __main__ - INFO - Health check complete. Active recordings: 1
2025-07-27 02:26:48,653 - __main__ - INFO - Health check complete. Active recordings: 1
2025-07-27 02:27:16,868 - __main__ - INFO - Health check complete. Active recordings: 1
2025-07-27 02:27:45,124 - __main__ - INFO - Health check complete. Active recordings: 1
2025-07-27 02:28:13,311 - __main__ - INFO - Health check complete. Active recordings: 1
2025-07-27 02:28:41,506 - __main__ - INFO - Health check complete. Active recordings: 1
2025-07-27 02:29:09,713 - __main__ - INFO - Health check complete. Active recordings: 1
2025-07-27 02:29:37,937 - __main__ - INFO - Health check complete. Active recordings: 1
2025-07-27 02:30:06,149 - __main__ - INFO - Health check complete. Active recordings: 1
2025-07-27 02:30:34,276 - __main__ - INFO - Health check complete. Active recordings: 1
2025-07-27 02:30:34,277 - __main__ - INFO - Storage summary: 45 segments, 1.0 GB used
2025-07-27 02:31:04,280 - __main__ - INFO - Health check complete. Active recordings: 1
2025-07-27 02:31:32,467 - __main__ - INFO - Health check complete. Active recordings: 1
2025-07-27 02:32:00,684 - __main__ - INFO - Health check complete. Active recordings: 1
2025-07-27 02:32:28,874 - __main__ - INFO - Health check complete. Active recordings: 1
2025-07-27 02:32:57,064 - __main__ - INFO - Health check complete. Active recordings: 1
2025-07-27 02:33:25,242 - __main__ - INFO - Health check complete. Active recordings: 1
2025-07-27 02:33:47,846 - app.core.recording.continuous_recorder - INFO - Finalized segment for camera 3: camera_3_20250727_022347_600.avi (600s, 13591894 bytes)
2025-07-27 02:33:47,847 - app.core.recording.continuous_recorder - INFO - Using codec XVID for recording
2025-07-27 02:33:47,847 - app.core.recording.continuous_recorder - INFO - Started new segment for camera 3: camera_3_20250727_023347_600.mp4
2025-07-27 02:33:53,451 - __main__ - INFO - Health check complete. Active recordings: 1
2025-07-27 02:34:21,663 - __main__ - INFO - Health check complete. Active recordings: 1
2025-07-27 02:34:49,898 - __main__ - INFO - Health check complete. Active recordings: 1
2025-07-27 02:35:18,067 - __main__ - INFO - Health check complete. Active recordings: 1
2025-07-27 02:35:18,068 - __main__ - INFO - Storage summary: 46 segments, 1.0 GB used
2025-07-27 02:35:46,329 - __main__ - INFO - Health check complete. Active recordings: 1
2025-07-27 02:36:14,607 - __main__ - INFO - Health check complete. Active recordings: 1
2025-07-27 02:36:42,835 - __main__ - INFO - Health check complete. Active recordings: 1
2025-07-27 02:37:11,071 - __main__ - INFO - Health check complete. Active recordings: 1
2025-07-27 02:37:39,343 - __main__ - INFO - Health check complete. Active recordings: 1
2025-07-27 02:38:09,425 - __main__ - INFO - Health check complete. Active recordings: 1
2025-07-27 02:38:37,712 - __main__ - INFO - Health check complete. Active recordings: 1
2025-07-27 02:39:06,025 - __main__ - INFO - Health check complete. Active recordings: 1
2025-07-27 02:39:34,270 - __main__ - INFO - Health check complete. Active recordings: 1
2025-07-27 02:40:02,488 - __main__ - INFO - Health check complete. Active recordings: 1
2025-07-27 02:40:02,488 - __main__ - INFO - Storage summary: 46 segments, 1.0 GB used
2025-07-27 02:40:30,777 - __main__ - INFO - Health check complete. Active recordings: 1
2025-07-27 02:40:58,991 - __main__ - INFO - Health check complete. Active recordings: 1
2025-07-27 02:41:27,161 - __main__ - INFO - Health check complete. Active recordings: 1
2025-07-27 02:41:55,369 - __main__ - INFO - Health check complete. Active recordings: 1
2025-07-27 02:42:23,605 - __main__ - INFO - Health check complete. Active recordings: 1
2025-07-27 02:42:51,821 - __main__ - INFO - Health check complete. Active recordings: 1
2025-07-27 02:43:20,047 - __main__ - INFO - Health check complete. Active recordings: 1
2025-07-27 02:43:47,955 - app.core.recording.continuous_recorder - INFO - Finalized segment for camera 3: camera_3_20250727_023347_600.avi (600s, 13430100 bytes)
2025-07-27 02:43:47,956 - app.core.recording.continuous_recorder - INFO - Using codec XVID for recording
2025-07-27 02:43:47,956 - app.core.recording.continuous_recorder - INFO - Started new segment for camera 3: camera_3_20250727_024347_600.mp4
2025-07-27 02:43:48,233 - __main__ - INFO - Health check complete. Active recordings: 1
2025-07-27 02:44:16,445 - __main__ - INFO - Health check complete. Active recordings: 1
2025-07-27 02:44:46,473 - __main__ - INFO - Health check complete. Active recordings: 1
2025-07-27 02:44:46,474 - __main__ - INFO - Storage summary: 47 segments, 1.0 GB used
2025-07-27 02:45:14,748 - __main__ - INFO - Health check complete. Active recordings: 1
2025-07-27 02:45:42,974 - __main__ - INFO - Health check complete. Active recordings: 1
2025-07-27 02:46:11,151 - __main__ - INFO - Health check complete. Active recordings: 1
2025-07-27 02:46:39,360 - __main__ - INFO - Health check complete. Active recordings: 1
2025-07-27 02:47:07,632 - __main__ - INFO - Health check complete. Active recordings: 1
2025-07-27 02:47:35,858 - __main__ - INFO - Health check complete. Active recordings: 1
2025-07-27 02:48:04,090 - __main__ - INFO - Health check complete. Active recordings: 1
2025-07-27 02:48:32,290 - __main__ - INFO - Health check complete. Active recordings: 1
2025-07-27 02:49:00,511 - __main__ - INFO - Health check complete. Active recordings: 1
2025-07-27 02:49:03,401 - app.core.storage.storage_manager - INFO - Starting storage cleanup...
2025-07-27 02:49:03,401 - app.core.storage.storage_manager - INFO - Cleanup complete: No recordings to clean up
2025-07-27 02:49:03,452 - app.core.storage.storage_manager - INFO - Storage Health: 47 segments, 1.0 GB used, 93.3% disk free
2025-07-27 02:49:28,765 - __main__ - INFO - Health check complete. Active recordings: 1
2025-07-27 02:49:28,766 - __main__ - INFO - Storage summary: 47 segments, 1.0 GB used
2025-07-27 02:49:56,991 - __main__ - INFO - Health check complete. Active recordings: 1
2025-07-27 02:50:25,197 - __main__ - INFO - Health check complete. Active recordings: 1
2025-07-27 02:50:53,439 - __main__ - INFO - Health check complete. Active recordings: 1
2025-07-27 02:51:21,642 - __main__ - INFO - Health check complete. Active recordings: 1
2025-07-27 02:51:51,656 - __main__ - INFO - Health check complete. Active recordings: 1
2025-07-27 02:52:19,860 - __main__ - INFO - Health check complete. Active recordings: 1
2025-07-27 02:52:48,083 - __main__ - INFO - Health check complete. Active recordings: 1
2025-07-27 02:53:16,299 - __main__ - INFO - Health check complete. Active recordings: 1
2025-07-27 02:53:44,506 - __main__ - INFO - Health check complete. Active recordings: 1
2025-07-27 02:53:48,016 - app.core.recording.continuous_recorder - INFO - Finalized segment for camera 3: camera_3_20250727_024347_600.avi (600s, 15315548 bytes)
2025-07-27 02:53:48,017 - app.core.recording.continuous_recorder - INFO - Using codec XVID for recording
2025-07-27 02:53:48,017 - app.core.recording.continuous_recorder - INFO - Started new segment for camera 3: camera_3_20250727_025348_600.mp4
2025-07-27 02:54:12,685 - __main__ - INFO - Health check complete. Active recordings: 1
2025-07-27 02:54:12,685 - __main__ - INFO - Storage summary: 48 segments, 1.1 GB used
2025-07-27 02:54:40,930 - __main__ - INFO - Health check complete. Active recordings: 1
2025-07-27 02:55:09,132 - __main__ - INFO - Health check complete. Active recordings: 1
2025-07-27 02:55:37,371 - __main__ - INFO - Health check complete. Active recordings: 1
2025-07-27 02:56:05,570 - __main__ - INFO - Health check complete. Active recordings: 1
2025-07-27 02:56:33,792 - __main__ - INFO - Health check complete. Active recordings: 1
2025-07-27 02:57:02,030 - __main__ - INFO - Health check complete. Active recordings: 1
2025-07-27 02:57:30,226 - __main__ - INFO - Health check complete. Active recordings: 1
2025-07-27 02:57:58,494 - __main__ - INFO - Health check complete. Active recordings: 1
2025-07-27 02:58:28,521 - __main__ - INFO - Health check complete. Active recordings: 1
2025-07-27 02:58:56,862 - __main__ - INFO - Health check complete. Active recordings: 1
2025-07-27 02:58:56,862 - __main__ - INFO - Storage summary: 48 segments, 1.1 GB used
2025-07-27 02:59:25,333 - __main__ - INFO - Health check complete. Active recordings: 1
2025-07-27 02:59:54,729 - __main__ - INFO - Health check complete. Active recordings: 1
2025-07-27 03:00:24,147 - __main__ - INFO - Health check complete. Active recordings: 1
2025-07-27 03:00:53,674 - __main__ - INFO - Health check complete. Active recordings: 1
2025-07-27 03:01:23,243 - __main__ - INFO - Health check complete. Active recordings: 1
2025-07-27 03:01:52,798 - __main__ - INFO - Health check complete. Active recordings: 1
2025-07-27 03:02:22,409 - __main__ - INFO - Health check complete. Active recordings: 1
2025-07-27 03:02:51,998 - __main__ - INFO - Health check complete. Active recordings: 1
2025-07-27 03:03:21,556 - __main__ - INFO - Health check complete. Active recordings: 1
2025-07-27 03:03:48,044 - app.core.recording.continuous_recorder - INFO - Finalized segment for camera 3: camera_3_20250727_025348_600.avi (600s, 28993316 bytes)
2025-07-27 03:03:48,045 - app.core.recording.continuous_recorder - INFO - Using codec XVID for recording
2025-07-27 03:03:48,045 - app.core.recording.continuous_recorder - INFO - Started new segment for camera 3: camera_3_20250727_030348_600.mp4
2025-07-27 03:03:51,116 - __main__ - INFO - Health check complete. Active recordings: 1
2025-07-27 03:03:51,117 - __main__ - INFO - Storage summary: 49 segments, 1.1 GB used
2025-07-27 03:04:20,624 - __main__ - INFO - Health check complete. Active recordings: 1
2025-07-27 03:04:50,168 - __main__ - INFO - Health check complete. Active recordings: 1
2025-07-27 03:05:19,720 - __main__ - INFO - Health check complete. Active recordings: 1
2025-07-27 03:05:49,752 - __main__ - INFO - Health check complete. Active recordings: 1
2025-07-27 03:06:19,294 - __main__ - INFO - Health check complete. Active recordings: 1
2025-07-27 03:06:48,839 - __main__ - INFO - Health check complete. Active recordings: 1
2025-07-27 03:07:18,375 - __main__ - INFO - Health check complete. Active recordings: 1
2025-07-27 03:07:47,906 - __main__ - INFO - Health check complete. Active recordings: 1
2025-07-27 03:08:17,454 - __main__ - INFO - Health check complete. Active recordings: 1
2025-07-27 03:08:47,001 - __main__ - INFO - Health check complete. Active recordings: 1
2025-07-27 03:08:47,001 - __main__ - INFO - Storage summary: 49 segments, 1.1 GB used
2025-07-27 03:09:16,542 - __main__ - INFO - Health check complete. Active recordings: 1
2025-07-27 03:09:46,077 - __main__ - INFO - Health check complete. Active recordings: 1
2025-07-27 03:10:15,629 - __main__ - INFO - Health check complete. Active recordings: 1
2025-07-27 03:10:45,159 - __main__ - INFO - Health check complete. Active recordings: 1
2025-07-27 03:11:14,732 - __main__ - INFO - Health check complete. Active recordings: 1
2025-07-27 03:11:44,762 - __main__ - INFO - Health check complete. Active recordings: 1
2025-07-27 03:12:14,779 - __main__ - INFO - Health check complete. Active recordings: 1
2025-07-27 03:12:44,809 - __main__ - INFO - Health check complete. Active recordings: 1
2025-07-27 03:13:14,834 - __main__ - INFO - Health check complete. Active recordings: 1
2025-07-27 03:13:44,865 - __main__ - INFO - Health check complete. Active recordings: 1
2025-07-27 03:13:44,865 - __main__ - INFO - Storage summary: 49 segments, 1.1 GB used
2025-07-27 03:13:48,164 - app.core.recording.continuous_recorder - INFO - Finalized segment for camera 3: camera_3_20250727_030348_600.avi (600s, 17426284 bytes)
2025-07-27 03:13:48,165 - app.core.recording.continuous_recorder - INFO - Using codec XVID for recording
2025-07-27 03:13:48,165 - app.core.recording.continuous_recorder - INFO - Started new segment for camera 3: camera_3_20250727_031348_600.mp4
2025-07-27 03:14:14,896 - __main__ - INFO - Health check complete. Active recordings: 1
2025-07-27 03:14:44,928 - __main__ - INFO - Health check complete. Active recordings: 1
2025-07-27 03:15:14,953 - __main__ - INFO - Health check complete. Active recordings: 1
2025-07-27 03:15:44,958 - __main__ - INFO - Health check complete. Active recordings: 1
2025-07-27 03:16:14,989 - __main__ - INFO - Health check complete. Active recordings: 1
2025-07-27 03:16:45,020 - __main__ - INFO - Health check complete. Active recordings: 1
2025-07-27 03:17:15,042 - __main__ - INFO - Health check complete. Active recordings: 1
2025-07-27 03:17:45,073 - __main__ - INFO - Health check complete. Active recordings: 1
2025-07-27 03:18:15,103 - __main__ - INFO - Health check complete. Active recordings: 1
2025-07-27 03:18:16,383 - app.core.storage.storage_manager - INFO - Storage Health: 50 segments, 1.1 GB used, 93.3% disk free
2025-07-27 03:18:45,133 - __main__ - INFO - Health check complete. Active recordings: 1
2025-07-27 03:18:45,133 - __main__ - INFO - Storage summary: 50 segments, 1.1 GB used
2025-07-27 03:19:15,165 - __main__ - INFO - Health check complete. Active recordings: 1
2025-07-27 03:19:45,197 - __main__ - INFO - Health check complete. Active recordings: 1
2025-07-27 03:20:15,228 - __main__ - INFO - Health check complete. Active recordings: 1
2025-07-27 03:20:45,259 - __main__ - INFO - Health check complete. Active recordings: 1
2025-07-27 03:21:15,289 - __main__ - INFO - Health check complete. Active recordings: 1
2025-07-27 03:21:45,320 - __main__ - INFO - Health check complete. Active recordings: 1
2025-07-27 03:22:15,351 - __main__ - INFO - Health check complete. Active recordings: 1
2025-07-27 03:22:45,381 - __main__ - INFO - Health check complete. Active recordings: 1
2025-07-27 03:23:15,412 - __main__ - INFO - Health check complete. Active recordings: 1
2025-07-27 03:23:45,443 - __main__ - INFO - Health check complete. Active recordings: 1
2025-07-27 03:23:45,443 - __main__ - INFO - Storage summary: 50 segments, 1.1 GB used
2025-07-27 03:23:48,274 - app.core.recording.continuous_recorder - INFO - Finalized segment for camera 3: camera_3_20250727_031348_600.avi (600s, 13589734 bytes)
2025-07-27 03:23:48,276 - app.core.recording.continuous_recorder - INFO - Using codec XVID for recording
2025-07-27 03:23:48,276 - app.core.recording.continuous_recorder - INFO - Started new segment for camera 3: camera_3_20250727_032348_600.mp4
2025-07-27 03:24:15,474 - __main__ - INFO - Health check complete. Active recordings: 1
2025-07-27 03:24:45,505 - __main__ - INFO - Health check complete. Active recordings: 1
2025-07-27 03:25:15,537 - __main__ - INFO - Health check complete. Active recordings: 1
2025-07-27 03:25:45,568 - __main__ - INFO - Health check complete. Active recordings: 1
2025-07-27 03:26:15,599 - __main__ - INFO - Health check complete. Active recordings: 1
2025-07-27 03:26:45,630 - __main__ - INFO - Health check complete. Active recordings: 1
2025-07-27 03:27:15,660 - __main__ - INFO - Health check complete. Active recordings: 1
2025-07-27 03:27:45,691 - __main__ - INFO - Health check complete. Active recordings: 1
2025-07-27 03:28:15,722 - __main__ - INFO - Health check complete. Active recordings: 1
2025-07-27 03:28:45,735 - __main__ - INFO - Health check complete. Active recordings: 1
2025-07-27 03:28:45,735 - __main__ - INFO - Storage summary: 51 segments, 1.1 GB used
2025-07-27 03:29:15,748 - __main__ - INFO - Health check complete. Active recordings: 1
2025-07-27 03:29:45,776 - __main__ - INFO - Health check complete. Active recordings: 1
2025-07-27 03:30:15,795 - __main__ - INFO - Health check complete. Active recordings: 1
2025-07-27 03:30:45,826 - __main__ - INFO - Health check complete. Active recordings: 1
2025-07-27 03:31:15,856 - __main__ - INFO - Health check complete. Active recordings: 1
2025-07-27 03:31:45,864 - __main__ - INFO - Health check complete. Active recordings: 1
2025-07-27 03:32:15,895 - __main__ - INFO - Health check complete. Active recordings: 1
2025-07-27 03:32:45,925 - __main__ - INFO - Health check complete. Active recordings: 1
2025-07-27 03:33:15,931 - __main__ - INFO - Health check complete. Active recordings: 1
2025-07-27 03:33:45,960 - __main__ - INFO - Health check complete. Active recordings: 1
2025-07-27 03:33:45,960 - __main__ - INFO - Storage summary: 51 segments, 1.1 GB used
2025-07-27 03:33:48,404 - app.core.recording.continuous_recorder - INFO - Finalized segment for camera 3: camera_3_20250727_032348_600.avi (600s, 13578278 bytes)
2025-07-27 03:33:48,405 - app.core.recording.continuous_recorder - INFO - Using codec XVID for recording
2025-07-27 03:33:48,405 - app.core.recording.continuous_recorder - INFO - Started new segment for camera 3: camera_3_20250727_033348_600.mp4
2025-07-27 03:34:15,980 - __main__ - INFO - Health check complete. Active recordings: 1
2025-07-27 03:34:46,005 - __main__ - INFO - Health check complete. Active recordings: 1
2025-07-27 03:35:16,009 - __main__ - INFO - Health check complete. Active recordings: 1
2025-07-27 03:35:46,041 - __main__ - INFO - Health check complete. Active recordings: 1
2025-07-27 03:36:16,071 - __main__ - INFO - Health check complete. Active recordings: 1
2025-07-27 03:36:46,102 - __main__ - INFO - Health check complete. Active recordings: 1
2025-07-27 03:37:16,109 - __main__ - INFO - Health check complete. Active recordings: 1
2025-07-27 03:37:46,140 - __main__ - INFO - Health check complete. Active recordings: 1
2025-07-27 03:38:16,164 - __main__ - INFO - Health check complete. Active recordings: 1
2025-07-27 03:38:46,177 - __main__ - INFO - Health check complete. Active recordings: 1
2025-07-27 03:38:46,177 - __main__ - INFO - Storage summary: 52 segments, 1.1 GB used
2025-07-27 03:39:16,208 - __main__ - INFO - Health check complete. Active recordings: 1
2025-07-27 03:39:46,239 - __main__ - INFO - Health check complete. Active recordings: 1
2025-07-27 03:40:16,269 - __main__ - INFO - Health check complete. Active recordings: 1
2025-07-27 03:40:46,300 - __main__ - INFO - Health check complete. Active recordings: 1
2025-07-27 03:41:16,331 - __main__ - INFO - Health check complete. Active recordings: 1
2025-07-27 03:41:46,361 - __main__ - INFO - Health check complete. Active recordings: 1
2025-07-27 03:42:16,393 - __main__ - INFO - Health check complete. Active recordings: 1
2025-07-27 03:42:46,424 - __main__ - INFO - Health check complete. Active recordings: 1
2025-07-27 03:43:16,455 - __main__ - INFO - Health check complete. Active recordings: 1
2025-07-27 03:43:46,486 - __main__ - INFO - Health check complete. Active recordings: 1
2025-07-27 03:43:46,486 - __main__ - INFO - Storage summary: 52 segments, 1.1 GB used
2025-07-27 03:43:48,507 - app.core.recording.continuous_recorder - INFO - Finalized segment for camera 3: camera_3_20250727_033348_600.avi (600s, 13524484 bytes)
2025-07-27 03:43:48,508 - app.core.recording.continuous_recorder - INFO - Using codec XVID for recording
2025-07-27 03:43:48,508 - app.core.recording.continuous_recorder - INFO - Started new segment for camera 3: camera_3_20250727_034348_600.mp4
2025-07-27 03:44:16,516 - __main__ - INFO - Health check complete. Active recordings: 1
2025-07-27 03:44:46,546 - __main__ - INFO - Health check complete. Active recordings: 1
2025-07-27 03:45:16,577 - __main__ - INFO - Health check complete. Active recordings: 1
2025-07-27 03:45:46,608 - __main__ - INFO - Health check complete. Active recordings: 1
2025-07-27 03:46:16,638 - __main__ - INFO - Health check complete. Active recordings: 1
2025-07-27 03:46:46,669 - __main__ - INFO - Health check complete. Active recordings: 1
2025-07-27 03:47:16,699 - __main__ - INFO - Health check complete. Active recordings: 1
2025-07-27 03:47:46,712 - __main__ - INFO - Health check complete. Active recordings: 1
2025-07-27 03:48:16,361 - app.core.storage.storage_manager - INFO - Starting storage cleanup...
2025-07-27 03:48:16,361 - app.core.storage.storage_manager - INFO - Cleanup complete: No recordings to clean up
2025-07-27 03:48:16,385 - app.core.storage.storage_manager - INFO - Storage Health: 53 segments, 1.1 GB used, 93.3% disk free
2025-07-27 03:48:16,713 - __main__ - INFO - Health check complete. Active recordings: 1
2025-07-27 03:48:46,744 - __main__ - INFO - Health check complete. Active recordings: 1
2025-07-27 03:48:46,744 - __main__ - INFO - Storage summary: 53 segments, 1.1 GB used
2025-07-27 03:49:16,751 - __main__ - INFO - Health check complete. Active recordings: 1
2025-07-27 03:49:46,771 - __main__ - INFO - Health check complete. Active recordings: 1
2025-07-27 03:50:16,802 - __main__ - INFO - Health check complete. Active recordings: 1
2025-07-27 03:50:46,829 - __main__ - INFO - Health check complete. Active recordings: 1
2025-07-27 03:51:16,859 - __main__ - INFO - Health check complete. Active recordings: 1
2025-07-27 03:51:46,890 - __main__ - INFO - Health check complete. Active recordings: 1
2025-07-27 03:52:16,921 - __main__ - INFO - Health check complete. Active recordings: 1
2025-07-27 03:52:46,952 - __main__ - INFO - Health check complete. Active recordings: 1
2025-07-27 03:53:16,980 - __main__ - INFO - Health check complete. Active recordings: 1
2025-07-27 03:53:47,008 - __main__ - INFO - Health check complete. Active recordings: 1
2025-07-27 03:53:47,008 - __main__ - INFO - Storage summary: 53 segments, 1.1 GB used
2025-07-27 03:53:48,511 - app.core.recording.continuous_recorder - INFO - Finalized segment for camera 3: camera_3_20250727_034348_600.avi (600s, 13642180 bytes)
2025-07-27 03:53:48,511 - app.core.recording.continuous_recorder - INFO - Using codec XVID for recording
2025-07-27 03:53:48,511 - app.core.recording.continuous_recorder - INFO - Started new segment for camera 3: camera_3_20250727_035348_600.mp4
2025-07-27 03:54:17,036 - __main__ - INFO - Health check complete. Active recordings: 1
2025-07-27 03:54:47,064 - __main__ - INFO - Health check complete. Active recordings: 1
2025-07-27 03:55:17,094 - __main__ - INFO - Health check complete. Active recordings: 1
2025-07-27 03:55:47,125 - __main__ - INFO - Health check complete. Active recordings: 1
2025-07-27 03:56:17,156 - __main__ - INFO - Health check complete. Active recordings: 1
2025-07-27 03:56:47,186 - __main__ - INFO - Health check complete. Active recordings: 1
2025-07-27 03:57:17,192 - __main__ - INFO - Health check complete. Active recordings: 1
2025-07-27 03:57:47,220 - __main__ - INFO - Health check complete. Active recordings: 1
2025-07-27 03:58:17,228 - __main__ - INFO - Health check complete. Active recordings: 1
2025-07-27 03:58:47,258 - __main__ - INFO - Health check complete. Active recordings: 1
2025-07-27 03:58:47,259 - __main__ - INFO - Storage summary: 54 segments, 1.2 GB used
2025-07-27 03:59:17,288 - __main__ - INFO - Health check complete. Active recordings: 1
2025-07-27 03:59:47,318 - __main__ - INFO - Health check complete. Active recordings: 1
2025-07-27 04:00:17,348 - __main__ - INFO - Health check complete. Active recordings: 1
2025-07-27 04:00:47,378 - __main__ - INFO - Health check complete. Active recordings: 1
2025-07-27 04:01:17,409 - __main__ - INFO - Health check complete. Active recordings: 1
2025-07-27 04:01:47,440 - __main__ - INFO - Health check complete. Active recordings: 1
2025-07-27 04:02:17,443 - __main__ - INFO - Health check complete. Active recordings: 1
2025-07-27 04:02:47,473 - __main__ - INFO - Health check complete. Active recordings: 1
2025-07-27 04:03:17,474 - __main__ - INFO - Health check complete. Active recordings: 1
2025-07-27 04:03:47,505 - __main__ - INFO - Health check complete. Active recordings: 1
2025-07-27 04:03:47,505 - __main__ - INFO - Storage summary: 54 segments, 1.2 GB used
2025-07-27 04:03:48,622 - app.core.recording.continuous_recorder - INFO - Finalized segment for camera 3: camera_3_20250727_035348_600.avi (600s, 13592478 bytes)
2025-07-27 04:03:48,624 - app.core.recording.continuous_recorder - INFO - Using codec XVID for recording
2025-07-27 04:03:48,624 - app.core.recording.continuous_recorder - INFO - Started new segment for camera 3: camera_3_20250727_040348_600.mp4
2025-07-27 04:04:17,517 - __main__ - INFO - Health check complete. Active recordings: 1
2025-07-27 04:04:47,542 - __main__ - INFO - Health check complete. Active recordings: 1
2025-07-27 04:05:17,574 - __main__ - INFO - Health check complete. Active recordings: 1
2025-07-27 04:05:47,605 - __main__ - INFO - Health check complete. Active recordings: 1
2025-07-27 04:06:17,636 - __main__ - INFO - Health check complete. Active recordings: 1
2025-07-27 04:06:47,666 - __main__ - INFO - Health check complete. Active recordings: 1
2025-07-27 04:07:17,697 - __main__ - INFO - Health check complete. Active recordings: 1
2025-07-27 04:07:47,728 - __main__ - INFO - Health check complete. Active recordings: 1
2025-07-27 04:08:17,736 - __main__ - INFO - Health check complete. Active recordings: 1
2025-07-27 04:08:47,767 - __main__ - INFO - Health check complete. Active recordings: 1
2025-07-27 04:08:47,767 - __main__ - INFO - Storage summary: 55 segments, 1.2 GB used
2025-07-27 04:09:17,798 - __main__ - INFO - Health check complete. Active recordings: 1
2025-07-27 04:09:47,829 - __main__ - INFO - Health check complete. Active recordings: 1
2025-07-27 04:10:17,859 - __main__ - INFO - Health check complete. Active recordings: 1
2025-07-27 04:10:47,890 - __main__ - INFO - Health check complete. Active recordings: 1
2025-07-27 04:11:17,916 - __main__ - INFO - Health check complete. Active recordings: 1
2025-07-27 04:11:47,946 - __main__ - INFO - Health check complete. Active recordings: 1
2025-07-27 04:12:17,977 - __main__ - INFO - Health check complete. Active recordings: 1
2025-07-27 04:12:48,008 - __main__ - INFO - Health check complete. Active recordings: 1
2025-07-27 04:13:18,038 - __main__ - INFO - Health check complete. Active recordings: 1
2025-07-27 04:13:48,069 - __main__ - INFO - Health check complete. Active recordings: 1
2025-07-27 04:13:48,069 - __main__ - INFO - Storage summary: 55 segments, 1.2 GB used
2025-07-27 04:13:48,681 - app.core.recording.continuous_recorder - INFO - Finalized segment for camera 3: camera_3_20250727_040348_600.avi (600s, 13641228 bytes)
2025-07-27 04:13:48,681 - app.core.recording.continuous_recorder - INFO - Using codec XVID for recording
2025-07-27 04:13:48,681 - app.core.recording.continuous_recorder - INFO - Started new segment for camera 3: camera_3_20250727_041348_600.mp4
2025-07-27 04:14:18,100 - __main__ - INFO - Health check complete. Active recordings: 1
2025-07-27 04:14:48,130 - __main__ - INFO - Health check complete. Active recordings: 1
2025-07-27 04:15:18,161 - __main__ - INFO - Health check complete. Active recordings: 1
2025-07-27 04:15:48,192 - __main__ - INFO - Health check complete. Active recordings: 1
2025-07-27 04:16:18,222 - __main__ - INFO - Health check complete. Active recordings: 1
2025-07-27 04:16:48,253 - __main__ - INFO - Health check complete. Active recordings: 1
2025-07-27 04:17:18,284 - __main__ - INFO - Health check complete. Active recordings: 1
2025-07-27 04:17:48,314 - __main__ - INFO - Health check complete. Active recordings: 1
2025-07-27 04:18:16,414 - app.core.storage.storage_manager - INFO - Storage Health: 56 segments, 1.2 GB used, 93.2% disk free
2025-07-27 04:18:18,318 - __main__ - INFO - Health check complete. Active recordings: 1
2025-07-27 04:18:48,349 - __main__ - INFO - Health check complete. Active recordings: 1
2025-07-27 04:18:48,349 - __main__ - INFO - Storage summary: 56 segments, 1.2 GB used
2025-07-27 04:19:18,380 - __main__ - INFO - Health check complete. Active recordings: 1
2025-07-27 04:19:48,411 - __main__ - INFO - Health check complete. Active recordings: 1
2025-07-27 04:20:18,441 - __main__ - INFO - Health check complete. Active recordings: 1
2025-07-27 04:20:48,472 - __main__ - INFO - Health check complete. Active recordings: 1
2025-07-27 04:21:18,503 - __main__ - INFO - Health check complete. Active recordings: 1
2025-07-27 04:21:48,534 - __main__ - INFO - Health check complete. Active recordings: 1
2025-07-27 04:22:18,565 - __main__ - INFO - Health check complete. Active recordings: 1
2025-07-27 04:22:48,595 - __main__ - INFO - Health check complete. Active recordings: 1
2025-07-27 04:23:18,604 - __main__ - INFO - Health check complete. Active recordings: 1
2025-07-27 04:23:48,608 - __main__ - INFO - Health check complete. Active recordings: 1
2025-07-27 04:23:48,608 - __main__ - INFO - Storage summary: 56 segments, 1.2 GB used
2025-07-27 04:23:48,737 - app.core.recording.continuous_recorder - INFO - Finalized segment for camera 3: camera_3_20250727_041348_600.avi (600s, 13616430 bytes)
2025-07-27 04:23:48,737 - app.core.recording.continuous_recorder - INFO - Using codec XVID for recording
2025-07-27 04:23:48,737 - app.core.recording.continuous_recorder - INFO - Started new segment for camera 3: camera_3_20250727_042348_600.mp4
2025-07-27 04:24:18,616 - __main__ - INFO - Health check complete. Active recordings: 1
2025-07-27 04:24:48,620 - __main__ - INFO - Health check complete. Active recordings: 1
2025-07-27 04:25:18,650 - __main__ - INFO - Health check complete. Active recordings: 1
2025-07-27 04:25:48,681 - __main__ - INFO - Health check complete. Active recordings: 1
2025-07-27 04:26:18,712 - __main__ - INFO - Health check complete. Active recordings: 1
2025-07-27 04:26:48,743 - __main__ - INFO - Health check complete. Active recordings: 1
2025-07-27 04:27:18,755 - __main__ - INFO - Health check complete. Active recordings: 1
2025-07-27 04:27:48,785 - __main__ - INFO - Health check complete. Active recordings: 1
2025-07-27 04:28:18,816 - __main__ - INFO - Health check complete. Active recordings: 1
2025-07-27 04:28:48,846 - __main__ - INFO - Health check complete. Active recordings: 1
2025-07-27 04:28:48,847 - __main__ - INFO - Storage summary: 57 segments, 1.2 GB used
2025-07-27 04:29:18,876 - __main__ - INFO - Health check complete. Active recordings: 1
2025-07-27 04:29:48,906 - __main__ - INFO - Health check complete. Active recordings: 1
2025-07-27 04:30:18,937 - __main__ - INFO - Health check complete. Active recordings: 1
2025-07-27 04:30:48,968 - __main__ - INFO - Health check complete. Active recordings: 1
2025-07-27 04:31:18,996 - __main__ - INFO - Health check complete. Active recordings: 1
2025-07-27 04:31:49,024 - __main__ - INFO - Health check complete. Active recordings: 1
2025-07-27 04:32:19,053 - __main__ - INFO - Health check complete. Active recordings: 1
2025-07-27 04:32:49,084 - __main__ - INFO - Health check complete. Active recordings: 1
2025-07-27 04:33:19,112 - __main__ - INFO - Health check complete. Active recordings: 1
2025-07-27 04:33:48,773 - app.core.recording.continuous_recorder - INFO - Finalized segment for camera 3: camera_3_20250727_042348_600.avi (600s, 13451536 bytes)
2025-07-27 04:33:48,774 - app.core.recording.continuous_recorder - INFO - Using codec XVID for recording
2025-07-27 04:33:48,774 - app.core.recording.continuous_recorder - INFO - Started new segment for camera 3: camera_3_20250727_043348_600.mp4
2025-07-27 04:33:49,120 - __main__ - INFO - Health check complete. Active recordings: 1
2025-07-27 04:33:49,120 - __main__ - INFO - Storage summary: 58 segments, 1.2 GB used
2025-07-27 04:34:19,126 - __main__ - INFO - Health check complete. Active recordings: 1
2025-07-27 04:34:49,153 - __main__ - INFO - Health check complete. Active recordings: 1
2025-07-27 04:35:19,186 - __main__ - INFO - Health check complete. Active recordings: 1
2025-07-27 04:35:49,203 - __main__ - INFO - Health check complete. Active recordings: 1
2025-07-27 04:36:19,233 - __main__ - INFO - Health check complete. Active recordings: 1
2025-07-27 04:36:49,264 - __main__ - INFO - Health check complete. Active recordings: 1
2025-07-27 04:37:19,295 - __main__ - INFO - Health check complete. Active recordings: 1
2025-07-27 04:37:49,302 - __main__ - INFO - Health check complete. Active recordings: 1
2025-07-27 04:38:19,333 - __main__ - INFO - Health check complete. Active recordings: 1
2025-07-27 04:38:49,364 - __main__ - INFO - Health check complete. Active recordings: 1
2025-07-27 04:38:49,364 - __main__ - INFO - Storage summary: 58 segments, 1.2 GB used
2025-07-27 04:39:19,395 - __main__ - INFO - Health check complete. Active recordings: 1
2025-07-27 04:39:49,425 - __main__ - INFO - Health check complete. Active recordings: 1
2025-07-27 04:40:19,456 - __main__ - INFO - Health check complete. Active recordings: 1
2025-07-27 04:40:49,464 - __main__ - INFO - Health check complete. Active recordings: 1
2025-07-27 04:41:19,480 - __main__ - INFO - Health check complete. Active recordings: 1
2025-07-27 04:41:49,510 - __main__ - INFO - Health check complete. Active recordings: 1
2025-07-27 04:42:19,541 - __main__ - INFO - Health check complete. Active recordings: 1
2025-07-27 04:42:49,572 - __main__ - INFO - Health check complete. Active recordings: 1
2025-07-27 04:43:19,597 - __main__ - INFO - Health check complete. Active recordings: 1
2025-07-27 04:43:48,791 - app.core.recording.continuous_recorder - INFO - Finalized segment for camera 3: camera_3_20250727_043348_600.avi (600s, 13634270 bytes)
2025-07-27 04:43:48,792 - app.core.recording.continuous_recorder - INFO - Using codec XVID for recording
2025-07-27 04:43:48,792 - app.core.recording.continuous_recorder - INFO - Started new segment for camera 3: camera_3_20250727_044348_600.mp4
2025-07-27 04:43:49,628 - __main__ - INFO - Health check complete. Active recordings: 1
2025-07-27 04:43:49,628 - __main__ - INFO - Storage summary: 59 segments, 1.2 GB used
2025-07-27 04:44:19,659 - __main__ - INFO - Health check complete. Active recordings: 1
2025-07-27 04:44:49,689 - __main__ - INFO - Health check complete. Active recordings: 1
2025-07-27 04:45:19,697 - __main__ - INFO - Health check complete. Active recordings: 1
2025-07-27 04:45:49,728 - __main__ - INFO - Health check complete. Active recordings: 1
2025-07-27 04:46:19,758 - __main__ - INFO - Health check complete. Active recordings: 1
2025-07-27 04:46:49,789 - __main__ - INFO - Health check complete. Active recordings: 1
2025-07-27 04:47:19,821 - __main__ - INFO - Health check complete. Active recordings: 1
2025-07-27 04:47:49,852 - __main__ - INFO - Health check complete. Active recordings: 1
2025-07-27 04:48:16,388 - app.core.storage.storage_manager - INFO - Starting storage cleanup...
2025-07-27 04:48:16,389 - app.core.storage.storage_manager - INFO - Cleanup complete: No recordings to clean up
2025-07-27 04:48:16,416 - app.core.storage.storage_manager - INFO - Storage Health: 59 segments, 1.2 GB used, 93.2% disk free
2025-07-27 04:48:19,856 - __main__ - INFO - Health check complete. Active recordings: 1
2025-07-27 04:48:49,877 - __main__ - INFO - Health check complete. Active recordings: 1
2025-07-27 04:48:49,878 - __main__ - INFO - Storage summary: 59 segments, 1.2 GB used
2025-07-27 04:49:19,909 - __main__ - INFO - Health check complete. Active recordings: 1
2025-07-27 04:49:49,939 - __main__ - INFO - Health check complete. Active recordings: 1
2025-07-27 04:50:19,970 - __main__ - INFO - Health check complete. Active recordings: 1
2025-07-27 04:50:49,972 - __main__ - INFO - Health check complete. Active recordings: 1
2025-07-27 04:51:20,003 - __main__ - INFO - Health check complete. Active recordings: 1
2025-07-27 04:51:50,021 - __main__ - INFO - Health check complete. Active recordings: 1
2025-07-27 04:52:20,040 - __main__ - INFO - Health check complete. Active recordings: 1
2025-07-27 04:52:50,064 - __main__ - INFO - Health check complete. Active recordings: 1
2025-07-27 04:53:20,092 - __main__ - INFO - Health check complete. Active recordings: 1
2025-07-27 04:53:48,826 - app.core.recording.continuous_recorder - INFO - Finalized segment for camera 3: camera_3_20250727_044348_600.avi (600s, 13464100 bytes)
2025-07-27 04:53:48,827 - app.core.recording.continuous_recorder - INFO - Using codec XVID for recording
2025-07-27 04:53:48,827 - app.core.recording.continuous_recorder - INFO - Started new segment for camera 3: camera_3_20250727_045348_600.mp4
2025-07-27 04:53:50,122 - __main__ - INFO - Health check complete. Active recordings: 1
2025-07-27 04:53:50,123 - __main__ - INFO - Storage summary: 60 segments, 1.2 GB used
2025-07-27 04:54:20,153 - __main__ - INFO - Health check complete. Active recordings: 1
2025-07-27 04:54:50,176 - __main__ - INFO - Health check complete. Active recordings: 1
2025-07-27 04:55:20,205 - __main__ - INFO - Health check complete. Active recordings: 1
2025-07-27 04:55:50,218 - __main__ - INFO - Health check complete. Active recordings: 1
2025-07-27 04:56:20,249 - __main__ - INFO - Health check complete. Active recordings: 1
2025-07-27 04:56:50,257 - __main__ - INFO - Health check complete. Active recordings: 1
2025-07-27 04:57:20,272 - __main__ - INFO - Health check complete. Active recordings: 1
2025-07-27 04:57:50,300 - __main__ - INFO - Health check complete. Active recordings: 1
2025-07-27 04:58:20,330 - __main__ - INFO - Health check complete. Active recordings: 1
2025-07-27 04:58:50,360 - __main__ - INFO - Health check complete. Active recordings: 1
2025-07-27 04:58:50,360 - __main__ - INFO - Storage summary: 60 segments, 1.2 GB used
2025-07-27 04:59:20,391 - __main__ - INFO - Health check complete. Active recordings: 1
2025-07-27 04:59:50,421 - __main__ - INFO - Health check complete. Active recordings: 1
2025-07-27 05:00:20,452 - __main__ - INFO - Health check complete. Active recordings: 1
2025-07-27 05:00:50,482 - __main__ - INFO - Health check complete. Active recordings: 1
2025-07-27 05:01:20,513 - __main__ - INFO - Health check complete. Active recordings: 1
2025-07-27 05:01:50,544 - __main__ - INFO - Health check complete. Active recordings: 1
2025-07-27 05:02:20,555 - __main__ - INFO - Health check complete. Active recordings: 1
2025-07-27 05:31:49,856 - __main__ - INFO - Health check complete. Active recordings: 1
2025-07-27 05:32:09,771 - app.core.recording.continuous_recorder - INFO - Finalized segment for camera 3: camera_3_20250727_045348_600.avi (2300s, 11698336 bytes)
2025-07-27 05:32:09,774 - app.core.recording.continuous_recorder - INFO - Using codec XVID for recording
2025-07-27 05:32:09,774 - app.core.recording.continuous_recorder - INFO - Started new segment for camera 3: camera_3_20250727_053209_600.mp4
2025-07-27 05:32:19,884 - __main__ - INFO - Health check complete. Active recordings: 1
2025-07-27 05:32:49,885 - __main__ - INFO - Health check complete. Active recordings: 1
2025-07-27 05:32:49,885 - __main__ - INFO - Storage summary: 61 segments, 1.2 GB used
2025-07-27 05:33:09,889 - app.core.recording.continuous_recorder - WARNING - Lost connection to camera 3, reconnecting...
2025-07-27 05:33:10,892 - app.core.recording.continuous_recorder - INFO - Connecting to camera 3 at rtsp://admin:Mekus_1987@10.0.0.181:554/h264Preview_01_sub
2025-07-27 05:33:14,014 - app.core.recording.continuous_recorder - INFO - Successfully connected to camera 3
2025-07-27 05:33:19,916 - __main__ - INFO - Health check complete. Active recordings: 1
2025-07-27 05:33:49,944 - __main__ - INFO - Health check complete. Active recordings: 1
2025-07-27 05:34:19,971 - __main__ - INFO - Health check complete. Active recordings: 1
2025-07-27 05:34:49,999 - __main__ - INFO - Health check complete. Active recordings: 1
2025-07-27 05:35:20,032 - __main__ - INFO - Health check complete. Active recordings: 1
2025-07-27 05:35:50,063 - __main__ - INFO - Health check complete. Active recordings: 1
2025-07-27 05:36:20,092 - __main__ - INFO - Health check complete. Active recordings: 1
2025-07-27 05:36:50,122 - __main__ - INFO - Health check complete. Active recordings: 1
2025-07-27 05:37:20,130 - __main__ - INFO - Health check complete. Active recordings: 1
2025-07-27 05:37:50,160 - __main__ - INFO - Health check complete. Active recordings: 1
2025-07-27 05:37:50,160 - __main__ - INFO - Storage summary: 61 segments, 1.2 GB used
2025-07-27 05:38:20,164 - __main__ - INFO - Health check complete. Active recordings: 1
2025-07-27 05:38:50,197 - __main__ - INFO - Health check complete. Active recordings: 1
2025-07-27 05:39:20,227 - __main__ - INFO - Health check complete. Active recordings: 1
2025-07-27 05:39:50,256 - __main__ - INFO - Health check complete. Active recordings: 1
2025-07-27 05:40:20,284 - __main__ - INFO - Health check complete. Active recordings: 1
2025-07-27 05:40:50,306 - __main__ - INFO - Health check complete. Active recordings: 1
2025-07-27 05:41:20,336 - __main__ - INFO - Health check complete. Active recordings: 1
2025-07-27 05:41:50,364 - __main__ - INFO - Health check complete. Active recordings: 1
2025-07-27 05:42:09,860 - app.core.recording.continuous_recorder - INFO - Finalized segment for camera 3: camera_3_20250727_053209_600.avi (600s, 11864748 bytes)
2025-07-27 05:42:09,860 - app.core.recording.continuous_recorder - INFO - Using codec XVID for recording
2025-07-27 05:42:09,860 - app.core.recording.continuous_recorder - INFO - Started new segment for camera 3: camera_3_20250727_054209_600.mp4
2025-07-27 05:42:20,395 - __main__ - INFO - Health check complete. Active recordings: 1
2025-07-27 05:42:50,425 - __main__ - INFO - Health check complete. Active recordings: 1
2025-07-27 05:42:50,426 - __main__ - INFO - Storage summary: 62 segments, 1.3 GB used
2025-07-27 05:43:20,455 - __main__ - INFO - Health check complete. Active recordings: 1
2025-07-27 05:43:50,486 - __main__ - INFO - Health check complete. Active recordings: 1
2025-07-27 05:44:20,515 - __main__ - INFO - Health check complete. Active recordings: 1
2025-07-27 05:44:50,543 - __main__ - INFO - Health check complete. Active recordings: 1
2025-07-27 05:45:20,575 - __main__ - INFO - Health check complete. Active recordings: 1
2025-07-27 05:45:50,606 - __main__ - INFO - Health check complete. Active recordings: 1
2025-07-27 05:46:20,639 - __main__ - INFO - Health check complete. Active recordings: 1
2025-07-27 05:46:50,671 - __main__ - INFO - Health check complete. Active recordings: 1
2025-07-27 05:47:15,711 - app.core.storage.storage_manager - INFO - Storage Health: 62 segments, 1.3 GB used, 93.2% disk free
2025-07-27 05:47:20,676 - __main__ - INFO - Health check complete. Active recordings: 1
2025-07-27 05:47:50,677 - __main__ - INFO - Health check complete. Active recordings: 1
2025-07-27 05:47:50,678 - __main__ - INFO - Storage summary: 62 segments, 1.3 GB used
2025-07-27 05:48:20,712 - __main__ - INFO - Health check complete. Active recordings: 1
2025-07-27 05:48:50,743 - __main__ - INFO - Health check complete. Active recordings: 1
2025-07-27 05:49:20,775 - __main__ - INFO - Health check complete. Active recordings: 1
2025-07-27 05:49:50,805 - __main__ - INFO - Health check complete. Active recordings: 1
2025-07-27 05:50:20,836 - __main__ - INFO - Health check complete. Active recordings: 1
2025-07-27 05:50:50,861 - __main__ - INFO - Health check complete. Active recordings: 1
2025-07-27 05:51:20,864 - __main__ - INFO - Health check complete. Active recordings: 1
2025-07-27 05:51:50,878 - __main__ - INFO - Health check complete. Active recordings: 1
2025-07-27 05:52:09,964 - app.core.recording.continuous_recorder - INFO - Finalized segment for camera 3: camera_3_20250727_054209_600.avi (600s, 13371240 bytes)
2025-07-27 05:52:09,965 - app.core.recording.continuous_recorder - INFO - Using codec XVID for recording
2025-07-27 05:52:09,965 - app.core.recording.continuous_recorder - INFO - Started new segment for camera 3: camera_3_20250727_055209_600.mp4
2025-07-27 05:52:20,916 - __main__ - INFO - Health check complete. Active recordings: 1
2025-07-27 05:52:50,944 - __main__ - INFO - Health check complete. Active recordings: 1
2025-07-27 05:52:50,944 - __main__ - INFO - Storage summary: 63 segments, 1.3 GB used
2025-07-27 05:53:20,976 - __main__ - INFO - Health check complete. Active recordings: 1
2025-07-27 05:53:51,011 - __main__ - INFO - Health check complete. Active recordings: 1
2025-07-27 05:54:21,044 - __main__ - INFO - Health check complete. Active recordings: 1
2025-07-27 05:54:51,072 - __main__ - INFO - Health check complete. Active recordings: 1
2025-07-27 05:55:21,106 - __main__ - INFO - Health check complete. Active recordings: 1
2025-07-27 05:55:51,139 - __main__ - INFO - Health check complete. Active recordings: 1
2025-07-27 05:56:21,176 - __main__ - INFO - Health check complete. Active recordings: 1
2025-07-27 05:56:51,208 - __main__ - INFO - Health check complete. Active recordings: 1
2025-07-27 05:57:21,236 - __main__ - INFO - Health check complete. Active recordings: 1
2025-07-27 05:57:51,264 - __main__ - INFO - Health check complete. Active recordings: 1
2025-07-27 05:57:51,264 - __main__ - INFO - Storage summary: 63 segments, 1.3 GB used
2025-07-27 05:58:21,292 - __main__ - INFO - Health check complete. Active recordings: 1
2025-07-27 05:58:51,320 - __main__ - INFO - Health check complete. Active recordings: 1
2025-07-27 05:59:21,345 - __main__ - INFO - Health check complete. Active recordings: 1
2025-07-27 05:59:51,376 - __main__ - INFO - Health check complete. Active recordings: 1
2025-07-27 06:00:21,409 - __main__ - INFO - Health check complete. Active recordings: 1
2025-07-27 06:00:51,440 - __main__ - INFO - Health check complete. Active recordings: 1
2025-07-27 06:01:21,472 - __main__ - INFO - Health check complete. Active recordings: 1
2025-07-27 06:01:51,500 - __main__ - INFO - Health check complete. Active recordings: 1
2025-07-27 06:02:10,019 - app.core.recording.continuous_recorder - INFO - Finalized segment for camera 3: camera_3_20250727_055209_600.avi (600s, 13240910 bytes)
2025-07-27 06:02:10,020 - app.core.recording.continuous_recorder - INFO - Using codec XVID for recording
2025-07-27 06:02:10,020 - app.core.recording.continuous_recorder - INFO - Started new segment for camera 3: camera_3_20250727_060210_600.mp4
2025-07-27 06:02:21,531 - __main__ - INFO - Health check complete. Active recordings: 1
2025-07-27 06:02:51,562 - __main__ - INFO - Health check complete. Active recordings: 1
2025-07-27 06:02:51,562 - __main__ - INFO - Storage summary: 64 segments, 1.3 GB used
2025-07-27 06:03:21,593 - __main__ - INFO - Health check complete. Active recordings: 1
2025-07-27 06:03:51,624 - __main__ - INFO - Health check complete. Active recordings: 1
2025-07-27 06:04:21,651 - __main__ - INFO - Health check complete. Active recordings: 1
2025-07-27 06:04:51,682 - __main__ - INFO - Health check complete. Active recordings: 1
2025-07-27 06:05:21,711 - __main__ - INFO - Health check complete. Active recordings: 1
2025-07-27 06:05:51,739 - __main__ - INFO - Health check complete. Active recordings: 1
2025-07-27 06:06:21,770 - __main__ - INFO - Health check complete. Active recordings: 1
2025-07-27 06:06:51,776 - __main__ - INFO - Health check complete. Active recordings: 1
2025-07-27 06:07:21,811 - __main__ - INFO - Health check complete. Active recordings: 1
2025-07-27 06:07:51,856 - __main__ - INFO - Health check complete. Active recordings: 1
2025-07-27 06:07:51,856 - __main__ - INFO - Storage summary: 64 segments, 1.3 GB used
2025-07-27 06:08:21,918 - __main__ - INFO - Health check complete. Active recordings: 1
2025-07-27 06:08:51,956 - __main__ - INFO - Health check complete. Active recordings: 1
2025-07-27 06:09:21,964 - __main__ - INFO - Health check complete. Active recordings: 1
2025-07-27 06:09:51,998 - __main__ - INFO - Health check complete. Active recordings: 1
2025-07-27 06:10:22,029 - __main__ - INFO - Health check complete. Active recordings: 1
2025-07-27 06:10:52,060 - __main__ - INFO - Health check complete. Active recordings: 1
2025-07-27 06:11:22,091 - __main__ - INFO - Health check complete. Active recordings: 1
2025-07-27 06:11:52,122 - __main__ - INFO - Health check complete. Active recordings: 1
2025-07-27 06:12:10,045 - app.core.recording.continuous_recorder - INFO - Finalized segment for camera 3: camera_3_20250727_060210_600.avi (600s, 13376530 bytes)
2025-07-27 06:12:10,046 - app.core.recording.continuous_recorder - INFO - Using codec XVID for recording
2025-07-27 06:12:10,046 - app.core.recording.continuous_recorder - INFO - Started new segment for camera 3: camera_3_20250727_061210_600.mp4
2025-07-27 06:12:22,152 - __main__ - INFO - Health check complete. Active recordings: 1
2025-07-27 06:12:52,182 - __main__ - INFO - Health check complete. Active recordings: 1
2025-07-27 06:12:52,182 - __main__ - INFO - Storage summary: 65 segments, 1.3 GB used
2025-07-27 06:13:22,209 - __main__ - INFO - Health check complete. Active recordings: 1
2025-07-27 06:13:52,239 - __main__ - INFO - Health check complete. Active recordings: 1
2025-07-27 06:14:22,307 - __main__ - INFO - Health check complete. Active recordings: 1
2025-07-27 06:14:52,322 - __main__ - INFO - Health check complete. Active recordings: 1
2025-07-27 06:15:22,353 - __main__ - INFO - Health check complete. Active recordings: 1
2025-07-27 06:15:52,385 - __main__ - INFO - Health check complete. Active recordings: 1
2025-07-27 06:16:22,417 - __main__ - INFO - Health check complete. Active recordings: 1
2025-07-27 06:16:52,449 - __main__ - INFO - Health check complete. Active recordings: 1
2025-07-27 06:17:15,684 - app.core.storage.storage_manager - INFO - Starting storage cleanup...
2025-07-27 06:17:15,685 - app.core.storage.storage_manager - INFO - Cleanup complete: No recordings to clean up
2025-07-27 06:17:15,713 - app.core.storage.storage_manager - INFO - Storage Health: 65 segments, 1.3 GB used, 93.2% disk free
2025-07-27 06:17:22,455 - __main__ - INFO - Health check complete. Active recordings: 1
2025-07-27 06:17:52,489 - __main__ - INFO - Health check complete. Active recordings: 1
2025-07-27 06:17:52,490 - __main__ - INFO - Storage summary: 65 segments, 1.3 GB used
2025-07-27 06:18:22,520 - __main__ - INFO - Health check complete. Active recordings: 1
2025-07-27 06:18:52,551 - __main__ - INFO - Health check complete. Active recordings: 1
2025-07-27 06:19:22,582 - __main__ - INFO - Health check complete. Active recordings: 1
2025-07-27 06:19:52,612 - __main__ - INFO - Health check complete. Active recordings: 1
2025-07-27 06:20:22,639 - __main__ - INFO - Health check complete. Active recordings: 1
2025-07-27 06:20:52,664 - __main__ - INFO - Health check complete. Active recordings: 1
2025-07-27 06:21:22,693 - __main__ - INFO - Health check complete. Active recordings: 1
2025-07-27 06:21:52,696 - __main__ - INFO - Health check complete. Active recordings: 1
2025-07-27 06:22:10,060 - app.core.recording.continuous_recorder - INFO - Finalized segment for camera 3: camera_3_20250727_061210_600.avi (600s, 13374264 bytes)
2025-07-27 06:22:10,061 - app.core.recording.continuous_recorder - INFO - Using codec XVID for recording
2025-07-27 06:22:10,061 - app.core.recording.continuous_recorder - INFO - Started new segment for camera 3: camera_3_20250727_062210_600.mp4
2025-07-27 06:22:22,724 - __main__ - INFO - Health check complete. Active recordings: 1
2025-07-27 06:22:52,755 - __main__ - INFO - Health check complete. Active recordings: 1
2025-07-27 06:22:52,755 - __main__ - INFO - Storage summary: 66 segments, 1.3 GB used
2025-07-27 06:23:22,784 - __main__ - INFO - Health check complete. Active recordings: 1
2025-07-27 06:23:52,791 - __main__ - INFO - Health check complete. Active recordings: 1
2025-07-27 06:24:22,825 - __main__ - INFO - Health check complete. Active recordings: 1
2025-07-27 06:24:52,857 - __main__ - INFO - Health check complete. Active recordings: 1
2025-07-27 06:25:22,890 - __main__ - INFO - Health check complete. Active recordings: 1
2025-07-27 06:25:52,923 - __main__ - INFO - Health check complete. Active recordings: 1
2025-07-27 06:26:22,952 - __main__ - INFO - Health check complete. Active recordings: 1
2025-07-27 06:26:52,966 - __main__ - INFO - Health check complete. Active recordings: 1
2025-07-27 06:27:22,989 - __main__ - INFO - Health check complete. Active recordings: 1
2025-07-27 06:27:53,019 - __main__ - INFO - Health check complete. Active recordings: 1
2025-07-27 06:27:53,019 - __main__ - INFO - Storage summary: 66 segments, 1.3 GB used
2025-07-27 06:28:23,026 - __main__ - INFO - Health check complete. Active recordings: 1
2025-07-27 06:28:53,083 - __main__ - INFO - Health check complete. Active recordings: 1
2025-07-27 06:29:23,120 - __main__ - INFO - Health check complete. Active recordings: 1
2025-07-27 06:29:53,176 - __main__ - INFO - Health check complete. Active recordings: 1
2025-07-27 06:30:23,214 - __main__ - INFO - Health check complete. Active recordings: 1
2025-07-27 06:30:53,266 - __main__ - INFO - Health check complete. Active recordings: 1
2025-07-27 06:31:23,303 - __main__ - INFO - Health check complete. Active recordings: 1
2025-07-27 06:31:53,335 - __main__ - INFO - Health check complete. Active recordings: 1
2025-07-27 06:32:10,208 - app.core.recording.continuous_recorder - INFO - Finalized segment for camera 3: camera_3_20250727_062210_600.avi (600s, 13295508 bytes)
2025-07-27 06:32:10,209 - app.core.recording.continuous_recorder - INFO - Using codec XVID for recording
2025-07-27 06:32:10,209 - app.core.recording.continuous_recorder - INFO - Started new segment for camera 3: camera_3_20250727_063210_600.mp4
2025-07-27 06:32:23,371 - __main__ - INFO - Health check complete. Active recordings: 1
2025-07-27 06:32:53,405 - __main__ - INFO - Health check complete. Active recordings: 1
2025-07-27 06:32:53,406 - __main__ - INFO - Storage summary: 67 segments, 1.3 GB used
2025-07-27 06:33:23,437 - __main__ - INFO - Health check complete. Active recordings: 1
2025-07-27 06:33:53,466 - __main__ - INFO - Health check complete. Active recordings: 1
2025-07-27 06:34:23,496 - __main__ - INFO - Health check complete. Active recordings: 1
2025-07-27 06:34:53,526 - __main__ - INFO - Health check complete. Active recordings: 1
2025-07-27 06:35:23,549 - __main__ - INFO - Health check complete. Active recordings: 1
2025-07-27 06:35:53,568 - __main__ - INFO - Health check complete. Active recordings: 1
2025-07-27 06:36:23,610 - __main__ - INFO - Health check complete. Active recordings: 1
2025-07-27 06:36:53,648 - __main__ - INFO - Health check complete. Active recordings: 1
2025-07-27 06:37:23,683 - __main__ - INFO - Health check complete. Active recordings: 1
2025-07-27 06:37:53,717 - __main__ - INFO - Health check complete. Active recordings: 1
2025-07-27 06:37:53,718 - __main__ - INFO - Storage summary: 67 segments, 1.3 GB used
2025-07-27 06:38:23,748 - __main__ - INFO - Health check complete. Active recordings: 1
2025-07-27 06:38:53,784 - __main__ - INFO - Health check complete. Active recordings: 1
2025-07-27 06:39:23,818 - __main__ - INFO - Health check complete. Active recordings: 1
2025-07-27 06:39:53,854 - __main__ - INFO - Health check complete. Active recordings: 1
2025-07-27 06:40:23,887 - __main__ - INFO - Health check complete. Active recordings: 1
2025-07-27 06:40:53,913 - __main__ - INFO - Health check complete. Active recordings: 1
2025-07-27 06:41:23,932 - __main__ - INFO - Health check complete. Active recordings: 1
2025-07-27 06:41:53,964 - __main__ - INFO - Health check complete. Active recordings: 1
2025-07-27 06:42:10,274 - app.core.recording.continuous_recorder - INFO - Finalized segment for camera 3: camera_3_20250727_063210_600.avi (600s, 13667648 bytes)
2025-07-27 06:42:10,276 - app.core.recording.continuous_recorder - INFO - Using codec XVID for recording
2025-07-27 06:42:10,276 - app.core.recording.continuous_recorder - INFO - Started new segment for camera 3: camera_3_20250727_064210_600.mp4
2025-07-27 06:42:23,965 - __main__ - INFO - Health check complete. Active recordings: 1
2025-07-27 06:42:53,995 - __main__ - INFO - Health check complete. Active recordings: 1
2025-07-27 06:42:53,996 - __main__ - INFO - Storage summary: 68 segments, 1.3 GB used
2025-07-27 06:43:24,041 - __main__ - INFO - Health check complete. Active recordings: 1
2025-07-27 06:43:54,102 - __main__ - INFO - Health check complete. Active recordings: 1
2025-07-27 06:44:24,148 - __main__ - INFO - Health check complete. Active recordings: 1
2025-07-27 06:44:54,208 - __main__ - INFO - Health check complete. Active recordings: 1
2025-07-27 06:45:24,253 - __main__ - INFO - Health check complete. Active recordings: 1
2025-07-27 06:45:54,307 - __main__ - INFO - Health check complete. Active recordings: 1
2025-07-27 06:46:24,339 - __main__ - INFO - Health check complete. Active recordings: 1
2025-07-27 06:46:54,370 - __main__ - INFO - Health check complete. Active recordings: 1
2025-07-27 06:47:15,720 - app.core.storage.storage_manager - INFO - Storage Health: 68 segments, 1.3 GB used, 93.2% disk free
2025-07-27 06:47:24,380 - __main__ - INFO - Health check complete. Active recordings: 1
2025-07-27 06:47:54,411 - __main__ - INFO - Health check complete. Active recordings: 1
2025-07-27 06:47:54,411 - __main__ - INFO - Storage summary: 68 segments, 1.3 GB used
2025-07-27 06:48:24,442 - __main__ - INFO - Health check complete. Active recordings: 1
2025-07-27 06:48:54,471 - __main__ - INFO - Health check complete. Active recordings: 1
2025-07-27 06:49:24,502 - __main__ - INFO - Health check complete. Active recordings: 1
2025-07-27 06:49:54,532 - __main__ - INFO - Health check complete. Active recordings: 1
2025-07-27 06:50:24,553 - __main__ - INFO - Health check complete. Active recordings: 1
2025-07-27 06:50:54,586 - __main__ - INFO - Health check complete. Active recordings: 1
2025-07-27 06:51:24,622 - __main__ - INFO - Health check complete. Active recordings: 1
2025-07-27 06:51:54,655 - __main__ - INFO - Health check complete. Active recordings: 1
2025-07-27 06:52:10,324 - app.core.recording.continuous_recorder - INFO - Finalized segment for camera 3: camera_3_20250727_064210_600.avi (600s, 14201038 bytes)
2025-07-27 06:52:10,325 - app.core.recording.continuous_recorder - INFO - Using codec XVID for recording
2025-07-27 06:52:10,325 - app.core.recording.continuous_recorder - INFO - Started new segment for camera 3: camera_3_20250727_065210_600.mp4
2025-07-27 06:52:24,702 - __main__ - INFO - Health check complete. Active recordings: 1
2025-07-27 06:52:54,736 - __main__ - INFO - Health check complete. Active recordings: 1
2025-07-27 06:52:54,736 - __main__ - INFO - Storage summary: 69 segments, 1.3 GB used
2025-07-27 06:53:24,780 - __main__ - INFO - Health check complete. Active recordings: 1
2025-07-27 06:53:54,814 - __main__ - INFO - Health check complete. Active recordings: 1
2025-07-27 06:54:24,844 - __main__ - INFO - Health check complete. Active recordings: 1
2025-07-27 06:54:54,875 - __main__ - INFO - Health check complete. Active recordings: 1
2025-07-27 06:55:24,906 - __main__ - INFO - Health check complete. Active recordings: 1
2025-07-27 06:55:54,936 - __main__ - INFO - Health check complete. Active recordings: 1
2025-07-27 06:56:24,966 - __main__ - INFO - Health check complete. Active recordings: 1
2025-07-27 06:56:54,987 - __main__ - INFO - Health check complete. Active recordings: 1
2025-07-27 06:57:25,010 - __main__ - INFO - Health check complete. Active recordings: 1
2025-07-27 06:57:55,041 - __main__ - INFO - Health check complete. Active recordings: 1
2025-07-27 06:57:55,041 - __main__ - INFO - Storage summary: 69 segments, 1.3 GB used
2025-07-27 06:58:25,072 - __main__ - INFO - Health check complete. Active recordings: 1
2025-07-27 06:58:55,106 - __main__ - INFO - Health check complete. Active recordings: 1
2025-07-27 06:59:25,137 - __main__ - INFO - Health check complete. Active recordings: 1
2025-07-27 06:59:55,173 - __main__ - INFO - Health check complete. Active recordings: 1
2025-07-27 07:00:25,206 - __main__ - INFO - Health check complete. Active recordings: 1
2025-07-27 07:00:55,237 - __main__ - INFO - Health check complete. Active recordings: 1
2025-07-27 07:01:25,270 - __main__ - INFO - Health check complete. Active recordings: 1
2025-07-27 07:01:55,304 - __main__ - INFO - Health check complete. Active recordings: 1
2025-07-27 07:02:10,432 - app.core.recording.continuous_recorder - INFO - Finalized segment for camera 3: camera_3_20250727_065210_600.avi (600s, 15379126 bytes)
2025-07-27 07:02:10,433 - app.core.recording.continuous_recorder - INFO - Using codec XVID for recording
2025-07-27 07:02:10,433 - app.core.recording.continuous_recorder - INFO - Started new segment for camera 3: camera_3_20250727_070210_600.mp4
2025-07-27 07:02:25,335 - __main__ - INFO - Health check complete. Active recordings: 1
2025-07-27 07:02:55,365 - __main__ - INFO - Health check complete. Active recordings: 1
2025-07-27 07:02:55,366 - __main__ - INFO - Storage summary: 70 segments, 1.4 GB used
2025-07-27 07:03:25,387 - __main__ - INFO - Health check complete. Active recordings: 1
2025-07-27 07:03:55,406 - __main__ - INFO - Health check complete. Active recordings: 1
2025-07-27 07:04:25,425 - __main__ - INFO - Health check complete. Active recordings: 1
2025-07-27 07:04:55,449 - __main__ - INFO - Health check complete. Active recordings: 1
2025-07-27 07:05:25,481 - __main__ - INFO - Health check complete. Active recordings: 1
2025-07-27 07:05:55,520 - __main__ - INFO - Health check complete. Active recordings: 1
2025-07-27 07:06:25,552 - __main__ - INFO - Health check complete. Active recordings: 1
2025-07-27 07:06:55,592 - __main__ - INFO - Health check complete. Active recordings: 1
2025-07-27 07:07:25,629 - __main__ - INFO - Health check complete. Active recordings: 1
2025-07-27 07:07:55,667 - __main__ - INFO - Health check complete. Active recordings: 1
2025-07-27 07:07:55,667 - __main__ - INFO - Storage summary: 70 segments, 1.4 GB used
2025-07-27 07:08:25,705 - __main__ - INFO - Health check complete. Active recordings: 1
2025-07-27 07:08:55,736 - __main__ - INFO - Health check complete. Active recordings: 1
2025-07-27 07:09:25,767 - __main__ - INFO - Health check complete. Active recordings: 1
2025-07-27 07:09:55,771 - __main__ - INFO - Health check complete. Active recordings: 1
2025-07-27 07:10:25,799 - __main__ - INFO - Health check complete. Active recordings: 1
2025-07-27 07:10:55,827 - __main__ - INFO - Health check complete. Active recordings: 1
2025-07-27 07:11:25,856 - __main__ - INFO - Health check complete. Active recordings: 1
2025-07-27 07:11:55,864 - __main__ - INFO - Health check complete. Active recordings: 1
2025-07-27 07:12:10,482 - app.core.recording.continuous_recorder - INFO - Finalized segment for camera 3: camera_3_20250727_070210_600.avi (600s, 17163206 bytes)
2025-07-27 07:12:10,483 - app.core.recording.continuous_recorder - INFO - Using codec XVID for recording
2025-07-27 07:12:10,483 - app.core.recording.continuous_recorder - INFO - Started new segment for camera 3: camera_3_20250727_071210_600.mp4
2025-07-27 07:12:25,897 - __main__ - INFO - Health check complete. Active recordings: 1
2025-07-27 07:12:55,928 - __main__ - INFO - Health check complete. Active recordings: 1
2025-07-27 07:12:55,929 - __main__ - INFO - Storage summary: 71 segments, 1.4 GB used
2025-07-27 07:13:25,962 - __main__ - INFO - Health check complete. Active recordings: 1
2025-07-27 07:13:55,994 - __main__ - INFO - Health check complete. Active recordings: 1
2025-07-27 07:14:26,026 - __main__ - INFO - Health check complete. Active recordings: 1
2025-07-27 07:14:56,059 - __main__ - INFO - Health check complete. Active recordings: 1
2025-07-27 07:15:26,091 - __main__ - INFO - Health check complete. Active recordings: 1
2025-07-27 07:15:56,122 - __main__ - INFO - Health check complete. Active recordings: 1
2025-07-27 07:16:26,154 - __main__ - INFO - Health check complete. Active recordings: 1
2025-07-27 07:16:56,184 - __main__ - INFO - Health check complete. Active recordings: 1
2025-07-27 07:17:15,703 - app.core.storage.storage_manager - INFO - Starting storage cleanup...
2025-07-27 07:17:15,704 - app.core.storage.storage_manager - INFO - Cleanup complete: No recordings to clean up
2025-07-27 07:17:15,721 - app.core.storage.storage_manager - INFO - Storage Health: 71 segments, 1.4 GB used, 93.2% disk free
2025-07-27 07:17:26,197 - __main__ - INFO - Health check complete. Active recordings: 1
2025-07-27 07:17:56,227 - __main__ - INFO - Health check complete. Active recordings: 1
2025-07-27 07:17:56,228 - __main__ - INFO - Storage summary: 71 segments, 1.4 GB used
2025-07-27 07:18:26,258 - __main__ - INFO - Health check complete. Active recordings: 1
2025-07-27 07:18:56,266 - __main__ - INFO - Health check complete. Active recordings: 1
2025-07-27 07:19:26,272 - __main__ - INFO - Health check complete. Active recordings: 1
2025-07-27 07:19:56,300 - __main__ - INFO - Health check complete. Active recordings: 1
2025-07-27 07:20:26,306 - __main__ - INFO - Health check complete. Active recordings: 1
2025-07-27 07:20:56,337 - __main__ - INFO - Health check complete. Active recordings: 1
2025-07-27 07:21:26,368 - __main__ - INFO - Health check complete. Active recordings: 1
2025-07-27 07:21:56,404 - __main__ - INFO - Health check complete. Active recordings: 1
2025-07-27 07:22:10,546 - app.core.recording.continuous_recorder - INFO - Finalized segment for camera 3: camera_3_20250727_071210_600.avi (600s, 18617294 bytes)
2025-07-27 07:22:10,547 - app.core.recording.continuous_recorder - INFO - Using codec XVID for recording
2025-07-27 07:22:10,547 - app.core.recording.continuous_recorder - INFO - Started new segment for camera 3: camera_3_20250727_072210_600.mp4
2025-07-27 07:22:26,435 - __main__ - INFO - Health check complete. Active recordings: 1
2025-07-27 07:22:56,471 - __main__ - INFO - Health check complete. Active recordings: 1
2025-07-27 07:22:56,472 - __main__ - INFO - Storage summary: 72 segments, 1.4 GB used
2025-07-27 07:23:26,503 - __main__ - INFO - Health check complete. Active recordings: 1
2025-07-27 07:23:56,536 - __main__ - INFO - Health check complete. Active recordings: 1
2025-07-27 07:24:26,566 - __main__ - INFO - Health check complete. Active recordings: 1
2025-07-27 07:24:56,596 - __main__ - INFO - Health check complete. Active recordings: 1
2025-07-27 07:25:26,626 - __main__ - INFO - Health check complete. Active recordings: 1
2025-07-27 07:25:56,656 - __main__ - INFO - Health check complete. Active recordings: 1
2025-07-27 07:26:26,679 - __main__ - INFO - Health check complete. Active recordings: 1
2025-07-27 07:26:56,713 - __main__ - INFO - Health check complete. Active recordings: 1
2025-07-27 07:27:26,745 - __main__ - INFO - Health check complete. Active recordings: 1
2025-07-27 07:27:56,785 - __main__ - INFO - Health check complete. Active recordings: 1
2025-07-27 07:27:56,786 - __main__ - INFO - Storage summary: 72 segments, 1.4 GB used
2025-07-27 07:28:26,819 - __main__ - INFO - Health check complete. Active recordings: 1
2025-07-27 07:28:56,855 - __main__ - INFO - Health check complete. Active recordings: 1
2025-07-27 07:29:26,888 - __main__ - INFO - Health check complete. Active recordings: 1
2025-07-27 07:29:56,919 - __main__ - INFO - Health check complete. Active recordings: 1
2025-07-27 07:30:26,952 - __main__ - INFO - Health check complete. Active recordings: 1
2025-07-27 07:30:56,985 - __main__ - INFO - Health check complete. Active recordings: 1
2025-07-27 07:31:27,016 - __main__ - INFO - Health check complete. Active recordings: 1
2025-07-27 07:31:57,044 - __main__ - INFO - Health check complete. Active recordings: 1
2025-07-27 07:32:10,630 - app.core.recording.continuous_recorder - INFO - Finalized segment for camera 3: camera_3_20250727_072210_600.avi (600s, 17381704 bytes)
2025-07-27 07:32:10,631 - app.core.recording.continuous_recorder - INFO - Using codec XVID for recording
2025-07-27 07:32:10,631 - app.core.recording.continuous_recorder - INFO - Started new segment for camera 3: camera_3_20250727_073210_600.mp4
2025-07-27 07:32:27,071 - __main__ - INFO - Health check complete. Active recordings: 1
2025-07-27 07:32:57,102 - __main__ - INFO - Health check complete. Active recordings: 1
2025-07-27 07:32:57,102 - __main__ - INFO - Storage summary: 73 segments, 1.4 GB used
2025-07-27 07:33:27,132 - __main__ - INFO - Health check complete. Active recordings: 1
2025-07-27 07:33:57,140 - __main__ - INFO - Health check complete. Active recordings: 1
2025-07-27 11:43:21,095 - __main__ - INFO - Health check complete. Active recordings: 1
2025-07-27 11:43:29,386 - app.core.recording.continuous_recorder - INFO - Finalized segment for camera 3: camera_3_20250727_073210_600.avi (15078s, 3345048 bytes)
2025-07-27 11:43:29,388 - app.core.recording.continuous_recorder - INFO - Using codec XVID for recording
2025-07-27 11:43:29,388 - app.core.recording.continuous_recorder - INFO - Started new segment for camera 3: camera_3_20250727_114329_600.mp4
2025-07-27 11:43:49,817 - __main__ - INFO - Health check complete. Active recordings: 1
2025-07-27 11:44:18,844 - __main__ - INFO - Health check complete. Active recordings: 1
2025-07-27 11:44:27,142 - app.core.recording.continuous_recorder - WARNING - Lost connection to camera 3, reconnecting...
2025-07-27 11:44:28,144 - app.core.recording.continuous_recorder - INFO - Connecting to camera 3 at rtsp://admin:Mekus_1987@10.0.0.181:554/h264Preview_01_sub
2025-07-27 11:44:33,674 - app.core.recording.continuous_recorder - INFO - Successfully connected to camera 3
2025-07-27 11:44:48,876 - __main__ - INFO - Health check complete. Active recordings: 1
2025-07-27 11:45:17,785 - __main__ - INFO - Health check complete. Active recordings: 1
2025-07-27 11:45:46,649 - __main__ - INFO - Health check complete. Active recordings: 1
2025-07-27 11:46:15,545 - __main__ - INFO - Health check complete. Active recordings: 1
2025-07-27 11:46:44,434 - __main__ - INFO - Health check complete. Active recordings: 1
2025-07-27 11:46:44,434 - __main__ - INFO - Storage summary: 74 segments, 1.4 GB used
2025-07-27 11:47:13,298 - __main__ - INFO - Health check complete. Active recordings: 1
2025-07-27 11:47:42,147 - __main__ - INFO - Health check complete. Active recordings: 1
2025-07-27 11:48:10,965 - __main__ - INFO - Health check complete. Active recordings: 1
2025-07-27 11:48:39,852 - __main__ - INFO - Health check complete. Active recordings: 1
2025-07-27 11:49:08,708 - __main__ - INFO - Health check complete. Active recordings: 1
2025-07-27 11:49:37,581 - __main__ - INFO - Health check complete. Active recordings: 1
2025-07-27 11:50:06,469 - __main__ - INFO - Health check complete. Active recordings: 1
2025-07-27 11:50:35,328 - __main__ - INFO - Health check complete. Active recordings: 1
2025-07-27 11:51:04,164 - __main__ - INFO - Health check complete. Active recordings: 1
2025-07-27 11:51:33,047 - __main__ - INFO - Health check complete. Active recordings: 1
2025-07-27 11:51:33,047 - __main__ - INFO - Storage summary: 74 segments, 1.4 GB used
2025-07-27 11:52:03,076 - __main__ - INFO - Health check complete. Active recordings: 1
2025-07-27 11:52:32,039 - __main__ - INFO - Health check complete. Active recordings: 1
2025-07-27 11:53:00,624 - __main__ - INFO - Health check complete. Active recordings: 1
2025-07-27 11:53:29,464 - __main__ - INFO - Health check complete. Active recordings: 1
2025-07-27 11:53:29,496 - app.core.recording.continuous_recorder - INFO - Finalized segment for camera 3: camera_3_20250727_114329_600.avi (600s, 16824566 bytes)
2025-07-27 11:53:29,496 - app.core.recording.continuous_recorder - INFO - Using codec XVID for recording
2025-07-27 11:53:29,496 - app.core.recording.continuous_recorder - INFO - Started new segment for camera 3: camera_3_20250727_115329_600.mp4
2025-07-27 11:53:58,313 - __main__ - INFO - Health check complete. Active recordings: 1
2025-07-27 11:54:26,959 - __main__ - INFO - Health check complete. Active recordings: 1
2025-07-27 11:54:55,830 - __main__ - INFO - Health check complete. Active recordings: 1
2025-07-27 11:55:24,657 - __main__ - INFO - Health check complete. Active recordings: 1
2025-07-27 11:55:41,134 - app.core.storage.storage_manager - INFO - Storage Health: 75 segments, 1.4 GB used, 93.2% disk free
2025-07-27 11:55:53,487 - __main__ - INFO - Health check complete. Active recordings: 1
2025-07-27 11:56:22,307 - __main__ - INFO - Health check complete. Active recordings: 1
2025-07-27 11:56:22,308 - __main__ - INFO - Storage summary: 75 segments, 1.4 GB used
2025-07-27 11:56:50,770 - __main__ - INFO - Health check complete. Active recordings: 1
2025-07-27 11:57:19,601 - __main__ - INFO - Health check complete. Active recordings: 1
2025-07-27 11:57:48,373 - __main__ - INFO - Health check complete. Active recordings: 1
2025-07-27 11:58:16,989 - __main__ - INFO - Health check complete. Active recordings: 1
2025-07-27 11:58:45,439 - __main__ - INFO - Health check complete. Active recordings: 1
2025-07-27 11:59:15,471 - __main__ - INFO - Health check complete. Active recordings: 1
2025-07-27 11:59:44,037 - __main__ - INFO - Health check complete. Active recordings: 1
2025-07-27 12:00:12,715 - __main__ - INFO - Health check complete. Active recordings: 1
2025-07-27 12:00:41,357 - __main__ - INFO - Health check complete. Active recordings: 1
2025-07-27 12:01:10,011 - __main__ - INFO - Health check complete. Active recordings: 1
2025-07-27 12:01:10,011 - __main__ - INFO - Storage summary: 75 segments, 1.4 GB used
2025-07-27 12:01:38,589 - __main__ - INFO - Health check complete. Active recordings: 1
2025-07-27 12:02:07,123 - __main__ - INFO - Health check complete. Active recordings: 1
2025-07-27 12:02:35,780 - __main__ - INFO - Health check complete. Active recordings: 1
2025-07-27 12:03:04,390 - __main__ - INFO - Health check complete. Active recordings: 1
2025-07-27 12:03:29,609 - app.core.recording.continuous_recorder - INFO - Finalized segment for camera 3: camera_3_20250727_115329_600.avi (600s, 19705506 bytes)
2025-07-27 12:03:29,610 - app.core.recording.continuous_recorder - INFO - Using codec XVID for recording
2025-07-27 12:03:29,610 - app.core.recording.continuous_recorder - INFO - Started new segment for camera 3: camera_3_20250727_120329_600.mp4
2025-07-27 12:03:32,998 - __main__ - INFO - Health check complete. Active recordings: 1
2025-07-27 12:04:01,561 - __main__ - INFO - Health check complete. Active recordings: 1
2025-07-27 12:04:30,058 - __main__ - INFO - Health check complete. Active recordings: 1
2025-07-27 12:04:58,593 - __main__ - INFO - Health check complete. Active recordings: 1
2025-07-27 12:05:27,164 - __main__ - INFO - Health check complete. Active recordings: 1
2025-07-27 12:05:57,192 - __main__ - INFO - Health check complete. Active recordings: 1
2025-07-27 12:05:57,192 - __main__ - INFO - Storage summary: 76 segments, 1.4 GB used
2025-07-27 12:06:25,838 - __main__ - INFO - Health check complete. Active recordings: 1
2025-07-27 12:06:54,454 - __main__ - INFO - Health check complete. Active recordings: 1
2025-07-27 12:07:23,155 - __main__ - INFO - Health check complete. Active recordings: 1
2025-07-27 12:07:51,716 - __main__ - INFO - Health check complete. Active recordings: 1
2025-07-27 12:08:20,221 - __main__ - INFO - Health check complete. Active recordings: 1
2025-07-27 12:08:48,790 - __main__ - INFO - Health check complete. Active recordings: 1
2025-07-27 12:09:17,385 - __main__ - INFO - Health check complete. Active recordings: 1
2025-07-27 12:09:45,941 - __main__ - INFO - Health check complete. Active recordings: 1
2025-07-27 12:10:14,351 - __main__ - INFO - Health check complete. Active recordings: 1
2025-07-27 12:10:42,940 - __main__ - INFO - Health check complete. Active recordings: 1
2025-07-27 12:10:42,941 - __main__ - INFO - Storage summary: 76 segments, 1.4 GB used
2025-07-27 12:11:11,499 - __main__ - INFO - Health check complete. Active recordings: 1
2025-07-27 12:11:40,001 - __main__ - INFO - Health check complete. Active recordings: 1
2025-07-27 12:12:08,467 - __main__ - INFO - Health check complete. Active recordings: 1
2025-07-27 12:12:36,890 - __main__ - INFO - Health check complete. Active recordings: 1
2025-07-27 12:13:06,917 - __main__ - INFO - Health check complete. Active recordings: 1
2025-07-27 12:13:29,714 - app.core.recording.continuous_recorder - INFO - Finalized segment for camera 3: camera_3_20250727_120329_600.avi (600s, 20414928 bytes)
2025-07-27 12:13:29,714 - app.core.recording.continuous_recorder - INFO - Using codec XVID for recording
2025-07-27 12:13:29,714 - app.core.recording.continuous_recorder - INFO - Started new segment for camera 3: camera_3_20250727_121329_600.mp4
2025-07-27 12:13:35,471 - __main__ - INFO - Health check complete. Active recordings: 1
2025-07-27 12:14:04,008 - __main__ - INFO - Health check complete. Active recordings: 1
2025-07-27 12:14:32,541 - __main__ - INFO - Health check complete. Active recordings: 1
2025-07-27 12:15:01,046 - __main__ - INFO - Health check complete. Active recordings: 1
2025-07-27 12:15:29,389 - __main__ - INFO - Health check complete. Active recordings: 1
2025-07-27 12:15:29,389 - __main__ - INFO - Storage summary: 77 segments, 1.5 GB used
2025-07-27 12:15:57,928 - __main__ - INFO - Health check complete. Active recordings: 1
2025-07-27 12:16:26,428 - __main__ - INFO - Health check complete. Active recordings: 1
2025-07-27 12:16:54,898 - __main__ - INFO - Health check complete. Active recordings: 1
2025-07-27 12:17:23,361 - __main__ - INFO - Health check complete. Active recordings: 1
2025-07-27 12:17:51,749 - __main__ - INFO - Health check complete. Active recordings: 1
2025-07-27 12:18:20,251 - __main__ - INFO - Health check complete. Active recordings: 1
2025-07-27 12:18:48,733 - __main__ - INFO - Health check complete. Active recordings: 1
2025-07-27 12:19:17,233 - __main__ - INFO - Health check complete. Active recordings: 1
2025-07-27 12:19:47,266 - __main__ - INFO - Health check complete. Active recordings: 1
2025-07-27 12:20:15,736 - __main__ - INFO - Health check complete. Active recordings: 1
2025-07-27 12:20:15,736 - __main__ - INFO - Storage summary: 77 segments, 1.5 GB used
2025-07-27 12:20:44,151 - __main__ - INFO - Health check complete. Active recordings: 1
2025-07-27 12:21:12,627 - __main__ - INFO - Health check complete. Active recordings: 1
2025-07-27 12:21:41,046 - __main__ - INFO - Health check complete. Active recordings: 1
2025-07-27 12:22:09,520 - __main__ - INFO - Health check complete. Active recordings: 1
2025-07-27 12:22:37,972 - __main__ - INFO - Health check complete. Active recordings: 1
2025-07-27 12:23:06,320 - __main__ - INFO - Health check complete. Active recordings: 1
2025-07-27 12:23:29,717 - app.core.recording.continuous_recorder - INFO - Finalized segment for camera 3: camera_3_20250727_121329_600.avi (600s, 20682866 bytes)
2025-07-27 12:23:29,717 - app.core.recording.continuous_recorder - INFO - Using codec XVID for recording
2025-07-27 12:23:29,717 - app.core.recording.continuous_recorder - INFO - Started new segment for camera 3: camera_3_20250727_122329_600.mp4
2025-07-27 12:23:34,813 - __main__ - INFO - Health check complete. Active recordings: 1
2025-07-27 12:24:03,279 - __main__ - INFO - Health check complete. Active recordings: 1
2025-07-27 12:24:18,793 - app.core.storage.storage_manager - INFO - Starting storage cleanup...
2025-07-27 12:24:18,794 - app.core.storage.storage_manager - INFO - Cleanup complete: No recordings to clean up
2025-07-27 12:24:18,794 - app.core.storage.storage_manager - INFO - Storage Health: 78 segments, 1.5 GB used, 93.2% disk free
2025-07-27 12:24:31,668 - __main__ - INFO - Health check complete. Active recordings: 1
2025-07-27 12:25:00,041 - __main__ - INFO - Health check complete. Active recordings: 1
2025-07-27 12:25:00,041 - __main__ - INFO - Storage summary: 78 segments, 1.5 GB used
2025-07-27 12:25:28,503 - __main__ - INFO - Health check complete. Active recordings: 1
2025-07-27 12:25:56,952 - __main__ - INFO - Health check complete. Active recordings: 1
2025-07-27 12:26:25,338 - __main__ - INFO - Health check complete. Active recordings: 1
2025-07-27 12:26:55,412 - __main__ - INFO - Health check complete. Active recordings: 1
2025-07-27 12:27:23,849 - __main__ - INFO - Health check complete. Active recordings: 1
2025-07-27 12:27:52,291 - __main__ - INFO - Health check complete. Active recordings: 1
2025-07-27 12:28:20,719 - __main__ - INFO - Health check complete. Active recordings: 1
2025-07-27 12:28:49,154 - __main__ - INFO - Health check complete. Active recordings: 1
2025-07-27 12:29:17,539 - __main__ - INFO - Health check complete. Active recordings: 1
2025-07-27 12:29:45,894 - __main__ - INFO - Health check complete. Active recordings: 1
2025-07-27 12:29:45,895 - __main__ - INFO - Storage summary: 78 segments, 1.5 GB used
2025-07-27 12:30:14,256 - __main__ - INFO - Health check complete. Active recordings: 1
2025-07-27 12:30:42,719 - __main__ - INFO - Health check complete. Active recordings: 1
2025-07-27 12:31:11,137 - __main__ - INFO - Health check complete. Active recordings: 1
2025-07-27 12:31:39,545 - __main__ - INFO - Health check complete. Active recordings: 1
2025-07-27 12:32:07,941 - __main__ - INFO - Health check complete. Active recordings: 1
2025-07-27 12:32:36,309 - __main__ - INFO - Health check complete. Active recordings: 1
2025-07-27 12:33:04,720 - __main__ - INFO - Health check complete. Active recordings: 1
2025-07-27 12:33:29,730 - app.core.recording.continuous_recorder - INFO - Finalized segment for camera 3: camera_3_20250727_122329_600.avi (600s, 19799312 bytes)
2025-07-27 12:33:29,731 - app.core.recording.continuous_recorder - INFO - Using codec XVID for recording
2025-07-27 12:33:29,731 - app.core.recording.continuous_recorder - INFO - Started new segment for camera 3: camera_3_20250727_123329_600.mp4
2025-07-27 12:33:34,754 - __main__ - INFO - Health check complete. Active recordings: 1
2025-07-27 12:34:03,163 - __main__ - INFO - Health check complete. Active recordings: 1
2025-07-27 12:34:31,527 - __main__ - INFO - Health check complete. Active recordings: 1
2025-07-27 12:34:31,528 - __main__ - INFO - Storage summary: 79 segments, 1.5 GB used
2025-07-27 12:34:59,836 - __main__ - INFO - Health check complete. Active recordings: 1
2025-07-27 12:35:28,262 - __main__ - INFO - Health check complete. Active recordings: 1
2025-07-27 12:35:56,634 - __main__ - INFO - Health check complete. Active recordings: 1
2025-07-27 12:36:25,013 - __main__ - INFO - Health check complete. Active recordings: 1
2025-07-27 12:36:53,374 - __main__ - INFO - Health check complete. Active recordings: 1
2025-07-27 12:37:21,737 - __main__ - INFO - Health check complete. Active recordings: 1
2025-07-27 12:37:50,145 - __main__ - INFO - Health check complete. Active recordings: 1
2025-07-27 12:38:18,519 - __main__ - INFO - Health check complete. Active recordings: 1
2025-07-27 12:38:46,897 - __main__ - INFO - Health check complete. Active recordings: 1
2025-07-27 12:39:15,246 - __main__ - INFO - Health check complete. Active recordings: 1
2025-07-27 12:39:15,246 - __main__ - INFO - Storage summary: 79 segments, 1.5 GB used
2025-07-27 12:39:43,584 - __main__ - INFO - Health check complete. Active recordings: 1
2025-07-27 12:40:11,990 - __main__ - INFO - Health check complete. Active recordings: 1
2025-07-27 12:40:42,020 - __main__ - INFO - Health check complete. Active recordings: 1
2025-07-27 12:41:10,420 - __main__ - INFO - Health check complete. Active recordings: 1
2025-07-27 12:41:38,786 - __main__ - INFO - Health check complete. Active recordings: 1
2025-07-27 12:42:07,139 - __main__ - INFO - Health check complete. Active recordings: 1
2025-07-27 12:42:35,483 - __main__ - INFO - Health check complete. Active recordings: 1
2025-07-27 12:43:03,865 - __main__ - INFO - Health check complete. Active recordings: 1
2025-07-27 12:43:29,832 - app.core.recording.continuous_recorder - INFO - Finalized segment for camera 3: camera_3_20250727_123329_600.avi (600s, 19768994 bytes)
2025-07-27 12:43:29,832 - app.core.recording.continuous_recorder - INFO - Using codec XVID for recording
2025-07-27 12:43:29,833 - app.core.recording.continuous_recorder - INFO - Started new segment for camera 3: camera_3_20250727_124329_600.mp4
2025-07-27 12:43:32,226 - __main__ - INFO - Health check complete. Active recordings: 1
2025-07-27 12:44:00,607 - __main__ - INFO - Health check complete. Active recordings: 1
2025-07-27 12:44:00,608 - __main__ - INFO - Storage summary: 80 segments, 1.5 GB used
2025-07-27 12:44:28,976 - __main__ - INFO - Health check complete. Active recordings: 1
2025-07-27 12:44:57,305 - __main__ - INFO - Health check complete. Active recordings: 1
2025-07-27 12:45:25,684 - __main__ - INFO - Health check complete. Active recordings: 1
2025-07-27 12:45:54,045 - __main__ - INFO - Health check complete. Active recordings: 1
2025-07-27 12:46:22,422 - __main__ - INFO - Health check complete. Active recordings: 1
2025-07-27 12:46:50,755 - __main__ - INFO - Health check complete. Active recordings: 1
2025-07-27 12:47:20,784 - __main__ - INFO - Health check complete. Active recordings: 1
2025-07-27 12:47:49,126 - __main__ - INFO - Health check complete. Active recordings: 1
2025-07-27 12:48:17,505 - __main__ - INFO - Health check complete. Active recordings: 1
2025-07-27 12:48:45,851 - __main__ - INFO - Health check complete. Active recordings: 1
2025-07-27 12:48:45,851 - __main__ - INFO - Storage summary: 80 segments, 1.5 GB used
2025-07-27 12:49:14,216 - __main__ - INFO - Health check complete. Active recordings: 1
2025-07-27 12:49:42,578 - __main__ - INFO - Health check complete. Active recordings: 1
2025-07-27 12:50:10,895 - __main__ - INFO - Health check complete. Active recordings: 1
2025-07-27 12:50:39,261 - __main__ - INFO - Health check complete. Active recordings: 1
2025-07-27 12:51:07,623 - __main__ - INFO - Health check complete. Active recordings: 1
2025-07-27 12:51:35,986 - __main__ - INFO - Health check complete. Active recordings: 1
2025-07-27 12:52:04,347 - __main__ - INFO - Health check complete. Active recordings: 1
2025-07-27 12:52:32,691 - __main__ - INFO - Health check complete. Active recordings: 1
2025-07-27 12:52:46,449 - app.core.storage.storage_manager - INFO - Storage Health: 80 segments, 1.5 GB used, 93.2% disk free
2025-07-27 12:53:01,050 - __main__ - INFO - Health check complete. Active recordings: 1
2025-07-27 12:53:29,413 - __main__ - INFO - Health check complete. Active recordings: 1
2025-07-27 12:53:29,413 - __main__ - INFO - Storage summary: 80 segments, 1.5 GB used
2025-07-27 12:53:29,877 - app.core.recording.continuous_recorder - INFO - Finalized segment for camera 3: camera_3_20250727_124329_600.avi (600s, 19796862 bytes)
2025-07-27 12:53:29,877 - app.core.recording.continuous_recorder - INFO - Using codec XVID for recording
2025-07-27 12:53:29,877 - app.core.recording.continuous_recorder - INFO - Started new segment for camera 3: camera_3_20250727_125329_600.mp4
2025-07-27 12:53:57,779 - __main__ - INFO - Health check complete. Active recordings: 1
2025-07-27 12:54:27,811 - __main__ - INFO - Health check complete. Active recordings: 1
2025-07-27 12:54:56,169 - __main__ - INFO - Health check complete. Active recordings: 1
2025-07-27 12:55:24,512 - __main__ - INFO - Health check complete. Active recordings: 1
2025-07-27 12:55:52,882 - __main__ - INFO - Health check complete. Active recordings: 1
2025-07-27 12:56:21,253 - __main__ - INFO - Health check complete. Active recordings: 1
2025-07-27 12:56:49,603 - __main__ - INFO - Health check complete. Active recordings: 1
2025-07-27 12:57:17,919 - __main__ - INFO - Health check complete. Active recordings: 1
2025-07-27 12:57:46,306 - __main__ - INFO - Health check complete. Active recordings: 1
2025-07-27 12:58:14,675 - __main__ - INFO - Health check complete. Active recordings: 1
2025-07-27 12:58:14,675 - __main__ - INFO - Storage summary: 81 segments, 1.5 GB used
2025-07-27 12:58:43,013 - __main__ - INFO - Health check complete. Active recordings: 1
2025-07-27 12:59:11,370 - __main__ - INFO - Health check complete. Active recordings: 1
2025-07-27 12:59:39,739 - __main__ - INFO - Health check complete. Active recordings: 1
2025-07-27 13:00:08,105 - __main__ - INFO - Health check complete. Active recordings: 1
2025-07-27 13:00:36,471 - __main__ - INFO - Health check complete. Active recordings: 1
2025-07-27 13:01:06,511 - __main__ - INFO - Health check complete. Active recordings: 1
2025-07-27 13:01:34,821 - __main__ - INFO - Health check complete. Active recordings: 1
2025-07-27 13:02:03,170 - __main__ - INFO - Health check complete. Active recordings: 1
2025-07-27 13:02:31,513 - __main__ - INFO - Health check complete. Active recordings: 1
2025-07-27 13:02:59,879 - __main__ - INFO - Health check complete. Active recordings: 1
2025-07-27 13:02:59,880 - __main__ - INFO - Storage summary: 81 segments, 1.5 GB used
2025-07-27 13:03:28,218 - __main__ - INFO - Health check complete. Active recordings: 1
2025-07-27 13:03:29,906 - app.core.recording.continuous_recorder - INFO - Finalized segment for camera 3: camera_3_20250727_125329_600.avi (600s, 20037272 bytes)
2025-07-27 13:03:29,907 - app.core.recording.continuous_recorder - INFO - Using codec XVID for recording
2025-07-27 13:03:29,907 - app.core.recording.continuous_recorder - INFO - Started new segment for camera 3: camera_3_20250727_130329_600.mp4
2025-07-27 13:03:56,554 - __main__ - INFO - Health check complete. Active recordings: 1
2025-07-27 13:04:24,892 - __main__ - INFO - Health check complete. Active recordings: 1
2025-07-27 13:04:53,256 - __main__ - INFO - Health check complete. Active recordings: 1
2025-07-27 13:05:21,621 - __main__ - INFO - Health check complete. Active recordings: 1
2025-07-27 13:05:49,976 - __main__ - INFO - Health check complete. Active recordings: 1
2025-07-27 13:06:18,337 - __main__ - INFO - Health check complete. Active recordings: 1
2025-07-27 13:06:46,664 - __main__ - INFO - Health check complete. Active recordings: 1
2025-07-27 13:07:15,057 - __main__ - INFO - Health check complete. Active recordings: 1
2025-07-27 13:07:43,411 - __main__ - INFO - Health check complete. Active recordings: 1
2025-07-27 13:07:43,411 - __main__ - INFO - Storage summary: 82 segments, 1.6 GB used
2025-07-27 13:08:13,443 - __main__ - INFO - Health check complete. Active recordings: 1
2025-07-27 13:08:41,785 - __main__ - INFO - Health check complete. Active recordings: 1
2025-07-27 13:09:10,098 - __main__ - INFO - Health check complete. Active recordings: 1
2025-07-27 13:09:38,461 - __main__ - INFO - Health check complete. Active recordings: 1
2025-07-27 13:10:06,829 - __main__ - INFO - Health check complete. Active recordings: 1
2025-07-27 13:10:35,199 - __main__ - INFO - Health check complete. Active recordings: 1
2025-07-27 13:11:03,538 - __main__ - INFO - Health check complete. Active recordings: 1
2025-07-27 13:11:31,877 - __main__ - INFO - Health check complete. Active recordings: 1
2025-07-27 13:12:00,258 - __main__ - INFO - Health check complete. Active recordings: 1
2025-07-27 13:12:28,621 - __main__ - INFO - Health check complete. Active recordings: 1
2025-07-27 13:12:28,622 - __main__ - INFO - Storage summary: 82 segments, 1.6 GB used
2025-07-27 13:12:56,944 - __main__ - INFO - Health check complete. Active recordings: 1
2025-07-27 13:13:25,305 - __main__ - INFO - Health check complete. Active recordings: 1
2025-07-27 13:13:30,046 - app.core.recording.continuous_recorder - INFO - Finalized segment for camera 3: camera_3_20250727_130329_600.avi (600s, 19219396 bytes)
2025-07-27 13:13:30,047 - app.core.recording.continuous_recorder - INFO - Using codec XVID for recording
2025-07-27 13:13:30,047 - app.core.recording.continuous_recorder - INFO - Started new segment for camera 3: camera_3_20250727_131330_600.mp4
2025-07-27 13:13:53,678 - __main__ - INFO - Health check complete. Active recordings: 1
2025-07-27 13:14:22,070 - __main__ - INFO - Health check complete. Active recordings: 1
2025-07-27 13:14:52,100 - __main__ - INFO - Health check complete. Active recordings: 1
2025-07-27 13:15:20,450 - __main__ - INFO - Health check complete. Active recordings: 1
2025-07-27 13:15:48,785 - __main__ - INFO - Health check complete. Active recordings: 1
2025-07-27 13:16:17,160 - __main__ - INFO - Health check complete. Active recordings: 1
2025-07-27 13:16:45,529 - __main__ - INFO - Health check complete. Active recordings: 1
2025-07-27 13:17:13,890 - __main__ - INFO - Health check complete. Active recordings: 1
2025-07-27 13:17:13,891 - __main__ - INFO - Storage summary: 83 segments, 1.6 GB used
2025-07-27 13:17:42,225 - __main__ - INFO - Health check complete. Active recordings: 1
2025-07-27 13:18:12,261 - __main__ - INFO - Health check complete. Active recordings: 1
2025-07-27 13:18:41,100 - __main__ - INFO - Health check complete. Active recordings: 1
2025-07-27 13:19:11,135 - __main__ - INFO - Health check complete. Active recordings: 1
2025-07-27 13:19:39,971 - __main__ - INFO - Health check complete. Active recordings: 1
2025-07-27 13:20:08,700 - __main__ - INFO - Health check complete. Active recordings: 1
2025-07-27 13:20:37,486 - __main__ - INFO - Health check complete. Active recordings: 1
2025-07-27 13:21:06,255 - __main__ - INFO - Health check complete. Active recordings: 1
2025-07-27 13:21:16,976 - app.core.storage.storage_manager - INFO - Starting storage cleanup...
2025-07-27 13:21:16,977 - app.core.storage.storage_manager - INFO - Cleanup complete: No recordings to clean up
2025-07-27 13:21:16,984 - app.core.storage.storage_manager - INFO - Storage Health: 83 segments, 1.6 GB used, 93.2% disk free
2025-07-27 13:21:35,061 - __main__ - INFO - Health check complete. Active recordings: 1
2025-07-27 13:22:03,844 - __main__ - INFO - Health check complete. Active recordings: 1
2025-07-27 13:22:03,845 - __main__ - INFO - Storage summary: 83 segments, 1.6 GB used
2025-07-27 13:22:32,640 - __main__ - INFO - Health check complete. Active recordings: 1
2025-07-27 13:23:01,467 - __main__ - INFO - Health check complete. Active recordings: 1
2025-07-27 13:23:30,107 - app.core.recording.continuous_recorder - INFO - Finalized segment for camera 3: camera_3_20250727_131330_600.avi (600s, 18978900 bytes)
2025-07-27 13:23:30,107 - app.core.recording.continuous_recorder - INFO - Using codec XVID for recording
2025-07-27 13:23:30,107 - app.core.recording.continuous_recorder - INFO - Started new segment for camera 3: camera_3_20250727_132330_600.mp4
2025-07-27 13:23:30,276 - __main__ - INFO - Health check complete. Active recordings: 1
2025-07-27 13:23:59,089 - __main__ - INFO - Health check complete. Active recordings: 1
2025-07-27 13:24:27,907 - __main__ - INFO - Health check complete. Active recordings: 1
2025-07-27 13:24:56,725 - __main__ - INFO - Health check complete. Active recordings: 1
2025-07-27 13:25:25,533 - __main__ - INFO - Health check complete. Active recordings: 1
2025-07-27 13:25:55,562 - __main__ - INFO - Health check complete. Active recordings: 1
2025-07-27 13:26:24,391 - __main__ - INFO - Health check complete. Active recordings: 1
2025-07-27 13:26:53,140 - __main__ - INFO - Health check complete. Active recordings: 1
2025-07-27 13:26:53,140 - __main__ - INFO - Storage summary: 84 segments, 1.6 GB used
2025-07-27 13:27:21,993 - __main__ - INFO - Health check complete. Active recordings: 1
2025-07-27 13:27:50,616 - __main__ - INFO - Health check complete. Active recordings: 1
2025-07-27 13:28:19,408 - __main__ - INFO - Health check complete. Active recordings: 1
2025-07-27 13:28:48,208 - __main__ - INFO - Health check complete. Active recordings: 1
2025-07-27 13:29:16,909 - __main__ - INFO - Health check complete. Active recordings: 1
2025-07-27 13:29:45,710 - __main__ - INFO - Health check complete. Active recordings: 1
2025-07-27 13:30:14,482 - __main__ - INFO - Health check complete. Active recordings: 1
2025-07-27 13:30:43,236 - __main__ - INFO - Health check complete. Active recordings: 1
2025-07-27 13:31:12,005 - __main__ - INFO - Health check complete. Active recordings: 1
2025-07-27 13:31:40,677 - __main__ - INFO - Health check complete. Active recordings: 1
2025-07-27 13:31:40,678 - __main__ - INFO - Storage summary: 84 segments, 1.6 GB used
2025-07-27 13:32:09,317 - __main__ - INFO - Health check complete. Active recordings: 1
2025-07-27 13:32:38,086 - __main__ - INFO - Health check complete. Active recordings: 1
2025-07-27 13:33:08,117 - __main__ - INFO - Health check complete. Active recordings: 1
2025-07-27 13:33:30,305 - app.core.recording.continuous_recorder - INFO - Finalized segment for camera 3: camera_3_20250727_132330_600.avi (600s, 18398940 bytes)
2025-07-27 13:33:30,305 - app.core.recording.continuous_recorder - INFO - Using codec XVID for recording
2025-07-27 13:33:30,305 - app.core.recording.continuous_recorder - INFO - Started new segment for camera 3: camera_3_20250727_133330_600.mp4
2025-07-27 13:33:36,872 - __main__ - INFO - Health check complete. Active recordings: 1
2025-07-27 13:34:05,620 - __main__ - INFO - Health check complete. Active recordings: 1
2025-07-27 13:34:34,251 - __main__ - INFO - Health check complete. Active recordings: 1
2025-07-27 13:35:02,721 - __main__ - INFO - Health check complete. Active recordings: 1
2025-07-27 13:35:31,388 - __main__ - INFO - Health check complete. Active recordings: 1
2025-07-27 13:36:00,145 - __main__ - INFO - Health check complete. Active recordings: 1
2025-07-27 13:36:28,832 - __main__ - INFO - Health check complete. Active recordings: 1
2025-07-27 13:36:28,833 - __main__ - INFO - Storage summary: 85 segments, 1.6 GB used
2025-07-27 13:36:57,525 - __main__ - INFO - Health check complete. Active recordings: 1
2025-07-27 13:37:26,176 - __main__ - INFO - Health check complete. Active recordings: 1
2025-07-27 13:37:54,772 - __main__ - INFO - Health check complete. Active recordings: 1
2025-07-27 13:38:23,398 - __main__ - INFO - Health check complete. Active recordings: 1
2025-07-27 13:38:52,102 - __main__ - INFO - Health check complete. Active recordings: 1
2025-07-27 13:39:20,773 - __main__ - INFO - Health check complete. Active recordings: 1
2025-07-27 13:39:50,804 - __main__ - INFO - Health check complete. Active recordings: 1
2025-07-27 13:40:19,430 - __main__ - INFO - Health check complete. Active recordings: 1
2025-07-27 13:40:48,053 - __main__ - INFO - Health check complete. Active recordings: 1
2025-07-27 13:41:16,698 - __main__ - INFO - Health check complete. Active recordings: 1
2025-07-27 13:41:16,699 - __main__ - INFO - Storage summary: 85 segments, 1.6 GB used
2025-07-27 13:41:45,356 - __main__ - INFO - Health check complete. Active recordings: 1
2025-07-27 13:42:14,022 - __main__ - INFO - Health check complete. Active recordings: 1
2025-07-27 13:42:42,653 - __main__ - INFO - Health check complete. Active recordings: 1
2025-07-27 13:43:11,245 - __main__ - INFO - Health check complete. Active recordings: 1
2025-07-27 13:43:30,336 - app.core.recording.continuous_recorder - INFO - Finalized segment for camera 3: camera_3_20250727_133330_600.avi (600s, 19653316 bytes)
2025-07-27 13:43:30,337 - app.core.recording.continuous_recorder - INFO - Using codec XVID for recording
2025-07-27 13:43:30,337 - app.core.recording.continuous_recorder - INFO - Started new segment for camera 3: camera_3_20250727_134330_600.mp4
2025-07-27 13:43:39,803 - __main__ - INFO - Health check complete. Active recordings: 1
2025-07-27 13:44:08,467 - __main__ - INFO - Health check complete. Active recordings: 1
2025-07-27 13:44:37,110 - __main__ - INFO - Health check complete. Active recordings: 1
2025-07-27 13:45:05,754 - __main__ - INFO - Health check complete. Active recordings: 1
2025-07-27 13:45:34,387 - __main__ - INFO - Health check complete. Active recordings: 1
2025-07-27 13:46:03,024 - __main__ - INFO - Health check complete. Active recordings: 1
2025-07-27 13:46:03,025 - __main__ - INFO - Storage summary: 86 segments, 1.6 GB used
2025-07-27 13:46:31,661 - __main__ - INFO - Health check complete. Active recordings: 1
2025-07-27 13:47:01,689 - __main__ - INFO - Health check complete. Active recordings: 1
2025-07-27 13:47:30,293 - __main__ - INFO - Health check complete. Active recordings: 1
2025-07-27 13:47:58,862 - __main__ - INFO - Health check complete. Active recordings: 1
2025-07-27 13:48:27,522 - __main__ - INFO - Health check complete. Active recordings: 1
2025-07-27 13:48:56,174 - __main__ - INFO - Health check complete. Active recordings: 1
2025-07-27 13:49:24,796 - __main__ - INFO - Health check complete. Active recordings: 1
2025-07-27 13:49:53,384 - __main__ - INFO - Health check complete. Active recordings: 1
2025-07-27 13:50:03,506 - app.core.storage.storage_manager - INFO - Storage Health: 86 segments, 1.6 GB used, 93.2% disk free
2025-07-27 13:50:21,959 - __main__ - INFO - Health check complete. Active recordings: 1
2025-07-27 13:50:50,573 - __main__ - INFO - Health check complete. Active recordings: 1
2025-07-27 13:50:50,573 - __main__ - INFO - Storage summary: 86 segments, 1.6 GB used
2025-07-27 13:51:19,186 - __main__ - INFO - Health check complete. Active recordings: 1
2025-07-27 13:51:47,784 - __main__ - INFO - Health check complete. Active recordings: 1
2025-07-27 13:52:16,351 - __main__ - INFO - Health check complete. Active recordings: 1
2025-07-27 13:52:44,905 - __main__ - INFO - Health check complete. Active recordings: 1
2025-07-27 13:53:13,525 - __main__ - INFO - Health check complete. Active recordings: 1
2025-07-27 13:53:30,447 - app.core.recording.continuous_recorder - INFO - Finalized segment for camera 3: camera_3_20250727_134330_600.avi (600s, 19973272 bytes)
2025-07-27 13:53:30,448 - app.core.recording.continuous_recorder - INFO - Using codec XVID for recording
2025-07-27 13:53:30,448 - app.core.recording.continuous_recorder - INFO - Started new segment for camera 3: camera_3_20250727_135330_600.mp4
2025-07-27 13:53:42,138 - __main__ - INFO - Health check complete. Active recordings: 1
2025-07-27 13:54:12,169 - __main__ - INFO - Health check complete. Active recordings: 1
2025-07-27 13:54:40,711 - __main__ - INFO - Health check complete. Active recordings: 1
2025-07-27 13:55:09,231 - __main__ - INFO - Health check complete. Active recordings: 1
2025-07-27 13:55:37,836 - __main__ - INFO - Health check complete. Active recordings: 1
2025-07-27 13:55:37,837 - __main__ - INFO - Storage summary: 87 segments, 1.6 GB used
2025-07-27 13:56:06,431 - __main__ - INFO - Health check complete. Active recordings: 1
2025-07-27 13:56:34,989 - __main__ - INFO - Health check complete. Active recordings: 1
2025-07-27 13:57:03,559 - __main__ - INFO - Health check complete. Active recordings: 1
2025-07-27 13:57:32,100 - __main__ - INFO - Health check complete. Active recordings: 1
2025-07-27 13:58:00,689 - __main__ - INFO - Health check complete. Active recordings: 1
2025-07-27 13:58:29,267 - __main__ - INFO - Health check complete. Active recordings: 1
2025-07-27 13:58:57,873 - __main__ - INFO - Health check complete. Active recordings: 1
2025-07-27 13:59:26,448 - __main__ - INFO - Health check complete. Active recordings: 1
2025-07-27 13:59:55,016 - __main__ - INFO - Health check complete. Active recordings: 1
2025-07-27 14:00:23,524 - __main__ - INFO - Health check complete. Active recordings: 1
2025-07-27 14:00:23,524 - __main__ - INFO - Storage summary: 87 segments, 1.6 GB used
2025-07-27 14:00:53,578 - __main__ - INFO - Health check complete. Active recordings: 1
2025-07-27 14:01:22,167 - __main__ - INFO - Health check complete. Active recordings: 1
2025-07-27 14:01:50,736 - __main__ - INFO - Health check complete. Active recordings: 1
2025-07-27 14:02:19,283 - __main__ - INFO - Health check complete. Active recordings: 1
2025-07-27 14:02:47,827 - __main__ - INFO - Health check complete. Active recordings: 1
2025-07-27 14:03:16,350 - __main__ - INFO - Health check complete. Active recordings: 1
2025-07-27 14:03:30,510 - app.core.recording.continuous_recorder - INFO - Finalized segment for camera 3: camera_3_20250727_135330_600.avi (600s, 19347402 bytes)
2025-07-27 14:03:30,511 - app.core.recording.continuous_recorder - INFO - Using codec XVID for recording
2025-07-27 14:03:30,511 - app.core.recording.continuous_recorder - INFO - Started new segment for camera 3: camera_3_20250727_140330_600.mp4
2025-07-27 14:03:44,937 - __main__ - INFO - Health check complete. Active recordings: 1
2025-07-27 14:04:13,486 - __main__ - INFO - Health check complete. Active recordings: 1
2025-07-27 14:04:42,016 - __main__ - INFO - Health check complete. Active recordings: 1
2025-07-27 14:05:10,560 - __main__ - INFO - Health check complete. Active recordings: 1
2025-07-27 14:05:10,561 - __main__ - INFO - Storage summary: 88 segments, 1.7 GB used
2025-07-27 14:05:39,055 - __main__ - INFO - Health check complete. Active recordings: 1
2025-07-27 14:06:07,585 - __main__ - INFO - Health check complete. Active recordings: 1
2025-07-27 14:06:36,170 - __main__ - INFO - Health check complete. Active recordings: 1
2025-07-27 14:07:04,752 - __main__ - INFO - Health check complete. Active recordings: 1
2025-07-27 14:07:33,309 - __main__ - INFO - Health check complete. Active recordings: 1
2025-07-27 14:08:03,340 - __main__ - INFO - Health check complete. Active recordings: 1
2025-07-27 14:08:31,881 - __main__ - INFO - Health check complete. Active recordings: 1
2025-07-27 14:09:00,393 - __main__ - INFO - Health check complete. Active recordings: 1
2025-07-27 14:09:28,941 - __main__ - INFO - Health check complete. Active recordings: 1
2025-07-27 14:09:57,490 - __main__ - INFO - Health check complete. Active recordings: 1
2025-07-27 14:09:57,491 - __main__ - INFO - Storage summary: 88 segments, 1.7 GB used
2025-07-27 14:10:26,040 - __main__ - INFO - Health check complete. Active recordings: 1
2025-07-27 14:10:54,595 - __main__ - INFO - Health check complete. Active recordings: 1
2025-07-27 14:11:23,124 - __main__ - INFO - Health check complete. Active recordings: 1
2025-07-27 14:11:51,650 - __main__ - INFO - Health check complete. Active recordings: 1
2025-07-27 14:12:20,199 - __main__ - INFO - Health check complete. Active recordings: 1
2025-07-27 14:12:48,753 - __main__ - INFO - Health check complete. Active recordings: 1
2025-07-27 14:13:17,262 - __main__ - INFO - Health check complete. Active recordings: 1
2025-07-27 14:13:30,521 - app.core.recording.continuous_recorder - INFO - Finalized segment for camera 3: camera_3_20250727_140330_600.avi (600s, 19769232 bytes)
2025-07-27 14:13:30,522 - app.core.recording.continuous_recorder - INFO - Using codec XVID for recording
2025-07-27 14:13:30,522 - app.core.recording.continuous_recorder - INFO - Started new segment for camera 3: camera_3_20250727_141330_600.mp4
2025-07-27 14:13:45,751 - __main__ - INFO - Health check complete. Active recordings: 1
2025-07-27 14:14:14,299 - __main__ - INFO - Health check complete. Active recordings: 1
2025-07-27 14:14:44,306 - __main__ - INFO - Health check complete. Active recordings: 1
2025-07-27 14:14:44,307 - __main__ - INFO - Storage summary: 89 segments, 1.7 GB used
2025-07-27 14:15:12,825 - __main__ - INFO - Health check complete. Active recordings: 1
2025-07-27 14:15:41,368 - __main__ - INFO - Health check complete. Active recordings: 1
2025-07-27 14:16:09,891 - __main__ - INFO - Health check complete. Active recordings: 1
2025-07-27 14:16:38,428 - __main__ - INFO - Health check complete. Active recordings: 1
2025-07-27 14:17:06,933 - __main__ - INFO - Health check complete. Active recordings: 1
2025-07-27 14:17:35,467 - __main__ - INFO - Health check complete. Active recordings: 1
2025-07-27 14:18:03,998 - __main__ - INFO - Health check complete. Active recordings: 1
2025-07-27 14:18:32,526 - __main__ - INFO - Health check complete. Active recordings: 1
2025-07-27 14:18:40,603 - app.core.storage.storage_manager - INFO - Starting storage cleanup...
2025-07-27 14:18:40,604 - app.core.storage.storage_manager - INFO - Cleanup complete: No recordings to clean up
2025-07-27 14:18:40,628 - app.core.storage.storage_manager - INFO - Storage Health: 89 segments, 1.7 GB used, 93.2% disk free
2025-07-27 14:19:01,045 - __main__ - INFO - Health check complete. Active recordings: 1
2025-07-27 14:19:29,552 - __main__ - INFO - Health check complete. Active recordings: 1
2025-07-27 14:19:29,552 - __main__ - INFO - Storage summary: 89 segments, 1.7 GB used
2025-07-27 14:19:58,082 - __main__ - INFO - Health check complete. Active recordings: 1
2025-07-27 14:20:26,612 - __main__ - INFO - Health check complete. Active recordings: 1
2025-07-27 14:20:55,144 - __main__ - INFO - Health check complete. Active recordings: 1
2025-07-27 14:21:23,665 - __main__ - INFO - Health check complete. Active recordings: 1
2025-07-27 14:21:53,702 - __main__ - INFO - Health check complete. Active recordings: 1
2025-07-27 14:22:22,193 - __main__ - INFO - Health check complete. Active recordings: 1
2025-07-27 14:22:50,719 - __main__ - INFO - Health check complete. Active recordings: 1
2025-07-27 14:23:19,241 - __main__ - INFO - Health check complete. Active recordings: 1
2025-07-27 14:23:30,582 - app.core.recording.continuous_recorder - INFO - Finalized segment for camera 3: camera_3_20250727_141330_600.avi (600s, 20070530 bytes)
2025-07-27 14:23:30,583 - app.core.recording.continuous_recorder - INFO - Using codec XVID for recording
2025-07-27 14:23:30,583 - app.core.recording.continuous_recorder - INFO - Started new segment for camera 3: camera_3_20250727_142330_600.mp4
2025-07-27 14:23:47,759 - __main__ - INFO - Health check complete. Active recordings: 1
2025-07-27 14:24:16,238 - __main__ - INFO - Health check complete. Active recordings: 1
2025-07-27 14:24:16,238 - __main__ - INFO - Storage summary: 90 segments, 1.7 GB used
2025-07-27 14:24:44,821 - __main__ - INFO - Health check complete. Active recordings: 1
2025-07-27 14:25:13,345 - __main__ - INFO - Health check complete. Active recordings: 1
2025-07-27 14:25:41,855 - __main__ - INFO - Health check complete. Active recordings: 1
2025-07-27 14:26:10,372 - __main__ - INFO - Health check complete. Active recordings: 1
2025-07-27 14:26:38,874 - __main__ - INFO - Health check complete. Active recordings: 1
2025-07-27 14:27:07,411 - __main__ - INFO - Health check complete. Active recordings: 1
2025-07-27 14:27:35,916 - __main__ - INFO - Health check complete. Active recordings: 1
2025-07-27 14:28:04,394 - __main__ - INFO - Health check complete. Active recordings: 1
2025-07-27 14:28:34,427 - __main__ - INFO - Health check complete. Active recordings: 1
2025-07-27 14:29:02,950 - __main__ - INFO - Health check complete. Active recordings: 1
2025-07-27 14:29:02,951 - __main__ - INFO - Storage summary: 90 segments, 1.7 GB used
2025-07-27 14:29:31,458 - __main__ - INFO - Health check complete. Active recordings: 1
2025-07-27 14:29:59,994 - __main__ - INFO - Health check complete. Active recordings: 1
2025-07-27 14:30:28,482 - __main__ - INFO - Health check complete. Active recordings: 1
2025-07-27 14:30:56,985 - __main__ - INFO - Health check complete. Active recordings: 1
2025-07-27 14:31:25,525 - __main__ - INFO - Health check complete. Active recordings: 1
2025-07-27 14:31:54,043 - __main__ - INFO - Health check complete. Active recordings: 1
2025-07-27 14:32:22,558 - __main__ - INFO - Health check complete. Active recordings: 1
2025-07-27 14:32:51,063 - __main__ - INFO - Health check complete. Active recordings: 1
2025-07-27 14:33:19,589 - __main__ - INFO - Health check complete. Active recordings: 1
2025-07-27 14:33:30,641 - app.core.recording.continuous_recorder - INFO - Finalized segment for camera 3: camera_3_20250727_142330_600.avi (600s, 20267786 bytes)
2025-07-27 14:33:30,642 - app.core.recording.continuous_recorder - INFO - Using codec XVID for recording
2025-07-27 14:33:30,642 - app.core.recording.continuous_recorder - INFO - Started new segment for camera 3: camera_3_20250727_143330_600.mp4
2025-07-27 14:33:48,109 - __main__ - INFO - Health check complete. Active recordings: 1
2025-07-27 14:33:48,110 - __main__ - INFO - Storage summary: 91 segments, 1.7 GB used
2025-07-27 14:34:16,629 - __main__ - INFO - Health check complete. Active recordings: 1
2025-07-27 14:34:45,095 - __main__ - INFO - Health check complete. Active recordings: 1
2025-07-27 14:35:13,614 - __main__ - INFO - Health check complete. Active recordings: 1
2025-07-27 14:35:43,641 - __main__ - INFO - Health check complete. Active recordings: 1
2025-07-27 14:36:12,165 - __main__ - INFO - Health check complete. Active recordings: 1
2025-07-27 14:36:40,684 - __main__ - INFO - Health check complete. Active recordings: 1
2025-07-27 14:37:09,128 - __main__ - INFO - Health check complete. Active recordings: 1
2025-07-27 14:37:37,608 - __main__ - INFO - Health check complete. Active recordings: 1
2025-07-27 14:38:06,119 - __main__ - INFO - Health check complete. Active recordings: 1
2025-07-27 14:38:34,633 - __main__ - INFO - Health check complete. Active recordings: 1
2025-07-27 14:38:34,633 - __main__ - INFO - Storage summary: 91 segments, 1.7 GB used
2025-07-27 14:39:03,147 - __main__ - INFO - Health check complete. Active recordings: 1
2025-07-27 14:39:31,648 - __main__ - INFO - Health check complete. Active recordings: 1
2025-07-27 14:40:00,147 - __main__ - INFO - Health check complete. Active recordings: 1
2025-07-27 14:40:28,665 - __main__ - INFO - Health check complete. Active recordings: 1
2025-07-27 14:40:57,149 - __main__ - INFO - Health check complete. Active recordings: 1
2025-07-27 14:41:25,605 - __main__ - INFO - Health check complete. Active recordings: 1
2025-07-27 14:41:54,116 - __main__ - INFO - Health check complete. Active recordings: 1
2025-07-27 14:42:24,149 - __main__ - INFO - Health check complete. Active recordings: 1
2025-07-27 14:42:52,638 - __main__ - INFO - Health check complete. Active recordings: 1
2025-07-27 14:43:21,153 - __main__ - INFO - Health check complete. Active recordings: 1
2025-07-27 14:43:21,153 - __main__ - INFO - Storage summary: 91 segments, 1.7 GB used
2025-07-27 14:43:30,701 - app.core.recording.continuous_recorder - INFO - Finalized segment for camera 3: camera_3_20250727_143330_600.avi (600s, 20233810 bytes)
2025-07-27 14:43:30,701 - app.core.recording.continuous_recorder - INFO - Using codec XVID for recording
2025-07-27 14:43:30,701 - app.core.recording.continuous_recorder - INFO - Started new segment for camera 3: camera_3_20250727_144330_600.mp4
2025-07-27 14:43:49,635 - __main__ - INFO - Health check complete. Active recordings: 1
2025-07-27 14:44:17,518 - __main__ - INFO - Health check complete. Active recordings: 1
2025-07-27 14:44:46,115 - __main__ - INFO - Health check complete. Active recordings: 1
2025-07-27 14:45:14,629 - __main__ - INFO - Health check complete. Active recordings: 1
2025-07-27 14:45:43,151 - __main__ - INFO - Health check complete. Active recordings: 1
2025-07-27 14:46:13,181 - __main__ - INFO - Health check complete. Active recordings: 1
2025-07-27 14:46:41,744 - __main__ - INFO - Health check complete. Active recordings: 1
2025-07-27 14:47:10,329 - __main__ - INFO - Health check complete. Active recordings: 1
2025-07-27 14:47:15,046 - app.core.storage.storage_manager - INFO - Storage Health: 92 segments, 1.7 GB used, 93.2% disk free
2025-07-27 14:47:38,920 - __main__ - INFO - Health check complete. Active recordings: 1
2025-07-27 14:48:07,501 - __main__ - INFO - Health check complete. Active recordings: 1
2025-07-27 14:48:07,502 - __main__ - INFO - Storage summary: 92 segments, 1.7 GB used
2025-07-27 14:48:36,000 - __main__ - INFO - Health check complete. Active recordings: 1
2025-07-27 14:49:04,533 - __main__ - INFO - Health check complete. Active recordings: 1
2025-07-27 14:49:33,125 - __main__ - INFO - Health check complete. Active recordings: 1
2025-07-27 14:50:01,834 - __main__ - INFO - Health check complete. Active recordings: 1
2025-07-27 14:50:30,358 - __main__ - INFO - Health check complete. Active recordings: 1
2025-07-27 14:50:58,842 - __main__ - INFO - Health check complete. Active recordings: 1
2025-07-27 14:51:27,372 - __main__ - INFO - Health check complete. Active recordings: 1
2025-07-27 14:51:55,918 - __main__ - INFO - Health check complete. Active recordings: 1
2025-07-27 14:52:24,443 - __main__ - INFO - Health check complete. Active recordings: 1
2025-07-27 14:52:52,971 - __main__ - INFO - Health check complete. Active recordings: 1
2025-07-27 14:52:52,971 - __main__ - INFO - Storage summary: 92 segments, 1.7 GB used
2025-07-27 14:53:23,003 - __main__ - INFO - Health check complete. Active recordings: 1
2025-07-27 14:53:30,729 - app.core.recording.continuous_recorder - INFO - Finalized segment for camera 3: camera_3_20250727_144330_600.avi (600s, 19870098 bytes)
2025-07-27 14:53:30,730 - app.core.recording.continuous_recorder - INFO - Using codec XVID for recording
2025-07-27 14:53:30,730 - app.core.recording.continuous_recorder - INFO - Started new segment for camera 3: camera_3_20250727_145330_600.mp4
2025-07-27 14:53:51,547 - __main__ - INFO - Health check complete. Active recordings: 1
2025-07-27 14:54:20,176 - __main__ - INFO - Health check complete. Active recordings: 1
2025-07-27 14:54:48,712 - __main__ - INFO - Health check complete. Active recordings: 1
2025-07-27 14:55:17,340 - __main__ - INFO - Health check complete. Active recordings: 1
2025-07-27 14:55:45,854 - __main__ - INFO - Health check complete. Active recordings: 1
2025-07-27 14:56:14,519 - __main__ - INFO - Health check complete. Active recordings: 1
2025-07-27 14:56:43,110 - __main__ - INFO - Health check complete. Active recordings: 1
2025-07-27 14:57:11,652 - __main__ - INFO - Health check complete. Active recordings: 1
2025-07-27 14:57:40,188 - __main__ - INFO - Health check complete. Active recordings: 1
2025-07-27 14:57:40,188 - __main__ - INFO - Storage summary: 93 segments, 1.8 GB used
2025-07-27 14:58:08,784 - __main__ - INFO - Health check complete. Active recordings: 1
2025-07-27 14:58:37,359 - __main__ - INFO - Health check complete. Active recordings: 1
2025-07-27 14:59:05,959 - __main__ - INFO - Health check complete. Active recordings: 1
2025-07-27 14:59:34,505 - __main__ - INFO - Health check complete. Active recordings: 1
2025-07-27 15:00:03,044 - __main__ - INFO - Health check complete. Active recordings: 1
2025-07-27 15:00:33,109 - __main__ - INFO - Health check complete. Active recordings: 1
2025-07-27 15:01:01,636 - __main__ - INFO - Health check complete. Active recordings: 1
2025-07-27 15:01:30,138 - __main__ - INFO - Health check complete. Active recordings: 1
2025-07-27 15:01:58,721 - __main__ - INFO - Health check complete. Active recordings: 1
2025-07-27 15:02:27,254 - __main__ - INFO - Health check complete. Active recordings: 1
2025-07-27 15:02:27,254 - __main__ - INFO - Storage summary: 93 segments, 1.8 GB used
2025-07-27 15:02:55,803 - __main__ - INFO - Health check complete. Active recordings: 1
2025-07-27 15:03:24,407 - __main__ - INFO - Health check complete. Active recordings: 1
2025-07-27 15:03:30,816 - app.core.recording.continuous_recorder - INFO - Finalized segment for camera 3: camera_3_20250727_145330_600.avi (600s, 20269788 bytes)
2025-07-27 15:03:30,818 - app.core.recording.continuous_recorder - INFO - Using codec XVID for recording
2025-07-27 15:03:30,818 - app.core.recording.continuous_recorder - INFO - Started new segment for camera 3: camera_3_20250727_150330_600.mp4
2025-07-27 15:03:52,942 - __main__ - INFO - Health check complete. Active recordings: 1
2025-07-27 15:04:21,554 - __main__ - INFO - Health check complete. Active recordings: 1
2025-07-27 15:04:50,104 - __main__ - INFO - Health check complete. Active recordings: 1
2025-07-27 15:05:18,695 - __main__ - INFO - Health check complete. Active recordings: 1
2025-07-27 15:05:47,249 - __main__ - INFO - Health check complete. Active recordings: 1
2025-07-27 15:06:15,793 - __main__ - INFO - Health check complete. Active recordings: 1
2025-07-27 15:06:44,373 - __main__ - INFO - Health check complete. Active recordings: 1
2025-07-27 15:07:14,448 - __main__ - INFO - Health check complete. Active recordings: 1
2025-07-27 15:07:14,449 - __main__ - INFO - Storage summary: 94 segments, 1.8 GB used
2025-07-27 15:07:43,009 - __main__ - INFO - Health check complete. Active recordings: 1
2025-07-27 15:08:11,550 - __main__ - INFO - Health check complete. Active recordings: 1
2025-07-27 15:08:40,087 - __main__ - INFO - Health check complete. Active recordings: 1
2025-07-27 15:09:08,629 - __main__ - INFO - Health check complete. Active recordings: 1
2025-07-27 15:09:37,170 - __main__ - INFO - Health check complete. Active recordings: 1
2025-07-27 15:10:05,818 - __main__ - INFO - Health check complete. Active recordings: 1
2025-07-27 15:10:34,364 - __main__ - INFO - Health check complete. Active recordings: 1
2025-07-27 15:11:02,934 - __main__ - INFO - Health check complete. Active recordings: 1
2025-07-27 15:11:31,494 - __main__ - INFO - Health check complete. Active recordings: 1
2025-07-27 15:12:00,031 - __main__ - INFO - Health check complete. Active recordings: 1
2025-07-27 15:12:00,031 - __main__ - INFO - Storage summary: 94 segments, 1.8 GB used
2025-07-27 15:12:28,551 - __main__ - INFO - Health check complete. Active recordings: 1
2025-07-27 15:12:57,120 - __main__ - INFO - Health check complete. Active recordings: 1
2025-07-27 15:13:25,644 - __main__ - INFO - Health check complete. Active recordings: 1
2025-07-27 15:13:30,873 - app.core.recording.continuous_recorder - INFO - Finalized segment for camera 3: camera_3_20250727_150330_600.avi (600s, 20317892 bytes)
2025-07-27 15:13:30,873 - app.core.recording.continuous_recorder - INFO - Using codec XVID for recording
2025-07-27 15:13:30,873 - app.core.recording.continuous_recorder - INFO - Started new segment for camera 3: camera_3_20250727_151330_600.mp4
2025-07-27 15:13:54,296 - __main__ - INFO - Health check complete. Active recordings: 1
2025-07-27 15:14:24,336 - __main__ - INFO - Health check complete. Active recordings: 1
2025-07-27 15:14:52,869 - __main__ - INFO - Health check complete. Active recordings: 1
2025-07-27 15:15:21,434 - __main__ - INFO - Health check complete. Active recordings: 1
2025-07-27 15:15:50,107 - __main__ - INFO - Health check complete. Active recordings: 1
2025-07-27 15:15:52,612 - app.core.storage.storage_manager - INFO - Starting storage cleanup...
2025-07-27 15:15:52,612 - app.core.storage.storage_manager - INFO - Cleanup complete: No recordings to clean up
2025-07-27 15:15:52,640 - app.core.storage.storage_manager - INFO - Storage Health: 95 segments, 1.8 GB used, 93.2% disk free
2025-07-27 15:16:18,652 - __main__ - INFO - Health check complete. Active recordings: 1
2025-07-27 15:16:47,190 - __main__ - INFO - Health check complete. Active recordings: 1
2025-07-27 15:16:47,191 - __main__ - INFO - Storage summary: 95 segments, 1.8 GB used
2025-07-27 15:17:15,730 - __main__ - INFO - Health check complete. Active recordings: 1
2025-07-27 15:17:44,419 - __main__ - INFO - Health check complete. Active recordings: 1
2025-07-27 15:18:13,019 - __main__ - INFO - Health check complete. Active recordings: 1
2025-07-27 15:18:41,555 - __main__ - INFO - Health check complete. Active recordings: 1
2025-07-27 15:19:10,158 - __main__ - INFO - Health check complete. Active recordings: 1
2025-07-27 15:19:38,761 - __main__ - INFO - Health check complete. Active recordings: 1
2025-07-27 15:20:07,364 - __main__ - INFO - Health check complete. Active recordings: 1
2025-07-27 15:20:35,915 - __main__ - INFO - Health check complete. Active recordings: 1
2025-07-27 15:21:04,464 - __main__ - INFO - Health check complete. Active recordings: 1
2025-07-27 15:21:34,504 - __main__ - INFO - Health check complete. Active recordings: 1
2025-07-27 15:21:34,504 - __main__ - INFO - Storage summary: 95 segments, 1.8 GB used
2025-07-27 15:22:03,057 - __main__ - INFO - Health check complete. Active recordings: 1
2025-07-27 15:22:31,608 - __main__ - INFO - Health check complete. Active recordings: 1
2025-07-27 15:23:00,158 - __main__ - INFO - Health check complete. Active recordings: 1
2025-07-27 15:23:28,713 - __main__ - INFO - Health check complete. Active recordings: 1
2025-07-27 15:23:30,941 - app.core.recording.continuous_recorder - INFO - Finalized segment for camera 3: camera_3_20250727_151330_600.avi (600s, 19842420 bytes)
2025-07-27 15:23:30,942 - app.core.recording.continuous_recorder - INFO - Using codec XVID for recording
2025-07-27 15:23:30,942 - app.core.recording.continuous_recorder - INFO - Started new segment for camera 3: camera_3_20250727_152330_600.mp4
2025-07-27 15:23:57,268 - __main__ - INFO - Health check complete. Active recordings: 1
2025-07-27 15:24:25,871 - __main__ - INFO - Health check complete. Active recordings: 1
2025-07-27 15:24:54,498 - __main__ - INFO - Health check complete. Active recordings: 1
2025-07-27 15:25:23,037 - __main__ - INFO - Health check complete. Active recordings: 1
2025-07-27 15:25:51,594 - __main__ - INFO - Health check complete. Active recordings: 1
2025-07-27 15:26:20,148 - __main__ - INFO - Health check complete. Active recordings: 1
2025-07-27 15:26:20,149 - __main__ - INFO - Storage summary: 96 segments, 1.8 GB used
2025-07-27 15:26:48,671 - __main__ - INFO - Health check complete. Active recordings: 1
2025-07-27 15:27:17,251 - __main__ - INFO - Health check complete. Active recordings: 1
2025-07-27 15:27:45,833 - __main__ - INFO - Health check complete. Active recordings: 1
2025-07-27 15:28:15,868 - __main__ - INFO - Health check complete. Active recordings: 1
2025-07-27 15:28:44,422 - __main__ - INFO - Health check complete. Active recordings: 1
2025-07-27 15:29:12,986 - __main__ - INFO - Health check complete. Active recordings: 1
2025-07-27 15:29:41,551 - __main__ - INFO - Health check complete. Active recordings: 1
2025-07-27 15:30:10,126 - __main__ - INFO - Health check complete. Active recordings: 1
2025-07-27 15:30:38,749 - __main__ - INFO - Health check complete. Active recordings: 1
2025-07-27 15:31:07,315 - __main__ - INFO - Health check complete. Active recordings: 1
2025-07-27 15:31:07,315 - __main__ - INFO - Storage summary: 96 segments, 1.8 GB used
2025-07-27 15:31:35,875 - __main__ - INFO - Health check complete. Active recordings: 1
2025-07-27 15:32:04,472 - __main__ - INFO - Health check complete. Active recordings: 1
2025-07-27 15:32:33,098 - __main__ - INFO - Health check complete. Active recordings: 1
2025-07-27 15:33:01,679 - __main__ - INFO - Health check complete. Active recordings: 1
2025-07-27 15:33:30,291 - __main__ - INFO - Health check complete. Active recordings: 1
2025-07-27 15:33:30,966 - app.core.recording.continuous_recorder - INFO - Finalized segment for camera 3: camera_3_20250727_152330_600.avi (600s, 19957098 bytes)
2025-07-27 15:33:30,967 - app.core.recording.continuous_recorder - INFO - Using codec XVID for recording
2025-07-27 15:33:30,967 - app.core.recording.continuous_recorder - INFO - Started new segment for camera 3: camera_3_20250727_153330_600.mp4
2025-07-27 15:33:58,904 - __main__ - INFO - Health check complete. Active recordings: 1
2025-07-27 15:34:27,475 - __main__ - INFO - Health check complete. Active recordings: 1
2025-07-27 15:34:56,053 - __main__ - INFO - Health check complete. Active recordings: 1
2025-07-27 15:35:26,089 - __main__ - INFO - Health check complete. Active recordings: 1
2025-07-27 15:35:54,656 - __main__ - INFO - Health check complete. Active recordings: 1
2025-07-27 15:35:54,656 - __main__ - INFO - Storage summary: 97 segments, 1.8 GB used
2025-07-27 15:36:23,241 - __main__ - INFO - Health check complete. Active recordings: 1
2025-07-27 15:36:51,821 - __main__ - INFO - Health check complete. Active recordings: 1
2025-07-27 15:37:20,406 - __main__ - INFO - Health check complete. Active recordings: 1
2025-07-27 15:37:48,983 - __main__ - INFO - Health check complete. Active recordings: 1
2025-07-27 15:38:17,572 - __main__ - INFO - Health check complete. Active recordings: 1
2025-07-27 15:38:46,175 - __main__ - INFO - Health check complete. Active recordings: 1
2025-07-27 15:39:14,769 - __main__ - INFO - Health check complete. Active recordings: 1
2025-07-27 15:39:43,347 - __main__ - INFO - Health check complete. Active recordings: 1
2025-07-27 15:40:11,925 - __main__ - INFO - Health check complete. Active recordings: 1
2025-07-27 15:40:40,479 - __main__ - INFO - Health check complete. Active recordings: 1
2025-07-27 15:40:40,480 - __main__ - INFO - Storage summary: 97 segments, 1.8 GB used
2025-07-27 15:41:09,062 - __main__ - INFO - Health check complete. Active recordings: 1
2025-07-27 15:41:37,642 - __main__ - INFO - Health check complete. Active recordings: 1
2025-07-27 15:42:07,679 - __main__ - INFO - Health check complete. Active recordings: 1
2025-07-27 15:42:36,290 - __main__ - INFO - Health check complete. Active recordings: 1
2025-07-27 15:43:04,860 - __main__ - INFO - Health check complete. Active recordings: 1
2025-07-27 15:43:30,976 - app.core.recording.continuous_recorder - INFO - Finalized segment for camera 3: camera_3_20250727_153330_600.avi (600s, 20490196 bytes)
2025-07-27 15:43:30,977 - app.core.recording.continuous_recorder - INFO - Using codec XVID for recording
2025-07-27 15:43:30,977 - app.core.recording.continuous_recorder - INFO - Started new segment for camera 3: camera_3_20250727_154330_600.mp4
2025-07-27 15:43:33,442 - __main__ - INFO - Health check complete. Active recordings: 1
2025-07-27 15:44:02,027 - __main__ - INFO - Health check complete. Active recordings: 1
2025-07-27 15:44:30,562 - app.core.storage.storage_manager - INFO - Storage Health: 98 segments, 1.8 GB used, 93.2% disk free
2025-07-27 15:44:30,585 - __main__ - INFO - Health check complete. Active recordings: 1
2025-07-27 15:44:59,166 - __main__ - INFO - Health check complete. Active recordings: 1
2025-07-27 15:45:27,746 - __main__ - INFO - Health check complete. Active recordings: 1
2025-07-27 15:45:27,747 - __main__ - INFO - Storage summary: 98 segments, 1.8 GB used
2025-07-27 15:45:56,385 - __main__ - INFO - Health check complete. Active recordings: 1
2025-07-27 15:46:25,026 - __main__ - INFO - Health check complete. Active recordings: 1
2025-07-27 15:46:53,641 - __main__ - INFO - Health check complete. Active recordings: 1
2025-07-27 15:47:22,240 - __main__ - INFO - Health check complete. Active recordings: 1
2025-07-27 15:47:50,980 - __main__ - INFO - Health check complete. Active recordings: 1
2025-07-27 15:48:19,599 - __main__ - INFO - Health check complete. Active recordings: 1
2025-07-27 15:48:48,198 - __main__ - INFO - Health check complete. Active recordings: 1
2025-07-27 15:49:18,226 - __main__ - INFO - Health check complete. Active recordings: 1
2025-07-27 15:49:46,826 - __main__ - INFO - Health check complete. Active recordings: 1
2025-07-27 15:50:15,418 - __main__ - INFO - Health check complete. Active recordings: 1
2025-07-27 15:50:15,419 - __main__ - INFO - Storage summary: 98 segments, 1.8 GB used
2025-07-27 15:50:44,010 - __main__ - INFO - Health check complete. Active recordings: 1
2025-07-27 15:51:12,623 - __main__ - INFO - Health check complete. Active recordings: 1
2025-07-27 15:51:41,206 - __main__ - INFO - Health check complete. Active recordings: 1
2025-07-27 15:52:09,839 - __main__ - INFO - Health check complete. Active recordings: 1
2025-07-27 15:52:38,448 - __main__ - INFO - Health check complete. Active recordings: 1
2025-07-27 15:53:07,053 - __main__ - INFO - Health check complete. Active recordings: 1
2025-07-27 15:53:31,072 - app.core.recording.continuous_recorder - INFO - Finalized segment for camera 3: camera_3_20250727_154330_600.avi (600s, 20582708 bytes)
2025-07-27 15:53:31,072 - app.core.recording.continuous_recorder - INFO - Using codec XVID for recording
2025-07-27 15:53:31,072 - app.core.recording.continuous_recorder - INFO - Started new segment for camera 3: camera_3_20250727_155331_600.mp4
2025-07-27 15:53:35,665 - __main__ - INFO - Health check complete. Active recordings: 1
2025-07-27 15:54:04,274 - __main__ - INFO - Health check complete. Active recordings: 1
2025-07-27 15:54:32,883 - __main__ - INFO - Health check complete. Active recordings: 1
2025-07-27 15:55:01,507 - __main__ - INFO - Health check complete. Active recordings: 1
2025-07-27 15:55:01,507 - __main__ - INFO - Storage summary: 99 segments, 1.9 GB used
2025-07-27 15:55:30,123 - __main__ - INFO - Health check complete. Active recordings: 1
2025-07-27 15:55:58,742 - __main__ - INFO - Health check complete. Active recordings: 1
2025-07-27 15:56:28,777 - __main__ - INFO - Health check complete. Active recordings: 1
2025-07-27 15:56:57,398 - __main__ - INFO - Health check complete. Active recordings: 1
2025-07-27 15:57:26,018 - __main__ - INFO - Health check complete. Active recordings: 1
2025-07-27 15:57:54,634 - __main__ - INFO - Health check complete. Active recordings: 1
2025-07-27 15:58:23,251 - __main__ - INFO - Health check complete. Active recordings: 1
2025-07-27 15:58:51,884 - __main__ - INFO - Health check complete. Active recordings: 1
2025-07-27 15:59:20,492 - __main__ - INFO - Health check complete. Active recordings: 1
2025-07-27 15:59:49,118 - __main__ - INFO - Health check complete. Active recordings: 1
2025-07-27 15:59:49,118 - __main__ - INFO - Storage summary: 99 segments, 1.9 GB used
2025-07-27 16:00:17,749 - __main__ - INFO - Health check complete. Active recordings: 1
2025-07-27 16:00:46,378 - __main__ - INFO - Health check complete. Active recordings: 1
2025-07-27 16:01:15,002 - __main__ - INFO - Health check complete. Active recordings: 1
2025-07-27 16:01:43,604 - __main__ - INFO - Health check complete. Active recordings: 1
2025-07-27 16:02:12,195 - __main__ - INFO - Health check complete. Active recordings: 1
2025-07-27 16:02:40,824 - __main__ - INFO - Health check complete. Active recordings: 1
2025-07-27 16:03:10,859 - __main__ - INFO - Health check complete. Active recordings: 1
2025-07-27 16:03:31,200 - app.core.recording.continuous_recorder - INFO - Finalized segment for camera 3: camera_3_20250727_155331_600.avi (600s, 20800240 bytes)
2025-07-27 16:03:31,201 - app.core.recording.continuous_recorder - INFO - Using codec XVID for recording
2025-07-27 16:03:31,201 - app.core.recording.continuous_recorder - INFO - Started new segment for camera 3: camera_3_20250727_160331_600.mp4
2025-07-27 16:03:39,507 - __main__ - INFO - Health check complete. Active recordings: 1
2025-07-27 16:04:08,130 - __main__ - INFO - Health check complete. Active recordings: 1
2025-07-27 16:04:36,721 - __main__ - INFO - Health check complete. Active recordings: 1
2025-07-27 16:04:36,721 - __main__ - INFO - Storage summary: 100 segments, 1.9 GB used
2025-07-27 16:05:05,346 - __main__ - INFO - Health check complete. Active recordings: 1
2025-07-27 16:05:33,995 - __main__ - INFO - Health check complete. Active recordings: 1
2025-07-27 16:06:02,613 - __main__ - INFO - Health check complete. Active recordings: 1
2025-07-27 16:06:31,239 - __main__ - INFO - Health check complete. Active recordings: 1
2025-07-27 16:06:59,868 - __main__ - INFO - Health check complete. Active recordings: 1
2025-07-27 16:07:28,490 - __main__ - INFO - Health check complete. Active recordings: 1
2025-07-27 16:07:57,118 - __main__ - INFO - Health check complete. Active recordings: 1
2025-07-27 16:08:25,716 - __main__ - INFO - Health check complete. Active recordings: 1
2025-07-27 16:08:54,378 - __main__ - INFO - Health check complete. Active recordings: 1
2025-07-27 16:09:23,033 - __main__ - INFO - Health check complete. Active recordings: 1
2025-07-27 16:09:23,034 - __main__ - INFO - Storage summary: 100 segments, 1.9 GB used
2025-07-27 16:09:51,688 - __main__ - INFO - Health check complete. Active recordings: 1
2025-07-27 16:10:21,752 - __main__ - INFO - Health check complete. Active recordings: 1
2025-07-27 16:10:50,420 - __main__ - INFO - Health check complete. Active recordings: 1
2025-07-27 16:11:19,075 - __main__ - INFO - Health check complete. Active recordings: 1
2025-07-27 16:11:47,737 - __main__ - INFO - Health check complete. Active recordings: 1
2025-07-27 16:12:16,397 - __main__ - INFO - Health check complete. Active recordings: 1
2025-07-27 16:12:45,046 - __main__ - INFO - Health check complete. Active recordings: 1
2025-07-27 16:13:11,217 - app.core.storage.storage_manager - INFO - Starting storage cleanup...
2025-07-27 16:13:11,218 - app.core.storage.storage_manager - INFO - Cleanup complete: No recordings to clean up
2025-07-27 16:13:11,218 - app.core.storage.storage_manager - INFO - Storage Health: 100 segments, 1.9 GB used, 93.2% disk free
2025-07-27 16:13:13,678 - __main__ - INFO - Health check complete. Active recordings: 1
2025-07-27 16:13:31,203 - app.core.recording.continuous_recorder - INFO - Finalized segment for camera 3: camera_3_20250727_160331_600.avi (600s, 20891748 bytes)
2025-07-27 16:13:31,203 - app.core.recording.continuous_recorder - INFO - Using codec XVID for recording
2025-07-27 16:13:31,203 - app.core.recording.continuous_recorder - INFO - Started new segment for camera 3: camera_3_20250727_161331_600.mp4
2025-07-27 16:13:42,308 - __main__ - INFO - Health check complete. Active recordings: 1
2025-07-27 16:14:10,942 - __main__ - INFO - Health check complete. Active recordings: 1
2025-07-27 16:14:10,943 - __main__ - INFO - Storage summary: 101 segments, 1.9 GB used
2025-07-27 16:14:39,572 - __main__ - INFO - Health check complete. Active recordings: 1
2025-07-27 16:15:08,217 - __main__ - INFO - Health check complete. Active recordings: 1
2025-07-27 16:15:36,879 - __main__ - INFO - Health check complete. Active recordings: 1
2025-07-27 16:16:05,533 - __main__ - INFO - Health check complete. Active recordings: 1
2025-07-27 16:16:34,212 - __main__ - INFO - Health check complete. Active recordings: 1
2025-07-27 16:17:04,253 - __main__ - INFO - Health check complete. Active recordings: 1
2025-07-27 16:17:32,894 - __main__ - INFO - Health check complete. Active recordings: 1
2025-07-27 16:18:01,539 - __main__ - INFO - Health check complete. Active recordings: 1
2025-07-27 16:18:30,185 - __main__ - INFO - Health check complete. Active recordings: 1
2025-07-27 16:18:58,834 - __main__ - INFO - Health check complete. Active recordings: 1
2025-07-27 16:18:58,835 - __main__ - INFO - Storage summary: 101 segments, 1.9 GB used
2025-07-27 16:19:27,487 - __main__ - INFO - Health check complete. Active recordings: 1
2025-07-27 16:19:56,115 - __main__ - INFO - Health check complete. Active recordings: 1
2025-07-27 16:20:24,748 - __main__ - INFO - Health check complete. Active recordings: 1
2025-07-27 16:20:53,397 - __main__ - INFO - Health check complete. Active recordings: 1
2025-07-27 16:21:22,052 - __main__ - INFO - Health check complete. Active recordings: 1
2025-07-27 16:21:50,713 - __main__ - INFO - Health check complete. Active recordings: 1
2025-07-27 16:22:19,358 - __main__ - INFO - Health check complete. Active recordings: 1
2025-07-27 16:22:48,049 - __main__ - INFO - Health check complete. Active recordings: 1
2025-07-27 16:23:16,730 - __main__ - INFO - Health check complete. Active recordings: 1
2025-07-27 16:23:31,234 - app.core.recording.continuous_recorder - INFO - Finalized segment for camera 3: camera_3_20250727_161331_600.avi (600s, 20046462 bytes)
2025-07-27 16:23:31,234 - app.core.recording.continuous_recorder - INFO - Using codec XVID for recording
2025-07-27 16:23:31,234 - app.core.recording.continuous_recorder - INFO - Started new segment for camera 3: camera_3_20250727_162331_600.mp4
2025-07-27 16:23:45,365 - __main__ - INFO - Health check complete. Active recordings: 1
2025-07-27 16:23:45,365 - __main__ - INFO - Storage summary: 102 segments, 1.9 GB used
2025-07-27 16:24:15,372 - __main__ - INFO - Health check complete. Active recordings: 1
2025-07-27 16:24:43,999 - __main__ - INFO - Health check complete. Active recordings: 1
2025-07-27 16:25:12,661 - __main__ - INFO - Health check complete. Active recordings: 1
2025-07-27 16:25:41,309 - __main__ - INFO - Health check complete. Active recordings: 1
2025-07-27 16:26:09,951 - __main__ - INFO - Health check complete. Active recordings: 1
2025-07-27 16:26:38,614 - __main__ - INFO - Health check complete. Active recordings: 1
2025-07-27 16:27:07,279 - __main__ - INFO - Health check complete. Active recordings: 1
2025-07-27 16:27:35,934 - __main__ - INFO - Health check complete. Active recordings: 1
2025-07-27 16:28:04,590 - __main__ - INFO - Health check complete. Active recordings: 1
2025-07-27 16:28:33,257 - __main__ - INFO - Health check complete. Active recordings: 1
2025-07-27 16:28:33,257 - __main__ - INFO - Storage summary: 102 segments, 1.9 GB used
2025-07-27 16:29:01,918 - __main__ - INFO - Health check complete. Active recordings: 1
2025-07-27 16:29:30,575 - __main__ - INFO - Health check complete. Active recordings: 1
2025-07-27 16:29:59,223 - __main__ - INFO - Health check complete. Active recordings: 1
2025-07-27 16:30:27,889 - __main__ - INFO - Health check complete. Active recordings: 1
2025-07-27 16:30:57,922 - __main__ - INFO - Health check complete. Active recordings: 1
2025-07-27 16:31:26,582 - __main__ - INFO - Health check complete. Active recordings: 1
2025-07-27 16:31:55,251 - __main__ - INFO - Health check complete. Active recordings: 1
2025-07-27 16:32:23,939 - __main__ - INFO - Health check complete. Active recordings: 1
2025-07-27 16:32:52,620 - __main__ - INFO - Health check complete. Active recordings: 1
2025-07-27 16:33:21,265 - __main__ - INFO - Health check complete. Active recordings: 1
2025-07-27 16:33:21,265 - __main__ - INFO - Storage summary: 102 segments, 1.9 GB used
2025-07-27 16:33:31,262 - app.core.recording.continuous_recorder - INFO - Finalized segment for camera 3: camera_3_20250727_162331_600.avi (600s, 20883880 bytes)
2025-07-27 16:33:31,263 - app.core.recording.continuous_recorder - INFO - Using codec XVID for recording
2025-07-27 16:33:31,263 - app.core.recording.continuous_recorder - INFO - Started new segment for camera 3: camera_3_20250727_163331_600.mp4
2025-07-27 16:33:49,928 - __main__ - INFO - Health check complete. Active recordings: 1
2025-07-27 16:34:18,614 - __main__ - INFO - Health check complete. Active recordings: 1
2025-07-27 16:34:47,332 - __main__ - INFO - Health check complete. Active recordings: 1
2025-07-27 16:35:16,071 - __main__ - INFO - Health check complete. Active recordings: 1
2025-07-27 17:59:06,260 - __main__ - INFO - Health check complete. Active recordings: 1
2025-07-27 17:59:16,774 - app.core.recording.continuous_recorder - INFO - Finalized segment for camera 3: camera_3_20250727_163331_600.avi (5145s, 4078074 bytes)
2025-07-27 17:59:16,776 - app.core.recording.continuous_recorder - INFO - Using codec XVID for recording
2025-07-27 17:59:16,776 - app.core.recording.continuous_recorder - INFO - Started new segment for camera 3: camera_3_20250727_175916_600.mp4
2025-07-27 17:59:35,686 - __main__ - INFO - Health check complete. Active recordings: 1
2025-07-27 18:00:05,717 - __main__ - INFO - Health check complete. Active recordings: 1
2025-07-27 18:00:15,888 - app.core.recording.continuous_recorder - WARNING - Lost connection to camera 3, reconnecting...
2025-07-27 18:00:16,896 - app.core.recording.continuous_recorder - INFO - Connecting to camera 3 at rtsp://admin:Mekus_1987@10.0.0.181:554/h264Preview_01_sub
2025-07-27 18:00:23,751 - app.core.recording.continuous_recorder - INFO - Successfully connected to camera 3
2025-07-27 18:00:35,336 - __main__ - INFO - Health check complete. Active recordings: 1
2025-07-27 18:01:04,947 - __main__ - INFO - Health check complete. Active recordings: 1
2025-07-27 18:01:34,550 - __main__ - INFO - Health check complete. Active recordings: 1
2025-07-27 18:01:34,551 - __main__ - INFO - Storage summary: 104 segments, 1.9 GB used
2025-07-27 18:02:04,127 - __main__ - INFO - Health check complete. Active recordings: 1
2025-07-27 18:02:33,706 - __main__ - INFO - Health check complete. Active recordings: 1
2025-07-27 18:03:03,269 - __main__ - INFO - Health check complete. Active recordings: 1
2025-07-27 18:03:32,943 - __main__ - INFO - Health check complete. Active recordings: 1
2025-07-27 18:04:02,577 - __main__ - INFO - Health check complete. Active recordings: 1
2025-07-27 18:04:32,205 - __main__ - INFO - Health check complete. Active recordings: 1
2025-07-27 18:05:01,791 - __main__ - INFO - Health check complete. Active recordings: 1
2025-07-27 18:05:26,904 - app.core.storage.storage_manager - INFO - Storage Health: 104 segments, 1.9 GB used, 93.2% disk free
2025-07-27 18:05:31,421 - __main__ - INFO - Health check complete. Active recordings: 1
2025-07-27 18:06:01,017 - __main__ - INFO - Health check complete. Active recordings: 1
2025-07-27 18:06:30,632 - __main__ - INFO - Health check complete. Active recordings: 1
2025-07-27 18:06:30,632 - __main__ - INFO - Storage summary: 104 segments, 1.9 GB used
2025-07-27 18:07:00,658 - __main__ - INFO - Health check complete. Active recordings: 1
2025-07-27 18:07:30,691 - __main__ - INFO - Health check complete. Active recordings: 1
2025-07-27 18:08:00,720 - __main__ - INFO - Health check complete. Active recordings: 1
2025-07-27 18:08:30,748 - __main__ - INFO - Health check complete. Active recordings: 1
2025-07-27 18:09:00,781 - __main__ - INFO - Health check complete. Active recordings: 1
2025-07-27 18:09:16,816 - app.core.recording.continuous_recorder - INFO - Finalized segment for camera 3: camera_3_20250727_175916_600.avi (600s, 18460190 bytes)
2025-07-27 18:09:16,817 - app.core.recording.continuous_recorder - INFO - Using codec XVID for recording
2025-07-27 18:09:16,818 - app.core.recording.continuous_recorder - INFO - Started new segment for camera 3: camera_3_20250727_180916_600.mp4
2025-07-27 18:09:30,812 - __main__ - INFO - Health check complete. Active recordings: 1
2025-07-27 18:10:00,843 - __main__ - INFO - Health check complete. Active recordings: 1
2025-07-27 18:10:30,874 - __main__ - INFO - Health check complete. Active recordings: 1
2025-07-27 18:11:00,904 - __main__ - INFO - Health check complete. Active recordings: 1
2025-07-27 18:11:30,935 - __main__ - INFO - Health check complete. Active recordings: 1
2025-07-27 18:11:30,936 - __main__ - INFO - Storage summary: 105 segments, 2.0 GB used
2025-07-27 18:12:00,966 - __main__ - INFO - Health check complete. Active recordings: 1
2025-07-27 18:12:30,997 - __main__ - INFO - Health check complete. Active recordings: 1
2025-07-27 18:13:01,000 - __main__ - INFO - Health check complete. Active recordings: 1
2025-07-27 18:13:31,031 - __main__ - INFO - Health check complete. Active recordings: 1
2025-07-27 18:14:01,036 - __main__ - INFO - Health check complete. Active recordings: 1
2025-07-27 18:14:31,067 - __main__ - INFO - Health check complete. Active recordings: 1
2025-07-27 18:15:01,096 - __main__ - INFO - Health check complete. Active recordings: 1
2025-07-27 18:15:31,127 - __main__ - INFO - Health check complete. Active recordings: 1
2025-07-27 18:16:01,157 - __main__ - INFO - Health check complete. Active recordings: 1
2025-07-27 18:16:31,188 - __main__ - INFO - Health check complete. Active recordings: 1
2025-07-27 18:16:31,189 - __main__ - INFO - Storage summary: 105 segments, 2.0 GB used
2025-07-27 18:17:01,219 - __main__ - INFO - Health check complete. Active recordings: 1
2025-07-27 18:17:31,250 - __main__ - INFO - Health check complete. Active recordings: 1
2025-07-27 18:18:01,280 - __main__ - INFO - Health check complete. Active recordings: 1
2025-07-27 18:18:31,311 - __main__ - INFO - Health check complete. Active recordings: 1
2025-07-27 18:19:01,342 - __main__ - INFO - Health check complete. Active recordings: 1
2025-07-27 18:19:16,884 - app.core.recording.continuous_recorder - INFO - Finalized segment for camera 3: camera_3_20250727_180916_600.avi (600s, 21230604 bytes)
2025-07-27 18:19:16,884 - app.core.recording.continuous_recorder - INFO - Using codec XVID for recording
2025-07-27 18:19:16,884 - app.core.recording.continuous_recorder - INFO - Started new segment for camera 3: camera_3_20250727_181916_600.mp4
2025-07-27 18:19:31,372 - __main__ - INFO - Health check complete. Active recordings: 1
2025-07-27 18:20:01,373 - __main__ - INFO - Health check complete. Active recordings: 1
2025-07-27 18:20:31,404 - __main__ - INFO - Health check complete. Active recordings: 1
2025-07-27 18:21:01,435 - __main__ - INFO - Health check complete. Active recordings: 1
2025-07-27 18:21:31,466 - __main__ - INFO - Health check complete. Active recordings: 1
2025-07-27 18:21:31,466 - __main__ - INFO - Storage summary: 106 segments, 2.0 GB used
2025-07-27 18:22:01,497 - __main__ - INFO - Health check complete. Active recordings: 1
2025-07-27 18:22:31,527 - __main__ - INFO - Health check complete. Active recordings: 1
2025-07-27 18:23:01,558 - __main__ - INFO - Health check complete. Active recordings: 1
2025-07-27 18:23:31,589 - __main__ - INFO - Health check complete. Active recordings: 1
2025-07-27 18:24:01,620 - __main__ - INFO - Health check complete. Active recordings: 1
2025-07-27 18:24:31,651 - __main__ - INFO - Health check complete. Active recordings: 1
2025-07-27 18:25:01,681 - __main__ - INFO - Health check complete. Active recordings: 1
2025-07-27 18:25:31,713 - __main__ - INFO - Health check complete. Active recordings: 1
2025-07-27 18:26:01,743 - __main__ - INFO - Health check complete. Active recordings: 1
2025-07-27 18:26:31,774 - __main__ - INFO - Health check complete. Active recordings: 1
2025-07-27 18:26:31,775 - __main__ - INFO - Storage summary: 106 segments, 2.0 GB used
2025-07-27 18:27:01,805 - __main__ - INFO - Health check complete. Active recordings: 1
2025-07-27 18:27:31,836 - __main__ - INFO - Health check complete. Active recordings: 1
2025-07-27 18:28:01,867 - __main__ - INFO - Health check complete. Active recordings: 1
2025-07-27 18:28:31,872 - __main__ - INFO - Health check complete. Active recordings: 1
2025-07-27 18:29:01,903 - __main__ - INFO - Health check complete. Active recordings: 1
2025-07-27 18:29:16,960 - app.core.recording.continuous_recorder - INFO - Finalized segment for camera 3: camera_3_20250727_181916_600.avi (600s, 21234160 bytes)
2025-07-27 18:29:16,961 - app.core.recording.continuous_recorder - INFO - Using codec XVID for recording
2025-07-27 18:29:16,961 - app.core.recording.continuous_recorder - INFO - Started new segment for camera 3: camera_3_20250727_182916_600.mp4
2025-07-27 18:29:31,932 - __main__ - INFO - Health check complete. Active recordings: 1
2025-07-27 18:30:01,960 - __main__ - INFO - Health check complete. Active recordings: 1
2025-07-27 18:30:31,991 - __main__ - INFO - Health check complete. Active recordings: 1
2025-07-27 18:31:02,022 - __main__ - INFO - Health check complete. Active recordings: 1
2025-07-27 18:31:32,052 - __main__ - INFO - Health check complete. Active recordings: 1
2025-07-27 18:31:32,053 - __main__ - INFO - Storage summary: 107 segments, 2.0 GB used
2025-07-27 18:32:02,084 - __main__ - INFO - Health check complete. Active recordings: 1
2025-07-27 18:32:32,085 - __main__ - INFO - Health check complete. Active recordings: 1
2025-07-27 18:33:02,099 - __main__ - INFO - Health check complete. Active recordings: 1
2025-07-27 18:33:32,128 - __main__ - INFO - Health check complete. Active recordings: 1
2025-07-27 18:34:02,159 - __main__ - INFO - Health check complete. Active recordings: 1
2025-07-27 18:34:32,190 - __main__ - INFO - Health check complete. Active recordings: 1
2025-07-27 18:35:02,220 - __main__ - INFO - Health check complete. Active recordings: 1
2025-07-27 18:35:26,056 - app.core.storage.storage_manager - INFO - Starting storage cleanup...
2025-07-27 18:35:26,056 - app.core.storage.storage_manager - INFO - Cleanup complete: No recordings to clean up
2025-07-27 18:35:26,056 - app.core.storage.storage_manager - INFO - Storage Health: 107 segments, 2.0 GB used, 93.2% disk free
2025-07-27 18:35:32,228 - __main__ - INFO - Health check complete. Active recordings: 1
2025-07-27 18:36:02,258 - __main__ - INFO - Health check complete. Active recordings: 1
2025-07-27 18:36:32,263 - __main__ - INFO - Health check complete. Active recordings: 1
2025-07-27 18:36:32,264 - __main__ - INFO - Storage summary: 107 segments, 2.0 GB used
2025-07-27 18:37:02,294 - __main__ - INFO - Health check complete. Active recordings: 1
2025-07-27 18:37:32,325 - __main__ - INFO - Health check complete. Active recordings: 1
2025-07-27 18:38:02,356 - __main__ - INFO - Health check complete. Active recordings: 1
2025-07-27 18:38:32,384 - __main__ - INFO - Health check complete. Active recordings: 1
2025-07-27 18:39:02,415 - __main__ - INFO - Health check complete. Active recordings: 1
2025-07-27 18:39:17,005 - app.core.recording.continuous_recorder - INFO - Finalized segment for camera 3: camera_3_20250727_182916_600.avi (600s, 21312244 bytes)
2025-07-27 18:39:17,006 - app.core.recording.continuous_recorder - INFO - Using codec XVID for recording
2025-07-27 18:39:17,006 - app.core.recording.continuous_recorder - INFO - Started new segment for camera 3: camera_3_20250727_183916_600.mp4
2025-07-27 18:39:32,444 - __main__ - INFO - Health check complete. Active recordings: 1
2025-07-27 18:40:02,475 - __main__ - INFO - Health check complete. Active recordings: 1
2025-07-27 18:40:32,506 - __main__ - INFO - Health check complete. Active recordings: 1
2025-07-27 18:41:02,537 - __main__ - INFO - Health check complete. Active recordings: 1
2025-07-27 18:41:32,567 - __main__ - INFO - Health check complete. Active recordings: 1
2025-07-27 18:41:32,568 - __main__ - INFO - Storage summary: 108 segments, 2.0 GB used
2025-07-27 18:42:02,599 - __main__ - INFO - Health check complete. Active recordings: 1
2025-07-27 18:42:32,629 - __main__ - INFO - Health check complete. Active recordings: 1
2025-07-27 18:43:02,660 - __main__ - INFO - Health check complete. Active recordings: 1
2025-07-27 18:43:32,691 - __main__ - INFO - Health check complete. Active recordings: 1
2025-07-27 18:44:02,696 - __main__ - INFO - Health check complete. Active recordings: 1
2025-07-27 18:44:32,727 - __main__ - INFO - Health check complete. Active recordings: 1
2025-07-27 18:45:02,758 - __main__ - INFO - Health check complete. Active recordings: 1
2025-07-27 18:45:32,788 - __main__ - INFO - Health check complete. Active recordings: 1
2025-07-27 18:46:02,819 - __main__ - INFO - Health check complete. Active recordings: 1
2025-07-27 18:46:32,850 - __main__ - INFO - Health check complete. Active recordings: 1
2025-07-27 18:46:32,850 - __main__ - INFO - Storage summary: 108 segments, 2.0 GB used
2025-07-27 18:47:02,881 - __main__ - INFO - Health check complete. Active recordings: 1
2025-07-27 18:47:32,911 - __main__ - INFO - Health check complete. Active recordings: 1
2025-07-27 18:48:02,942 - __main__ - INFO - Health check complete. Active recordings: 1
2025-07-27 18:48:32,972 - __main__ - INFO - Health check complete. Active recordings: 1
2025-07-27 18:49:03,005 - __main__ - INFO - Health check complete. Active recordings: 1
2025-07-27 18:49:17,086 - app.core.recording.continuous_recorder - INFO - Finalized segment for camera 3: camera_3_20250727_183916_600.avi (600s, 21301724 bytes)
2025-07-27 18:49:17,086 - app.core.recording.continuous_recorder - INFO - Using codec XVID for recording
2025-07-27 18:49:17,086 - app.core.recording.continuous_recorder - INFO - Started new segment for camera 3: camera_3_20250727_184917_600.mp4
2025-07-27 18:49:33,036 - __main__ - INFO - Health check complete. Active recordings: 1
2025-07-27 18:50:03,066 - __main__ - INFO - Health check complete. Active recordings: 1
2025-07-27 18:50:33,098 - __main__ - INFO - Health check complete. Active recordings: 1
2025-07-27 18:51:03,130 - __main__ - INFO - Health check complete. Active recordings: 1
2025-07-27 18:51:33,161 - __main__ - INFO - Health check complete. Active recordings: 1
2025-07-27 18:51:33,162 - __main__ - INFO - Storage summary: 109 segments, 2.0 GB used
2025-07-27 18:52:03,193 - __main__ - INFO - Health check complete. Active recordings: 1
2025-07-27 18:52:33,225 - __main__ - INFO - Health check complete. Active recordings: 1
2025-07-27 18:53:03,252 - __main__ - INFO - Health check complete. Active recordings: 1
2025-07-27 18:53:33,256 - __main__ - INFO - Health check complete. Active recordings: 1
2025-07-27 18:54:03,284 - __main__ - INFO - Health check complete. Active recordings: 1
2025-07-27 18:54:33,313 - __main__ - INFO - Health check complete. Active recordings: 1
2025-07-27 18:55:03,345 - __main__ - INFO - Health check complete. Active recordings: 1
2025-07-27 18:55:33,376 - __main__ - INFO - Health check complete. Active recordings: 1
2025-07-27 18:56:03,407 - __main__ - INFO - Health check complete. Active recordings: 1
2025-07-27 18:56:33,438 - __main__ - INFO - Health check complete. Active recordings: 1
2025-07-27 18:56:33,438 - __main__ - INFO - Storage summary: 109 segments, 2.0 GB used
2025-07-27 18:57:03,469 - __main__ - INFO - Health check complete. Active recordings: 1
2025-07-27 18:57:33,500 - __main__ - INFO - Health check complete. Active recordings: 1
2025-07-27 18:58:03,531 - __main__ - INFO - Health check complete. Active recordings: 1
2025-07-27 18:58:33,561 - __main__ - INFO - Health check complete. Active recordings: 1
2025-07-27 18:59:03,592 - __main__ - INFO - Health check complete. Active recordings: 1
2025-07-27 18:59:17,138 - app.core.recording.continuous_recorder - INFO - Finalized segment for camera 3: camera_3_20250727_184917_600.avi (600s, 20725976 bytes)
2025-07-27 18:59:17,139 - app.core.recording.continuous_recorder - INFO - Using codec XVID for recording
2025-07-27 18:59:17,139 - app.core.recording.continuous_recorder - INFO - Started new segment for camera 3: camera_3_20250727_185917_600.mp4
2025-07-27 18:59:33,620 - __main__ - INFO - Health check complete. Active recordings: 1
2025-07-27 19:00:03,653 - __main__ - INFO - Health check complete. Active recordings: 1
2025-07-27 19:00:33,684 - __main__ - INFO - Health check complete. Active recordings: 1
2025-07-27 19:01:03,715 - __main__ - INFO - Health check complete. Active recordings: 1
2025-07-27 19:01:33,744 - __main__ - INFO - Health check complete. Active recordings: 1
2025-07-27 19:01:33,745 - __main__ - INFO - Storage summary: 110 segments, 2.1 GB used
2025-07-27 19:02:03,772 - __main__ - INFO - Health check complete. Active recordings: 1
2025-07-27 19:02:33,803 - __main__ - INFO - Health check complete. Active recordings: 1
2025-07-27 19:03:03,834 - __main__ - INFO - Health check complete. Active recordings: 1
2025-07-27 19:03:33,864 - __main__ - INFO - Health check complete. Active recordings: 1
2025-07-27 19:04:03,895 - __main__ - INFO - Health check complete. Active recordings: 1
2025-07-27 19:04:33,926 - __main__ - INFO - Health check complete. Active recordings: 1
2025-07-27 19:05:03,956 - __main__ - INFO - Health check complete. Active recordings: 1
2025-07-27 19:05:26,076 - app.core.storage.storage_manager - INFO - Storage Health: 110 segments, 2.1 GB used, 93.2% disk free
2025-07-27 19:05:33,965 - __main__ - INFO - Health check complete. Active recordings: 1
2025-07-27 19:06:03,996 - __main__ - INFO - Health check complete. Active recordings: 1
2025-07-27 19:06:34,012 - __main__ - INFO - Health check complete. Active recordings: 1
2025-07-27 19:06:34,013 - __main__ - INFO - Storage summary: 110 segments, 2.1 GB used
2025-07-27 19:07:04,024 - __main__ - INFO - Health check complete. Active recordings: 1
2025-07-27 19:07:34,052 - __main__ - INFO - Health check complete. Active recordings: 1
2025-07-27 19:08:04,080 - __main__ - INFO - Health check complete. Active recordings: 1
2025-07-27 19:08:34,108 - __main__ - INFO - Health check complete. Active recordings: 1
2025-07-27 19:09:04,139 - __main__ - INFO - Health check complete. Active recordings: 1
2025-07-27 19:09:17,144 - app.core.recording.continuous_recorder - INFO - Finalized segment for camera 3: camera_3_20250727_185917_600.avi (600s, 20914610 bytes)
2025-07-27 19:09:17,146 - app.core.recording.continuous_recorder - INFO - Using codec XVID for recording
2025-07-27 19:09:17,146 - app.core.recording.continuous_recorder - INFO - Started new segment for camera 3: camera_3_20250727_190917_600.mp4
2025-07-27 19:09:34,168 - __main__ - INFO - Health check complete. Active recordings: 1
2025-07-27 19:10:04,199 - __main__ - INFO - Health check complete. Active recordings: 1
2025-07-27 19:10:34,230 - __main__ - INFO - Health check complete. Active recordings: 1
2025-07-27 19:11:04,261 - __main__ - INFO - Health check complete. Active recordings: 1
2025-07-27 19:11:34,291 - __main__ - INFO - Health check complete. Active recordings: 1
2025-07-27 19:11:34,292 - __main__ - INFO - Storage summary: 111 segments, 2.1 GB used
2025-07-27 19:12:04,323 - __main__ - INFO - Health check complete. Active recordings: 1
2025-07-27 19:12:34,354 - __main__ - INFO - Health check complete. Active recordings: 1
2025-07-27 19:13:04,384 - __main__ - INFO - Health check complete. Active recordings: 1
2025-07-27 19:13:34,415 - __main__ - INFO - Health check complete. Active recordings: 1
2025-07-27 19:14:04,446 - __main__ - INFO - Health check complete. Active recordings: 1
2025-07-27 19:14:34,476 - __main__ - INFO - Health check complete. Active recordings: 1
2025-07-27 19:15:04,507 - __main__ - INFO - Health check complete. Active recordings: 1
2025-07-27 19:15:34,538 - __main__ - INFO - Health check complete. Active recordings: 1
2025-07-27 19:16:04,568 - __main__ - INFO - Health check complete. Active recordings: 1
2025-07-27 19:16:34,599 - __main__ - INFO - Health check complete. Active recordings: 1
2025-07-27 19:16:34,600 - __main__ - INFO - Storage summary: 111 segments, 2.1 GB used
2025-07-27 19:17:04,630 - __main__ - INFO - Health check complete. Active recordings: 1
2025-07-27 19:17:34,661 - __main__ - INFO - Health check complete. Active recordings: 1
2025-07-27 19:18:04,692 - __main__ - INFO - Health check complete. Active recordings: 1
2025-07-27 19:18:34,722 - __main__ - INFO - Health check complete. Active recordings: 1
2025-07-27 19:19:04,753 - __main__ - INFO - Health check complete. Active recordings: 1
2025-07-27 19:19:17,240 - app.core.recording.continuous_recorder - INFO - Finalized segment for camera 3: camera_3_20250727_190917_600.avi (600s, 21247372 bytes)
2025-07-27 19:19:17,241 - app.core.recording.continuous_recorder - INFO - Using codec XVID for recording
2025-07-27 19:19:17,241 - app.core.recording.continuous_recorder - INFO - Started new segment for camera 3: camera_3_20250727_191917_600.mp4
2025-07-27 19:19:34,780 - __main__ - INFO - Health check complete. Active recordings: 1
2025-07-27 19:20:04,808 - __main__ - INFO - Health check complete. Active recordings: 1
2025-07-27 19:20:34,839 - __main__ - INFO - Health check complete. Active recordings: 1
2025-07-27 19:21:04,869 - __main__ - INFO - Health check complete. Active recordings: 1
2025-07-27 19:21:34,900 - __main__ - INFO - Health check complete. Active recordings: 1
2025-07-27 19:21:34,901 - __main__ - INFO - Storage summary: 112 segments, 2.1 GB used
2025-07-27 19:22:04,931 - __main__ - INFO - Health check complete. Active recordings: 1
2025-07-27 19:22:34,940 - __main__ - INFO - Health check complete. Active recordings: 1
2025-07-27 19:23:04,971 - __main__ - INFO - Health check complete. Active recordings: 1
2025-07-27 19:23:35,002 - __main__ - INFO - Health check complete. Active recordings: 1
2025-07-27 19:24:05,032 - __main__ - INFO - Health check complete. Active recordings: 1
2025-07-27 19:24:35,063 - __main__ - INFO - Health check complete. Active recordings: 1
2025-07-27 19:25:05,094 - __main__ - INFO - Health check complete. Active recordings: 1
2025-07-27 19:25:35,125 - __main__ - INFO - Health check complete. Active recordings: 1
2025-07-27 19:26:05,156 - __main__ - INFO - Health check complete. Active recordings: 1
2025-07-27 19:26:35,187 - __main__ - INFO - Health check complete. Active recordings: 1
2025-07-27 19:26:35,187 - __main__ - INFO - Storage summary: 112 segments, 2.1 GB used
2025-07-27 19:27:05,218 - __main__ - INFO - Health check complete. Active recordings: 1
2025-07-27 19:27:35,249 - __main__ - INFO - Health check complete. Active recordings: 1
2025-07-27 19:28:05,280 - __main__ - INFO - Health check complete. Active recordings: 1
2025-07-27 19:28:35,286 - __main__ - INFO - Health check complete. Active recordings: 1
2025-07-27 19:29:05,316 - __main__ - INFO - Health check complete. Active recordings: 1
2025-07-27 19:29:17,287 - app.core.recording.continuous_recorder - INFO - Finalized segment for camera 3: camera_3_20250727_191917_600.avi (600s, 18670318 bytes)
2025-07-27 19:29:17,288 - app.core.recording.continuous_recorder - INFO - Using codec XVID for recording
2025-07-27 19:29:17,288 - app.core.recording.continuous_recorder - INFO - Started new segment for camera 3: camera_3_20250727_192917_600.mp4
2025-07-27 19:29:35,347 - __main__ - INFO - Health check complete. Active recordings: 1
2025-07-27 19:30:05,376 - __main__ - INFO - Health check complete. Active recordings: 1
2025-07-27 19:30:35,407 - __main__ - INFO - Health check complete. Active recordings: 1
2025-07-27 19:31:05,437 - __main__ - INFO - Health check complete. Active recordings: 1
2025-07-27 19:31:35,468 - __main__ - INFO - Health check complete. Active recordings: 1
2025-07-27 19:31:35,469 - __main__ - INFO - Storage summary: 113 segments, 2.1 GB used
2025-07-27 19:32:05,500 - __main__ - INFO - Health check complete. Active recordings: 1
2025-07-27 19:32:35,512 - __main__ - INFO - Health check complete. Active recordings: 1
2025-07-27 19:33:05,521 - __main__ - INFO - Health check complete. Active recordings: 1
2025-07-27 19:33:35,552 - __main__ - INFO - Health check complete. Active recordings: 1
2025-07-27 19:34:05,577 - __main__ - INFO - Health check complete. Active recordings: 1
2025-07-27 19:34:35,604 - __main__ - INFO - Health check complete. Active recordings: 1
2025-07-27 19:35:05,635 - __main__ - INFO - Health check complete. Active recordings: 1
2025-07-27 19:35:26,078 - app.core.storage.storage_manager - INFO - Starting storage cleanup...
2025-07-27 19:35:26,078 - app.core.storage.storage_manager - INFO - Cleanup complete: No recordings to clean up
2025-07-27 19:35:26,079 - app.core.storage.storage_manager - INFO - Storage Health: 113 segments, 2.1 GB used, 93.2% disk free
2025-07-27 19:35:35,646 - __main__ - INFO - Health check complete. Active recordings: 1
2025-07-27 19:36:05,677 - __main__ - INFO - Health check complete. Active recordings: 1
2025-07-27 19:36:35,708 - __main__ - INFO - Health check complete. Active recordings: 1
2025-07-27 19:36:35,708 - __main__ - INFO - Storage summary: 113 segments, 2.1 GB used
2025-07-27 19:37:05,739 - __main__ - INFO - Health check complete. Active recordings: 1
2025-07-27 19:37:35,768 - __main__ - INFO - Health check complete. Active recordings: 1
2025-07-27 19:38:05,799 - __main__ - INFO - Health check complete. Active recordings: 1
2025-07-27 19:38:35,830 - __main__ - INFO - Health check complete. Active recordings: 1
2025-07-27 19:39:05,831 - __main__ - INFO - Health check complete. Active recordings: 1
2025-07-27 19:39:17,298 - app.core.recording.continuous_recorder - INFO - Finalized segment for camera 3: camera_3_20250727_192917_600.avi (600s, 23476922 bytes)
2025-07-27 19:39:17,298 - app.core.recording.continuous_recorder - INFO - Using codec XVID for recording
2025-07-27 19:39:17,299 - app.core.recording.continuous_recorder - INFO - Started new segment for camera 3: camera_3_20250727_193917_600.mp4
2025-07-27 19:39:35,860 - __main__ - INFO - Health check complete. Active recordings: 1
2025-07-27 19:40:05,891 - __main__ - INFO - Health check complete. Active recordings: 1
2025-07-27 19:40:35,922 - __main__ - INFO - Health check complete. Active recordings: 1
2025-07-27 19:41:05,929 - __main__ - INFO - Health check complete. Active recordings: 1
2025-07-27 19:41:35,956 - __main__ - INFO - Health check complete. Active recordings: 1
2025-07-27 19:41:35,956 - __main__ - INFO - Storage summary: 114 segments, 2.1 GB used
2025-07-27 19:42:05,987 - __main__ - INFO - Health check complete. Active recordings: 1
2025-07-27 19:42:36,018 - __main__ - INFO - Health check complete. Active recordings: 1
2025-07-27 19:43:06,048 - __main__ - INFO - Health check complete. Active recordings: 1
2025-07-27 19:43:36,079 - __main__ - INFO - Health check complete. Active recordings: 1
2025-07-27 19:44:06,110 - __main__ - INFO - Health check complete. Active recordings: 1
2025-07-27 19:44:36,141 - __main__ - INFO - Health check complete. Active recordings: 1
2025-07-27 19:45:06,168 - __main__ - INFO - Health check complete. Active recordings: 1
2025-07-27 19:45:36,199 - __main__ - INFO - Health check complete. Active recordings: 1
2025-07-27 19:46:06,204 - __main__ - INFO - Health check complete. Active recordings: 1
2025-07-27 19:46:36,232 - __main__ - INFO - Health check complete. Active recordings: 1
2025-07-27 19:46:36,233 - __main__ - INFO - Storage summary: 114 segments, 2.1 GB used
2025-07-27 19:47:06,263 - __main__ - INFO - Health check complete. Active recordings: 1
2025-07-27 19:47:36,292 - __main__ - INFO - Health check complete. Active recordings: 1
2025-07-27 19:48:06,320 - __main__ - INFO - Health check complete. Active recordings: 1
2025-07-27 19:48:36,351 - __main__ - INFO - Health check complete. Active recordings: 1
2025-07-27 19:49:06,381 - __main__ - INFO - Health check complete. Active recordings: 1
2025-07-27 19:49:17,340 - app.core.recording.continuous_recorder - INFO - Finalized segment for camera 3: camera_3_20250727_193917_600.avi (600s, 20706312 bytes)
2025-07-27 19:49:17,341 - app.core.recording.continuous_recorder - INFO - Using codec XVID for recording
2025-07-27 19:49:17,341 - app.core.recording.continuous_recorder - INFO - Started new segment for camera 3: camera_3_20250727_194917_600.mp4
2025-07-27 19:49:36,412 - __main__ - INFO - Health check complete. Active recordings: 1
2025-07-27 19:50:06,416 - __main__ - INFO - Health check complete. Active recordings: 1
2025-07-27 19:50:36,447 - __main__ - INFO - Health check complete. Active recordings: 1
2025-07-27 19:51:06,476 - __main__ - INFO - Health check complete. Active recordings: 1
2025-07-27 19:51:36,507 - __main__ - INFO - Health check complete. Active recordings: 1
2025-07-27 19:51:36,508 - __main__ - INFO - Storage summary: 115 segments, 2.2 GB used
2025-07-27 19:52:06,536 - __main__ - INFO - Health check complete. Active recordings: 1
2025-07-27 19:52:36,566 - __main__ - INFO - Health check complete. Active recordings: 1
2025-07-27 19:53:06,596 - __main__ - INFO - Health check complete. Active recordings: 1
2025-07-27 19:53:36,609 - __main__ - INFO - Health check complete. Active recordings: 1
2025-07-27 19:54:06,639 - __main__ - INFO - Health check complete. Active recordings: 1
2025-07-27 19:54:36,647 - __main__ - INFO - Health check complete. Active recordings: 1
2025-07-27 19:55:06,674 - __main__ - INFO - Health check complete. Active recordings: 1
2025-07-27 19:55:36,705 - __main__ - INFO - Health check complete. Active recordings: 1
2025-07-27 19:56:06,725 - __main__ - INFO - Health check complete. Active recordings: 1
2025-07-27 19:56:36,757 - __main__ - INFO - Health check complete. Active recordings: 1
2025-07-27 19:56:36,759 - __main__ - INFO - Storage summary: 115 segments, 2.2 GB used
2025-07-27 19:57:06,790 - __main__ - INFO - Health check complete. Active recordings: 1
2025-07-27 19:57:36,821 - __main__ - INFO - Health check complete. Active recordings: 1
2025-07-27 19:58:06,824 - __main__ - INFO - Health check complete. Active recordings: 1
2025-07-27 19:58:36,855 - __main__ - INFO - Health check complete. Active recordings: 1
2025-07-27 19:59:06,884 - __main__ - INFO - Health check complete. Active recordings: 1
2025-07-27 19:59:24,400 - app.core.recording.continuous_recorder - INFO - Finalized segment for camera 3: camera_3_20250727_194917_600.avi (607s, 27800422 bytes)
2025-07-27 19:59:24,401 - app.core.recording.continuous_recorder - INFO - Using codec XVID for recording
2025-07-27 19:59:24,401 - app.core.recording.continuous_recorder - INFO - Started new segment for camera 3: camera_3_20250727_195924_600.mp4
2025-07-27 19:59:36,912 - __main__ - INFO - Health check complete. Active recordings: 1
2025-07-27 20:00:06,918 - __main__ - INFO - Health check complete. Active recordings: 1
2025-07-27 20:00:36,927 - __main__ - INFO - Health check complete. Active recordings: 1
2025-07-27 20:01:06,958 - __main__ - INFO - Health check complete. Active recordings: 1
2025-07-27 20:01:36,990 - __main__ - INFO - Health check complete. Active recordings: 1
2025-07-27 20:01:36,990 - __main__ - INFO - Storage summary: 116 segments, 2.2 GB used
2025-07-27 20:02:07,013 - __main__ - INFO - Health check complete. Active recordings: 1
2025-07-27 20:02:37,037 - __main__ - INFO - Health check complete. Active recordings: 1
2025-07-27 20:03:07,057 - __main__ - INFO - Health check complete. Active recordings: 1
2025-07-27 20:03:37,088 - __main__ - INFO - Health check complete. Active recordings: 1
2025-07-27 20:04:07,116 - __main__ - INFO - Health check complete. Active recordings: 1
2025-07-27 20:04:37,144 - __main__ - INFO - Health check complete. Active recordings: 1
2025-07-27 20:05:07,175 - __main__ - INFO - Health check complete. Active recordings: 1
2025-07-27 20:05:26,099 - app.core.storage.storage_manager - INFO - Storage Health: 116 segments, 2.2 GB used, 93.1% disk free
2025-07-27 20:05:37,187 - __main__ - INFO - Health check complete. Active recordings: 1
2025-07-27 20:06:07,216 - __main__ - INFO - Health check complete. Active recordings: 1
2025-07-27 20:06:37,247 - __main__ - INFO - Health check complete. Active recordings: 1
2025-07-27 20:06:37,247 - __main__ - INFO - Storage summary: 116 segments, 2.2 GB used
2025-07-27 20:07:07,276 - __main__ - INFO - Health check complete. Active recordings: 1
2025-07-27 20:07:37,284 - __main__ - INFO - Health check complete. Active recordings: 1
2025-07-27 20:08:07,315 - __main__ - INFO - Health check complete. Active recordings: 1
2025-07-27 20:08:37,344 - __main__ - INFO - Health check complete. Active recordings: 1
2025-07-27 20:09:07,370 - __main__ - INFO - Health check complete. Active recordings: 1
2025-07-27 20:09:24,459 - app.core.recording.continuous_recorder - INFO - Finalized segment for camera 3: camera_3_20250727_195924_600.avi (600s, 31540546 bytes)
2025-07-27 20:09:24,460 - app.core.recording.continuous_recorder - INFO - Using codec XVID for recording
2025-07-27 20:09:24,460 - app.core.recording.continuous_recorder - INFO - Started new segment for camera 3: camera_3_20250727_200924_600.mp4
2025-07-27 20:09:37,400 - __main__ - INFO - Health check complete. Active recordings: 1
2025-07-27 20:10:07,431 - __main__ - INFO - Health check complete. Active recordings: 1
2025-07-27 20:10:37,439 - __main__ - INFO - Health check complete. Active recordings: 1
2025-07-27 20:11:07,470 - __main__ - INFO - Health check complete. Active recordings: 1
2025-07-27 20:11:37,501 - __main__ - INFO - Health check complete. Active recordings: 1
2025-07-27 20:11:37,501 - __main__ - INFO - Storage summary: 117 segments, 2.2 GB used
2025-07-27 20:12:07,532 - __main__ - INFO - Health check complete. Active recordings: 1
2025-07-27 20:12:37,563 - __main__ - INFO - Health check complete. Active recordings: 1
2025-07-27 20:13:07,592 - __main__ - INFO - Health check complete. Active recordings: 1
2025-07-27 20:13:37,596 - __main__ - INFO - Health check complete. Active recordings: 1
2025-07-27 20:14:07,624 - __main__ - INFO - Health check complete. Active recordings: 1
2025-07-27 20:14:37,655 - __main__ - INFO - Health check complete. Active recordings: 1
2025-07-27 20:15:07,684 - __main__ - INFO - Health check complete. Active recordings: 1
2025-07-27 20:15:37,692 - __main__ - INFO - Health check complete. Active recordings: 1
2025-07-27 20:16:07,722 - __main__ - INFO - Health check complete. Active recordings: 1
2025-07-27 20:16:37,752 - __main__ - INFO - Health check complete. Active recordings: 1
2025-07-27 20:16:37,753 - __main__ - INFO - Storage summary: 117 segments, 2.2 GB used
2025-07-27 20:17:07,755 - __main__ - INFO - Health check complete. Active recordings: 1
2025-07-27 20:17:37,785 - __main__ - INFO - Health check complete. Active recordings: 1
2025-07-27 20:18:07,816 - __main__ - INFO - Health check complete. Active recordings: 1
2025-07-27 20:18:37,847 - __main__ - INFO - Health check complete. Active recordings: 1
2025-07-27 20:19:07,878 - __main__ - INFO - Health check complete. Active recordings: 1
2025-07-27 20:19:24,567 - app.core.recording.continuous_recorder - INFO - Finalized segment for camera 3: camera_3_20250727_200924_600.avi (600s, 63906632 bytes)
2025-07-27 20:19:24,568 - app.core.recording.continuous_recorder - INFO - Using codec XVID for recording
2025-07-27 20:19:24,568 - app.core.recording.continuous_recorder - INFO - Started new segment for camera 3: camera_3_20250727_201924_600.mp4
2025-07-27 20:19:37,908 - __main__ - INFO - Health check complete. Active recordings: 1
2025-07-27 20:20:07,936 - __main__ - INFO - Health check complete. Active recordings: 1
2025-07-27 20:20:37,960 - __main__ - INFO - Health check complete. Active recordings: 1
2025-07-27 20:21:07,991 - __main__ - INFO - Health check complete. Active recordings: 1
2025-07-27 20:21:37,992 - __main__ - INFO - Health check complete. Active recordings: 1
2025-07-27 20:21:37,993 - __main__ - INFO - Storage summary: 118 segments, 2.3 GB used
2025-07-27 20:22:08,023 - __main__ - INFO - Health check complete. Active recordings: 1
2025-07-27 20:22:38,024 - __main__ - INFO - Health check complete. Active recordings: 1
2025-07-27 20:23:08,052 - __main__ - INFO - Health check complete. Active recordings: 1
2025-07-27 20:23:38,084 - __main__ - INFO - Health check complete. Active recordings: 1
2025-07-27 20:24:08,114 - __main__ - INFO - Health check complete. Active recordings: 1
2025-07-27 20:24:38,145 - __main__ - INFO - Health check complete. Active recordings: 1
2025-07-27 20:25:08,152 - __main__ - INFO - Health check complete. Active recordings: 1
2025-07-27 20:25:38,183 - __main__ - INFO - Health check complete. Active recordings: 1
2025-07-27 20:26:08,216 - __main__ - INFO - Health check complete. Active recordings: 1
2025-07-27 20:26:38,245 - __main__ - INFO - Health check complete. Active recordings: 1
2025-07-27 20:26:38,246 - __main__ - INFO - Storage summary: 118 segments, 2.3 GB used
2025-07-27 20:27:08,276 - __main__ - INFO - Health check complete. Active recordings: 1
2025-07-27 20:27:38,306 - __main__ - INFO - Health check complete. Active recordings: 1
2025-07-27 20:28:08,336 - __main__ - INFO - Health check complete. Active recordings: 1
2025-07-27 20:28:38,366 - __main__ - INFO - Health check complete. Active recordings: 1
2025-07-27 20:29:08,396 - __main__ - INFO - Health check complete. Active recordings: 1
2025-07-27 20:29:24,632 - app.core.recording.continuous_recorder - INFO - Finalized segment for camera 3: camera_3_20250727_201924_600.avi (600s, 37593610 bytes)
2025-07-27 20:29:24,632 - app.core.recording.continuous_recorder - INFO - Using codec XVID for recording
2025-07-27 20:29:24,632 - app.core.recording.continuous_recorder - INFO - Started new segment for camera 3: camera_3_20250727_202924_600.mp4
2025-07-27 20:29:38,427 - __main__ - INFO - Health check complete. Active recordings: 1
2025-07-27 20:30:08,454 - __main__ - INFO - Health check complete. Active recordings: 1
2025-07-27 20:30:38,485 - __main__ - INFO - Health check complete. Active recordings: 1
2025-07-27 20:31:08,515 - __main__ - INFO - Health check complete. Active recordings: 1
2025-07-27 20:31:38,544 - __main__ - INFO - Health check complete. Active recordings: 1
2025-07-27 20:31:38,545 - __main__ - INFO - Storage summary: 119 segments, 2.3 GB used
2025-07-27 20:32:08,575 - __main__ - INFO - Health check complete. Active recordings: 1
2025-07-27 20:32:38,604 - __main__ - INFO - Health check complete. Active recordings: 1
2025-07-27 20:33:08,632 - __main__ - INFO - Health check complete. Active recordings: 1
2025-07-27 20:33:38,634 - __main__ - INFO - Health check complete. Active recordings: 1
2025-07-27 20:34:08,637 - __main__ - INFO - Health check complete. Active recordings: 1
2025-07-27 20:34:38,669 - __main__ - INFO - Health check complete. Active recordings: 1
2025-07-27 20:35:08,696 - __main__ - INFO - Health check complete. Active recordings: 1
2025-07-27 20:35:26,096 - app.core.storage.storage_manager - INFO - Starting storage cleanup...
2025-07-27 20:35:26,096 - app.core.storage.storage_manager - INFO - Cleanup complete: No recordings to clean up
2025-07-27 20:35:26,101 - app.core.storage.storage_manager - INFO - Storage Health: 119 segments, 2.3 GB used, 93.1% disk free
2025-07-27 20:35:38,708 - __main__ - INFO - Health check complete. Active recordings: 1
2025-07-27 20:36:08,736 - __main__ - INFO - Health check complete. Active recordings: 1
2025-07-27 20:36:38,754 - __main__ - INFO - Health check complete. Active recordings: 1
2025-07-27 20:36:38,754 - __main__ - INFO - Storage summary: 119 segments, 2.3 GB used
2025-07-27 20:37:08,783 - __main__ - INFO - Health check complete. Active recordings: 1
2025-07-27 20:37:38,808 - __main__ - INFO - Health check complete. Active recordings: 1
2025-07-27 20:38:08,838 - __main__ - INFO - Health check complete. Active recordings: 1
2025-07-27 20:38:38,862 - __main__ - INFO - Health check complete. Active recordings: 1
2025-07-27 20:39:08,892 - __main__ - INFO - Health check complete. Active recordings: 1
2025-07-27 20:39:24,667 - app.core.recording.continuous_recorder - INFO - Finalized segment for camera 3: camera_3_20250727_202924_600.avi (600s, 29232406 bytes)
2025-07-27 20:39:24,668 - app.core.recording.continuous_recorder - INFO - Using codec XVID for recording
2025-07-27 20:39:24,668 - app.core.recording.continuous_recorder - INFO - Started new segment for camera 3: camera_3_20250727_203924_600.mp4
2025-07-27 20:39:38,923 - __main__ - INFO - Health check complete. Active recordings: 1
2025-07-27 20:40:08,948 - __main__ - INFO - Health check complete. Active recordings: 1
2025-07-27 20:40:38,949 - __main__ - INFO - Health check complete. Active recordings: 1
2025-07-27 20:41:08,981 - __main__ - INFO - Health check complete. Active recordings: 1
2025-07-27 20:41:39,014 - __main__ - INFO - Health check complete. Active recordings: 1
2025-07-27 20:41:39,015 - __main__ - INFO - Storage summary: 120 segments, 2.3 GB used
2025-07-27 20:42:09,046 - __main__ - INFO - Health check complete. Active recordings: 1
2025-07-27 20:42:39,075 - __main__ - INFO - Health check complete. Active recordings: 1
2025-07-27 20:43:09,105 - __main__ - INFO - Health check complete. Active recordings: 1
2025-07-27 20:43:39,136 - __main__ - INFO - Health check complete. Active recordings: 1
2025-07-27 20:44:09,164 - __main__ - INFO - Health check complete. Active recordings: 1
2025-07-27 20:44:39,194 - __main__ - INFO - Health check complete. Active recordings: 1
2025-07-27 20:45:09,224 - __main__ - INFO - Health check complete. Active recordings: 1
2025-07-27 20:45:39,255 - __main__ - INFO - Health check complete. Active recordings: 1
2025-07-27 20:46:09,286 - __main__ - INFO - Health check complete. Active recordings: 1
2025-07-27 20:46:39,316 - __main__ - INFO - Health check complete. Active recordings: 1
2025-07-27 20:46:39,317 - __main__ - INFO - Storage summary: 120 segments, 2.3 GB used
2025-07-27 20:47:09,348 - __main__ - INFO - Health check complete. Active recordings: 1
2025-07-27 20:47:39,376 - __main__ - INFO - Health check complete. Active recordings: 1
2025-07-27 20:48:09,407 - __main__ - INFO - Health check complete. Active recordings: 1
2025-07-27 20:48:39,433 - __main__ - INFO - Health check complete. Active recordings: 1
2025-07-27 20:49:09,466 - __main__ - INFO - Health check complete. Active recordings: 1
2025-07-27 20:49:39,496 - __main__ - INFO - Health check complete. Active recordings: 1
2025-07-27 20:49:42,290 - app.core.recording.continuous_recorder - INFO - Finalized segment for camera 3: camera_3_20250727_203924_600.avi (617s, 21702552 bytes)
2025-07-27 20:49:42,290 - app.core.recording.continuous_recorder - INFO - Using codec XVID for recording
2025-07-27 20:49:42,290 - app.core.recording.continuous_recorder - INFO - Started new segment for camera 3: camera_3_20250727_204942_600.mp4
2025-07-27 20:50:09,524 - __main__ - INFO - Health check complete. Active recordings: 1
2025-07-27 20:50:39,544 - __main__ - INFO - Health check complete. Active recordings: 1
2025-07-27 20:51:09,574 - __main__ - INFO - Health check complete. Active recordings: 1
2025-07-27 20:51:39,604 - __main__ - INFO - Health check complete. Active recordings: 1
2025-07-27 20:51:39,604 - __main__ - INFO - Storage summary: 121 segments, 2.4 GB used
2025-07-27 20:52:09,629 - __main__ - INFO - Health check complete. Active recordings: 1
2025-07-27 20:52:39,660 - __main__ - INFO - Health check complete. Active recordings: 1
2025-07-27 20:53:09,661 - __main__ - INFO - Health check complete. Active recordings: 1
2025-07-27 20:53:39,670 - __main__ - INFO - Health check complete. Active recordings: 1
2025-07-27 20:54:09,700 - __main__ - INFO - Health check complete. Active recordings: 1
2025-07-27 20:54:39,731 - __main__ - INFO - Health check complete. Active recordings: 1
2025-07-27 20:55:09,763 - __main__ - INFO - Health check complete. Active recordings: 1
2025-07-27 20:55:39,787 - __main__ - INFO - Health check complete. Active recordings: 1
2025-07-27 20:56:09,831 - __main__ - INFO - Health check complete. Active recordings: 1
2025-07-27 20:56:39,858 - __main__ - INFO - Health check complete. Active recordings: 1
2025-07-27 20:56:39,858 - __main__ - INFO - Storage summary: 121 segments, 2.4 GB used
2025-07-27 20:57:09,883 - __main__ - INFO - Health check complete. Active recordings: 1
2025-07-27 20:57:39,911 - __main__ - INFO - Health check complete. Active recordings: 1
2025-07-27 20:58:09,941 - __main__ - INFO - Health check complete. Active recordings: 1
2025-07-27 20:58:39,971 - __main__ - INFO - Health check complete. Active recordings: 1
2025-07-27 20:59:10,000 - __main__ - INFO - Health check complete. Active recordings: 1
2025-07-27 20:59:40,028 - __main__ - INFO - Health check complete. Active recordings: 1
2025-07-27 20:59:42,371 - app.core.recording.continuous_recorder - INFO - Finalized segment for camera 3: camera_3_20250727_204942_600.avi (600s, 30273966 bytes)
2025-07-27 20:59:42,371 - app.core.recording.continuous_recorder - INFO - Using codec XVID for recording
2025-07-27 20:59:42,371 - app.core.recording.continuous_recorder - INFO - Started new segment for camera 3: camera_3_20250727_205942_600.mp4
2025-07-27 21:00:10,059 - __main__ - INFO - Health check complete. Active recordings: 1
2025-07-27 21:00:40,086 - __main__ - INFO - Health check complete. Active recordings: 1
2025-07-27 21:01:10,116 - __main__ - INFO - Health check complete. Active recordings: 1
2025-07-27 21:01:40,147 - __main__ - INFO - Health check complete. Active recordings: 1
2025-07-27 21:01:40,148 - __main__ - INFO - Storage summary: 122 segments, 2.4 GB used
2025-07-27 21:02:10,182 - __main__ - INFO - Health check complete. Active recordings: 1
2025-07-27 21:02:40,217 - __main__ - INFO - Health check complete. Active recordings: 1
2025-07-27 21:03:10,251 - __main__ - INFO - Health check complete. Active recordings: 1
2025-07-27 21:03:40,297 - __main__ - INFO - Health check complete. Active recordings: 1
2025-07-27 21:04:10,324 - __main__ - INFO - Health check complete. Active recordings: 1
2025-07-27 21:04:40,349 - __main__ - INFO - Health check complete. Active recordings: 1
2025-07-27 21:05:10,379 - __main__ - INFO - Health check complete. Active recordings: 1
2025-07-27 21:05:26,117 - app.core.storage.storage_manager - INFO - Storage Health: 122 segments, 2.4 GB used, 93.1% disk free
2025-07-27 21:05:40,395 - __main__ - INFO - Health check complete. Active recordings: 1
2025-07-27 21:06:10,424 - __main__ - INFO - Health check complete. Active recordings: 1
2025-07-27 21:06:40,452 - __main__ - INFO - Health check complete. Active recordings: 1
2025-07-27 21:06:40,452 - __main__ - INFO - Storage summary: 122 segments, 2.4 GB used
2025-07-27 21:07:10,483 - __main__ - INFO - Health check complete. Active recordings: 1
2025-07-27 21:07:40,512 - __main__ - INFO - Health check complete. Active recordings: 1
2025-07-27 21:08:10,543 - __main__ - INFO - Health check complete. Active recordings: 1
2025-07-27 21:08:40,572 - __main__ - INFO - Health check complete. Active recordings: 1
2025-07-27 21:09:10,600 - __main__ - INFO - Health check complete. Active recordings: 1
2025-07-27 21:09:40,630 - __main__ - INFO - Health check complete. Active recordings: 1
2025-07-27 21:09:42,377 - app.core.recording.continuous_recorder - INFO - Finalized segment for camera 3: camera_3_20250727_205942_600.avi (600s, 23931862 bytes)
2025-07-27 21:09:42,379 - app.core.recording.continuous_recorder - INFO - Using codec XVID for recording
2025-07-27 21:09:42,379 - app.core.recording.continuous_recorder - INFO - Started new segment for camera 3: camera_3_20250727_210942_600.mp4
2025-07-27 21:10:10,660 - __main__ - INFO - Health check complete. Active recordings: 1
2025-07-27 21:10:40,696 - __main__ - INFO - Health check complete. Active recordings: 1
2025-07-27 21:11:10,726 - __main__ - INFO - Health check complete. Active recordings: 1
2025-07-27 21:11:40,754 - __main__ - INFO - Health check complete. Active recordings: 1
2025-07-27 21:11:40,755 - __main__ - INFO - Storage summary: 123 segments, 2.4 GB used
2025-07-27 21:12:10,781 - __main__ - INFO - Health check complete. Active recordings: 1
2025-07-27 21:12:40,810 - __main__ - INFO - Health check complete. Active recordings: 1
2025-07-27 21:13:10,839 - __main__ - INFO - Health check complete. Active recordings: 1
2025-07-27 21:13:40,869 - __main__ - INFO - Health check complete. Active recordings: 1
2025-07-27 21:14:10,896 - __main__ - INFO - Health check complete. Active recordings: 1
2025-07-27 21:14:40,927 - __main__ - INFO - Health check complete. Active recordings: 1
2025-07-27 21:15:10,956 - __main__ - INFO - Health check complete. Active recordings: 1
2025-07-27 21:15:40,984 - __main__ - INFO - Health check complete. Active recordings: 1
2025-07-27 21:16:11,015 - __main__ - INFO - Health check complete. Active recordings: 1
2025-07-27 21:16:41,041 - __main__ - INFO - Health check complete. Active recordings: 1
2025-07-27 21:16:41,042 - __main__ - INFO - Storage summary: 123 segments, 2.4 GB used
2025-07-27 21:17:11,072 - __main__ - INFO - Health check complete. Active recordings: 1
2025-07-27 21:17:41,107 - __main__ - INFO - Health check complete. Active recordings: 1
2025-07-27 21:18:11,140 - __main__ - INFO - Health check complete. Active recordings: 1
2025-07-27 21:18:41,152 - __main__ - INFO - Health check complete. Active recordings: 1
2025-07-27 21:19:11,180 - __main__ - INFO - Health check complete. Active recordings: 1
2025-07-27 21:19:41,210 - __main__ - INFO - Health check complete. Active recordings: 1
2025-07-27 21:19:42,381 - app.core.recording.continuous_recorder - INFO - Finalized segment for camera 3: camera_3_20250727_210942_600.avi (600s, 21769428 bytes)
2025-07-27 21:19:42,382 - app.core.recording.continuous_recorder - INFO - Using codec XVID for recording
2025-07-27 21:19:42,382 - app.core.recording.continuous_recorder - INFO - Started new segment for camera 3: camera_3_20250727_211942_600.mp4
2025-07-27 21:20:11,241 - __main__ - INFO - Health check complete. Active recordings: 1
2025-07-27 21:20:41,268 - __main__ - INFO - Health check complete. Active recordings: 1
2025-07-27 21:21:11,296 - __main__ - INFO - Health check complete. Active recordings: 1
2025-07-27 21:21:41,327 - __main__ - INFO - Health check complete. Active recordings: 1
2025-07-27 21:21:41,327 - __main__ - INFO - Storage summary: 124 segments, 2.4 GB used
2025-07-27 21:22:11,775 - __main__ - INFO - Health check complete. Active recordings: 1
2025-07-27 21:22:41,805 - __main__ - INFO - Health check complete. Active recordings: 1
2025-07-27 21:23:11,836 - __main__ - INFO - Health check complete. Active recordings: 1
2025-07-27 21:23:41,867 - __main__ - INFO - Health check complete. Active recordings: 1
2025-07-27 21:24:11,897 - __main__ - INFO - Health check complete. Active recordings: 1
2025-07-27 21:24:41,926 - __main__ - INFO - Health check complete. Active recordings: 1
2025-07-27 21:25:11,958 - __main__ - INFO - Health check complete. Active recordings: 1
2025-07-27 21:25:41,989 - __main__ - INFO - Health check complete. Active recordings: 1
2025-07-27 21:26:12,019 - __main__ - INFO - Health check complete. Active recordings: 1
2025-07-27 21:26:42,050 - __main__ - INFO - Health check complete. Active recordings: 1
2025-07-27 21:26:42,050 - __main__ - INFO - Storage summary: 124 segments, 2.4 GB used
2025-07-27 21:27:12,081 - __main__ - INFO - Health check complete. Active recordings: 1
2025-07-27 21:27:42,113 - __main__ - INFO - Health check complete. Active recordings: 1
2025-07-27 21:28:12,144 - __main__ - INFO - Health check complete. Active recordings: 1
2025-07-27 21:28:42,177 - __main__ - INFO - Health check complete. Active recordings: 1
2025-07-27 21:29:12,207 - __main__ - INFO - Health check complete. Active recordings: 1
2025-07-27 21:29:42,238 - __main__ - INFO - Health check complete. Active recordings: 1
2025-07-27 21:29:42,422 - app.core.recording.continuous_recorder - INFO - Finalized segment for camera 3: camera_3_20250727_211942_600.avi (600s, 20942344 bytes)
2025-07-27 21:29:42,423 - app.core.recording.continuous_recorder - INFO - Using codec XVID for recording
2025-07-27 21:29:42,423 - app.core.recording.continuous_recorder - INFO - Started new segment for camera 3: camera_3_20250727_212942_600.mp4
2025-07-27 21:30:12,266 - __main__ - INFO - Health check complete. Active recordings: 1
2025-07-27 21:30:42,293 - __main__ - INFO - Health check complete. Active recordings: 1
2025-07-27 21:31:12,321 - __main__ - INFO - Health check complete. Active recordings: 1
2025-07-27 21:31:42,349 - __main__ - INFO - Health check complete. Active recordings: 1
2025-07-27 21:31:42,349 - __main__ - INFO - Storage summary: 125 segments, 2.5 GB used
2025-07-27 21:32:12,377 - __main__ - INFO - Health check complete. Active recordings: 1
2025-07-27 21:32:42,408 - __main__ - INFO - Health check complete. Active recordings: 1
2025-07-27 21:33:12,439 - __main__ - INFO - Health check complete. Active recordings: 1
2025-07-27 21:33:42,468 - __main__ - INFO - Health check complete. Active recordings: 1
2025-07-27 21:34:12,499 - __main__ - INFO - Health check complete. Active recordings: 1
2025-07-27 21:34:42,530 - __main__ - INFO - Health check complete. Active recordings: 1
2025-07-27 21:35:12,559 - __main__ - INFO - Health check complete. Active recordings: 1
2025-07-27 21:35:26,532 - app.core.storage.storage_manager - INFO - Starting storage cleanup...
2025-07-27 21:35:26,532 - app.core.storage.storage_manager - INFO - Cleanup complete: No recordings to clean up
2025-07-27 21:35:26,540 - app.core.storage.storage_manager - INFO - Storage Health: 125 segments, 2.5 GB used, 93.1% disk free
2025-07-27 21:35:42,605 - __main__ - INFO - Health check complete. Active recordings: 1
2025-07-27 21:36:12,631 - __main__ - INFO - Health check complete. Active recordings: 1
2025-07-27 21:36:42,662 - __main__ - INFO - Health check complete. Active recordings: 1
2025-07-27 21:36:42,662 - __main__ - INFO - Storage summary: 125 segments, 2.5 GB used
2025-07-27 21:37:12,690 - __main__ - INFO - Health check complete. Active recordings: 1
2025-07-27 21:37:42,719 - __main__ - INFO - Health check complete. Active recordings: 1
2025-07-27 21:38:12,749 - __main__ - INFO - Health check complete. Active recordings: 1
2025-07-27 21:38:42,777 - __main__ - INFO - Health check complete. Active recordings: 1
2025-07-27 21:39:12,785 - __main__ - INFO - Health check complete. Active recordings: 1
2025-07-27 21:39:42,471 - app.core.recording.continuous_recorder - INFO - Finalized segment for camera 3: camera_3_20250727_212942_600.avi (600s, 20344346 bytes)
2025-07-27 21:39:42,471 - app.core.recording.continuous_recorder - INFO - Using codec XVID for recording
2025-07-27 21:39:42,471 - app.core.recording.continuous_recorder - INFO - Started new segment for camera 3: camera_3_20250727_213942_600.mp4
2025-07-27 21:39:42,815 - __main__ - INFO - Health check complete. Active recordings: 1
2025-07-27 21:40:13,284 - __main__ - INFO - Health check complete. Active recordings: 1
2025-07-27 21:40:43,315 - __main__ - INFO - Health check complete. Active recordings: 1
2025-07-27 21:41:13,325 - __main__ - INFO - Health check complete. Active recordings: 1
2025-07-27 21:41:43,355 - __main__ - INFO - Health check complete. Active recordings: 1
2025-07-27 21:41:43,355 - __main__ - INFO - Storage summary: 126 segments, 2.5 GB used
2025-07-27 21:42:13,386 - __main__ - INFO - Health check complete. Active recordings: 1
2025-07-27 21:42:43,409 - __main__ - INFO - Health check complete. Active recordings: 1
2025-07-27 21:43:13,439 - __main__ - INFO - Health check complete. Active recordings: 1
2025-07-27 21:43:43,467 - __main__ - INFO - Health check complete. Active recordings: 1
2025-07-27 21:44:13,952 - __main__ - INFO - Health check complete. Active recordings: 1
2025-07-27 21:44:43,980 - __main__ - INFO - Health check complete. Active recordings: 1
2025-07-27 21:45:14,009 - __main__ - INFO - Health check complete. Active recordings: 1
2025-07-27 21:45:44,039 - __main__ - INFO - Health check complete. Active recordings: 1
2025-07-27 21:46:14,051 - __main__ - INFO - Health check complete. Active recordings: 1
2025-07-27 21:46:44,073 - __main__ - INFO - Health check complete. Active recordings: 1
2025-07-27 21:46:44,073 - __main__ - INFO - Storage summary: 126 segments, 2.5 GB used
2025-07-27 21:47:14,082 - __main__ - INFO - Health check complete. Active recordings: 1
2025-07-27 21:47:44,113 - __main__ - INFO - Health check complete. Active recordings: 1
2025-07-27 21:48:14,123 - __main__ - INFO - Health check complete. Active recordings: 1
2025-07-27 21:48:44,154 - __main__ - INFO - Health check complete. Active recordings: 1
2025-07-27 21:49:14,183 - __main__ - INFO - Health check complete. Active recordings: 1
2025-07-27 21:49:42,528 - app.core.recording.continuous_recorder - INFO - Finalized segment for camera 3: camera_3_20250727_213942_600.avi (600s, 20708818 bytes)
2025-07-27 21:49:42,528 - app.core.recording.continuous_recorder - INFO - Using codec XVID for recording
2025-07-27 21:49:42,528 - app.core.recording.continuous_recorder - INFO - Started new segment for camera 3: camera_3_20250727_214942_600.mp4
2025-07-27 21:49:44,214 - __main__ - INFO - Health check complete. Active recordings: 1
2025-07-27 21:50:14,243 - __main__ - INFO - Health check complete. Active recordings: 1
2025-07-27 21:50:44,271 - __main__ - INFO - Health check complete. Active recordings: 1
2025-07-27 21:51:14,299 - __main__ - INFO - Health check complete. Active recordings: 1
2025-07-27 21:51:44,330 - __main__ - INFO - Health check complete. Active recordings: 1
2025-07-27 21:51:44,331 - __main__ - INFO - Storage summary: 127 segments, 2.5 GB used
2025-07-27 21:52:14,362 - __main__ - INFO - Health check complete. Active recordings: 1
2025-07-27 21:52:44,393 - __main__ - INFO - Health check complete. Active recordings: 1
2025-07-27 21:53:14,423 - __main__ - INFO - Health check complete. Active recordings: 1
2025-07-27 21:53:44,451 - __main__ - INFO - Health check complete. Active recordings: 1
2025-07-27 21:54:14,482 - __main__ - INFO - Health check complete. Active recordings: 1
2025-07-27 21:54:44,508 - __main__ - INFO - Health check complete. Active recordings: 1
2025-07-27 21:55:14,539 - __main__ - INFO - Health check complete. Active recordings: 1
2025-07-27 21:55:44,570 - __main__ - INFO - Health check complete. Active recordings: 1
2025-07-27 21:56:14,600 - __main__ - INFO - Health check complete. Active recordings: 1
2025-07-27 21:56:44,634 - __main__ - INFO - Health check complete. Active recordings: 1
2025-07-27 21:56:44,635 - __main__ - INFO - Storage summary: 127 segments, 2.5 GB used
2025-07-27 21:57:14,672 - __main__ - INFO - Health check complete. Active recordings: 1
2025-07-27 21:57:44,699 - __main__ - INFO - Health check complete. Active recordings: 1
2025-07-27 21:58:14,743 - __main__ - INFO - Health check complete. Active recordings: 1
2025-07-27 21:58:44,796 - __main__ - INFO - Health check complete. Active recordings: 1
2025-07-27 21:59:14,819 - __main__ - INFO - Health check complete. Active recordings: 1
2025-07-27 21:59:42,582 - app.core.recording.continuous_recorder - INFO - Finalized segment for camera 3: camera_3_20250727_214942_600.avi (600s, 19553146 bytes)
2025-07-27 21:59:42,582 - app.core.recording.continuous_recorder - INFO - Using codec XVID for recording
2025-07-27 21:59:42,582 - app.core.recording.continuous_recorder - INFO - Started new segment for camera 3: camera_3_20250727_215942_600.mp4
2025-07-27 21:59:44,850 - __main__ - INFO - Health check complete. Active recordings: 1
2025-07-27 22:00:14,867 - __main__ - INFO - Health check complete. Active recordings: 1
2025-07-27 22:00:44,895 - __main__ - INFO - Health check complete. Active recordings: 1
2025-07-27 22:01:14,920 - __main__ - INFO - Health check complete. Active recordings: 1
2025-07-27 22:01:44,947 - __main__ - INFO - Health check complete. Active recordings: 1
2025-07-27 22:01:44,948 - __main__ - INFO - Storage summary: 128 segments, 2.5 GB used
2025-07-27 22:02:14,978 - __main__ - INFO - Health check complete. Active recordings: 1
2025-07-27 22:02:44,982 - __main__ - INFO - Health check complete. Active recordings: 1
2025-07-27 22:03:15,013 - __main__ - INFO - Health check complete. Active recordings: 1
2025-07-27 22:03:45,044 - __main__ - INFO - Health check complete. Active recordings: 1
2025-07-27 22:04:15,077 - __main__ - INFO - Health check complete. Active recordings: 1
2025-07-27 22:04:45,108 - __main__ - INFO - Health check complete. Active recordings: 1
2025-07-27 22:05:15,139 - __main__ - INFO - Health check complete. Active recordings: 1
2025-07-27 22:05:27,457 - app.core.storage.storage_manager - INFO - Storage Health: 128 segments, 2.5 GB used, 93.1% disk free
2025-07-27 22:05:45,165 - __main__ - INFO - Health check complete. Active recordings: 1
2025-07-27 22:06:15,196 - __main__ - INFO - Health check complete. Active recordings: 1
2025-07-27 22:06:45,225 - __main__ - INFO - Health check complete. Active recordings: 1
2025-07-27 22:06:45,226 - __main__ - INFO - Storage summary: 128 segments, 2.5 GB used
2025-07-27 22:07:15,255 - __main__ - INFO - Health check complete. Active recordings: 1
2025-07-27 22:07:45,281 - __main__ - INFO - Health check complete. Active recordings: 1
2025-07-27 22:08:15,311 - __main__ - INFO - Health check complete. Active recordings: 1
2025-07-27 22:08:45,339 - __main__ - INFO - Health check complete. Active recordings: 1
2025-07-27 22:09:15,367 - __main__ - INFO - Health check complete. Active recordings: 1
2025-07-27 22:09:42,693 - app.core.recording.continuous_recorder - INFO - Finalized segment for camera 3: camera_3_20250727_215942_600.avi (600s, 18765002 bytes)
2025-07-27 22:09:42,695 - app.core.recording.continuous_recorder - INFO - Using codec XVID for recording
2025-07-27 22:09:42,695 - app.core.recording.continuous_recorder - INFO - Started new segment for camera 3: camera_3_20250727_220942_600.mp4
2025-07-27 22:09:45,397 - __main__ - INFO - Health check complete. Active recordings: 1
2025-07-27 22:10:15,428 - __main__ - INFO - Health check complete. Active recordings: 1
2025-07-27 22:10:45,459 - __main__ - INFO - Health check complete. Active recordings: 1
2025-07-27 22:11:15,490 - __main__ - INFO - Health check complete. Active recordings: 1
2025-07-27 22:11:45,525 - __main__ - INFO - Health check complete. Active recordings: 1
2025-07-27 22:11:45,526 - __main__ - INFO - Storage summary: 129 segments, 2.5 GB used
2025-07-27 22:12:15,564 - __main__ - INFO - Health check complete. Active recordings: 1
2025-07-27 22:12:45,605 - __main__ - INFO - Health check complete. Active recordings: 1
2025-07-27 22:13:15,650 - __main__ - INFO - Health check complete. Active recordings: 1
2025-07-27 22:13:45,678 - __main__ - INFO - Health check complete. Active recordings: 1
2025-07-27 22:14:15,707 - __main__ - INFO - Health check complete. Active recordings: 1
2025-07-27 22:14:45,738 - __main__ - INFO - Health check complete. Active recordings: 1
2025-07-27 22:15:15,768 - __main__ - INFO - Health check complete. Active recordings: 1
2025-07-27 22:15:45,777 - __main__ - INFO - Health check complete. Active recordings: 1
2025-07-27 22:16:16,326 - __main__ - INFO - Health check complete. Active recordings: 1
2025-07-27 22:16:46,847 - __main__ - INFO - Health check complete. Active recordings: 1
2025-07-27 22:16:46,848 - __main__ - INFO - Storage summary: 129 segments, 2.5 GB used
2025-07-27 22:17:17,408 - __main__ - INFO - Health check complete. Active recordings: 1
2025-07-27 22:17:47,438 - __main__ - INFO - Health check complete. Active recordings: 1
2025-07-27 22:18:17,920 - __main__ - INFO - Health check complete. Active recordings: 1
2025-07-27 22:18:48,469 - __main__ - INFO - Health check complete. Active recordings: 1
2025-07-27 22:19:18,907 - __main__ - INFO - Health check complete. Active recordings: 1
2025-07-27 22:19:42,711 - app.core.recording.continuous_recorder - INFO - Finalized segment for camera 3: camera_3_20250727_220942_600.avi (600s, 19711304 bytes)
2025-07-27 22:19:42,711 - app.core.recording.continuous_recorder - INFO - Using codec XVID for recording
2025-07-27 22:19:42,712 - app.core.recording.continuous_recorder - INFO - Started new segment for camera 3: camera_3_20250727_221942_600.mp4
2025-07-27 22:19:49,441 - __main__ - INFO - Health check complete. Active recordings: 1
2025-07-27 22:20:19,947 - __main__ - INFO - Health check complete. Active recordings: 1
2025-07-27 22:20:50,480 - __main__ - INFO - Health check complete. Active recordings: 1
2025-07-27 22:21:21,013 - __main__ - INFO - Health check complete. Active recordings: 1
2025-07-27 22:21:51,517 - __main__ - INFO - Health check complete. Active recordings: 1
2025-07-27 22:21:51,517 - __main__ - INFO - Storage summary: 130 segments, 2.5 GB used
2025-07-27 22:22:21,957 - __main__ - INFO - Health check complete. Active recordings: 1
2025-07-27 22:22:52,454 - __main__ - INFO - Health check complete. Active recordings: 1
2025-07-27 22:23:22,944 - __main__ - INFO - Health check complete. Active recordings: 1
2025-07-27 22:23:53,442 - __main__ - INFO - Health check complete. Active recordings: 1
2025-07-27 22:24:23,939 - __main__ - INFO - Health check complete. Active recordings: 1
2025-07-27 22:24:53,969 - __main__ - INFO - Health check complete. Active recordings: 1
2025-07-27 22:25:24,463 - __main__ - INFO - Health check complete. Active recordings: 1
2025-07-27 22:25:54,957 - __main__ - INFO - Health check complete. Active recordings: 1
2025-07-27 22:26:25,658 - __main__ - INFO - Health check complete. Active recordings: 1
2025-07-27 22:26:56,145 - __main__ - INFO - Health check complete. Active recordings: 1
2025-07-27 22:26:56,145 - __main__ - INFO - Storage summary: 130 segments, 2.5 GB used
2025-07-27 22:27:26,585 - __main__ - INFO - Health check complete. Active recordings: 1
2025-07-27 22:27:57,037 - __main__ - INFO - Health check complete. Active recordings: 1
2025-07-27 22:28:27,591 - __main__ - INFO - Health check complete. Active recordings: 1
2025-07-27 22:28:57,599 - __main__ - INFO - Health check complete. Active recordings: 1
2025-07-27 22:29:28,082 - __main__ - INFO - Health check complete. Active recordings: 1
2025-07-27 22:29:42,796 - app.core.recording.continuous_recorder - INFO - Finalized segment for camera 3: camera_3_20250727_221942_600.avi (600s, 17149662 bytes)
2025-07-27 22:29:42,797 - app.core.recording.continuous_recorder - INFO - Using codec XVID for recording
2025-07-27 22:29:42,797 - app.core.recording.continuous_recorder - INFO - Started new segment for camera 3: camera_3_20250727_222942_600.mp4
2025-07-27 22:29:58,589 - __main__ - INFO - Health check complete. Active recordings: 1
2025-07-27 22:30:29,095 - __main__ - INFO - Health check complete. Active recordings: 1
2025-07-27 22:30:59,605 - __main__ - INFO - Health check complete. Active recordings: 1
2025-07-27 22:31:30,107 - __main__ - INFO - Health check complete. Active recordings: 1
2025-07-27 22:32:00,615 - __main__ - INFO - Health check complete. Active recordings: 1
2025-07-27 22:32:00,616 - __main__ - INFO - Storage summary: 131 segments, 2.6 GB used
2025-07-27 22:32:31,134 - __main__ - INFO - Health check complete. Active recordings: 1
2025-07-27 22:33:01,661 - __main__ - INFO - Health check complete. Active recordings: 1
2025-07-27 22:33:32,187 - __main__ - INFO - Health check complete. Active recordings: 1
2025-07-27 22:34:02,716 - __main__ - INFO - Health check complete. Active recordings: 1
2025-07-27 22:34:33,259 - __main__ - INFO - Health check complete. Active recordings: 1
2025-07-27 22:35:03,795 - __main__ - INFO - Health check complete. Active recordings: 1
2025-07-27 22:35:34,337 - __main__ - INFO - Health check complete. Active recordings: 1
2025-07-27 22:35:45,042 - app.core.storage.storage_manager - INFO - Starting storage cleanup...
2025-07-27 22:35:45,042 - app.core.storage.storage_manager - INFO - Cleanup complete: No recordings to clean up
2025-07-27 22:35:45,053 - app.core.storage.storage_manager - INFO - Storage Health: 131 segments, 2.6 GB used, 93.1% disk free
2025-07-27 22:36:04,864 - __main__ - INFO - Health check complete. Active recordings: 1
2025-07-27 22:36:34,895 - __main__ - INFO - Health check complete. Active recordings: 1
2025-07-27 22:37:05,480 - __main__ - INFO - Health check complete. Active recordings: 1
2025-07-27 22:37:05,480 - __main__ - INFO - Storage summary: 131 segments, 2.6 GB used
2025-07-27 22:37:36,002 - __main__ - INFO - Health check complete. Active recordings: 1
2025-07-27 22:38:06,608 - __main__ - INFO - Health check complete. Active recordings: 1
2025-07-27 22:38:37,155 - __main__ - INFO - Health check complete. Active recordings: 1
2025-07-27 22:39:07,721 - __main__ - INFO - Health check complete. Active recordings: 1
2025-07-27 22:39:38,301 - __main__ - INFO - Health check complete. Active recordings: 1
2025-07-27 22:39:42,869 - app.core.recording.continuous_recorder - INFO - Finalized segment for camera 3: camera_3_20250727_222942_600.avi (600s, 15159364 bytes)
2025-07-27 22:39:42,870 - app.core.recording.continuous_recorder - INFO - Using codec XVID for recording
2025-07-27 22:39:42,870 - app.core.recording.continuous_recorder - INFO - Started new segment for camera 3: camera_3_20250727_223942_600.mp4
2025-07-27 22:40:08,897 - __main__ - INFO - Health check complete. Active recordings: 1
2025-07-27 22:40:39,500 - __main__ - INFO - Health check complete. Active recordings: 1
2025-07-27 22:41:10,103 - __main__ - INFO - Health check complete. Active recordings: 1
2025-07-27 22:41:40,702 - __main__ - INFO - Health check complete. Active recordings: 1
2025-07-27 22:42:11,333 - __main__ - INFO - Health check complete. Active recordings: 1
2025-07-27 22:42:11,333 - __main__ - INFO - Storage summary: 132 segments, 2.6 GB used
2025-07-27 22:42:41,965 - __main__ - INFO - Health check complete. Active recordings: 1
2025-07-27 22:43:12,558 - __main__ - INFO - Health check complete. Active recordings: 1
2025-07-27 22:43:42,588 - __main__ - INFO - Health check complete. Active recordings: 1
2025-07-27 22:44:13,207 - __main__ - INFO - Health check complete. Active recordings: 1
2025-07-27 22:44:43,804 - __main__ - INFO - Health check complete. Active recordings: 1
2025-07-27 22:45:14,405 - __main__ - INFO - Health check complete. Active recordings: 1
2025-07-27 22:45:44,979 - __main__ - INFO - Health check complete. Active recordings: 1
2025-07-27 22:46:15,472 - __main__ - INFO - Health check complete. Active recordings: 1
2025-07-27 22:46:46,019 - __main__ - INFO - Health check complete. Active recordings: 1
2025-07-27 22:47:16,569 - __main__ - INFO - Health check complete. Active recordings: 1
2025-07-27 22:47:16,570 - __main__ - INFO - Storage summary: 132 segments, 2.6 GB used
2025-07-27 22:47:47,122 - __main__ - INFO - Health check complete. Active recordings: 1
2025-07-27 22:48:17,674 - __main__ - INFO - Health check complete. Active recordings: 1
2025-07-27 22:48:48,227 - __main__ - INFO - Health check complete. Active recordings: 1
2025-07-27 22:49:18,782 - __main__ - INFO - Health check complete. Active recordings: 1
2025-07-27 22:49:42,938 - app.core.recording.continuous_recorder - INFO - Finalized segment for camera 3: camera_3_20250727_223942_600.avi (600s, 15342618 bytes)
2025-07-27 22:49:42,939 - app.core.recording.continuous_recorder - INFO - Using codec XVID for recording
2025-07-27 22:49:42,939 - app.core.recording.continuous_recorder - INFO - Started new segment for camera 3: camera_3_20250727_224942_600.mp4
2025-07-27 22:49:49,333 - __main__ - INFO - Health check complete. Active recordings: 1
2025-07-27 22:50:19,887 - __main__ - INFO - Health check complete. Active recordings: 1
2025-07-27 22:50:50,442 - __main__ - INFO - Health check complete. Active recordings: 1
2025-07-27 22:51:20,472 - __main__ - INFO - Health check complete. Active recordings: 1
2025-07-27 22:51:51,022 - __main__ - INFO - Health check complete. Active recordings: 1
2025-07-27 22:52:21,871 - __main__ - INFO - Health check complete. Active recordings: 1
2025-07-27 22:52:21,872 - __main__ - INFO - Storage summary: 133 segments, 2.6 GB used
2025-07-27 22:52:52,381 - __main__ - INFO - Health check complete. Active recordings: 1
2025-07-27 22:53:22,951 - __main__ - INFO - Health check complete. Active recordings: 1
2025-07-27 22:53:53,519 - __main__ - INFO - Health check complete. Active recordings: 1
2025-07-27 22:54:24,042 - __main__ - INFO - Health check complete. Active recordings: 1
2025-07-27 22:54:54,073 - __main__ - INFO - Health check complete. Active recordings: 1
2025-07-27 22:55:24,638 - __main__ - INFO - Health check complete. Active recordings: 1
2025-07-27 22:55:55,201 - __main__ - INFO - Health check complete. Active recordings: 1
2025-07-27 22:56:25,771 - __main__ - INFO - Health check complete. Active recordings: 1
2025-07-27 22:56:56,340 - __main__ - INFO - Health check complete. Active recordings: 1
2025-07-27 22:57:26,913 - __main__ - INFO - Health check complete. Active recordings: 1
2025-07-27 22:57:26,913 - __main__ - INFO - Storage summary: 133 segments, 2.6 GB used
2025-07-27 22:57:57,492 - __main__ - INFO - Health check complete. Active recordings: 1
2025-07-27 22:58:28,076 - __main__ - INFO - Health check complete. Active recordings: 1
2025-07-27 22:58:58,686 - __main__ - INFO - Health check complete. Active recordings: 1
2025-07-27 22:59:29,248 - __main__ - INFO - Health check complete. Active recordings: 1
2025-07-27 22:59:43,042 - app.core.recording.continuous_recorder - INFO - Finalized segment for camera 3: camera_3_20250727_224942_600.avi (600s, 17660914 bytes)
2025-07-27 22:59:43,043 - app.core.recording.continuous_recorder - INFO - Using codec XVID for recording
2025-07-27 22:59:43,043 - app.core.recording.continuous_recorder - INFO - Started new segment for camera 3: camera_3_20250727_225943_600.mp4
2025-07-27 22:59:59,824 - __main__ - INFO - Health check complete. Active recordings: 1
2025-07-27 23:00:30,459 - __main__ - INFO - Health check complete. Active recordings: 1
2025-07-27 23:01:01,088 - __main__ - INFO - Health check complete. Active recordings: 1
2025-07-27 23:01:31,731 - __main__ - INFO - Health check complete. Active recordings: 1
2025-07-27 23:02:02,408 - __main__ - INFO - Health check complete. Active recordings: 1
2025-07-27 23:02:32,432 - __main__ - INFO - Health check complete. Active recordings: 1
2025-07-27 23:02:32,432 - __main__ - INFO - Storage summary: 134 segments, 2.6 GB used
2025-07-27 23:03:03,060 - __main__ - INFO - Health check complete. Active recordings: 1
2025-07-27 23:03:33,681 - __main__ - INFO - Health check complete. Active recordings: 1
2025-07-27 23:04:04,330 - __main__ - INFO - Health check complete. Active recordings: 1
2025-07-27 23:04:34,962 - __main__ - INFO - Health check complete. Active recordings: 1
2025-07-27 23:05:05,570 - __main__ - INFO - Health check complete. Active recordings: 1
2025-07-27 23:05:36,226 - __main__ - INFO - Health check complete. Active recordings: 1
2025-07-27 23:06:06,873 - __main__ - INFO - Health check complete. Active recordings: 1
2025-07-27 23:06:16,027 - app.core.storage.storage_manager - INFO - Storage Health: 134 segments, 2.6 GB used, 93.1% disk free
2025-07-27 23:06:37,512 - __main__ - INFO - Health check complete. Active recordings: 1
2025-07-27 23:07:08,134 - __main__ - INFO - Health check complete. Active recordings: 1
2025-07-27 23:07:38,662 - __main__ - INFO - Health check complete. Active recordings: 1
2025-07-27 23:07:38,662 - __main__ - INFO - Storage summary: 134 segments, 2.6 GB used
2025-07-27 23:08:09,226 - __main__ - INFO - Health check complete. Active recordings: 1
2025-07-27 23:08:39,821 - __main__ - INFO - Health check complete. Active recordings: 1
2025-07-27 23:09:10,416 - __main__ - INFO - Health check complete. Active recordings: 1
2025-07-27 23:09:40,446 - __main__ - INFO - Health check complete. Active recordings: 1
2025-07-27 23:09:43,169 - app.core.recording.continuous_recorder - INFO - Finalized segment for camera 3: camera_3_20250727_225943_600.avi (600s, 14019870 bytes)
2025-07-27 23:09:43,170 - app.core.recording.continuous_recorder - INFO - Using codec XVID for recording
2025-07-27 23:09:43,171 - app.core.recording.continuous_recorder - INFO - Started new segment for camera 3: camera_3_20250727_230943_600.mp4
2025-07-27 23:10:11,045 - __main__ - INFO - Health check complete. Active recordings: 1
2025-07-27 23:10:41,642 - __main__ - INFO - Health check complete. Active recordings: 1
2025-07-27 23:11:12,233 - __main__ - INFO - Health check complete. Active recordings: 1
2025-07-27 23:11:42,834 - __main__ - INFO - Health check complete. Active recordings: 1
2025-07-27 23:12:13,411 - __main__ - INFO - Health check complete. Active recordings: 1
2025-07-27 23:12:44,012 - __main__ - INFO - Health check complete. Active recordings: 1
2025-07-27 23:12:44,012 - __main__ - INFO - Storage summary: 135 segments, 2.6 GB used
2025-07-27 23:13:14,586 - __main__ - INFO - Health check complete. Active recordings: 1
2025-07-27 23:13:45,170 - __main__ - INFO - Health check complete. Active recordings: 1
2025-07-27 23:14:15,880 - __main__ - INFO - Health check complete. Active recordings: 1
2025-07-27 23:14:46,478 - __main__ - INFO - Health check complete. Active recordings: 1
2025-07-27 23:15:17,093 - __main__ - INFO - Health check complete. Active recordings: 1
2025-07-27 23:15:47,676 - __main__ - INFO - Health check complete. Active recordings: 1
2025-07-27 23:16:18,295 - __main__ - INFO - Health check complete. Active recordings: 1
2025-07-27 23:16:48,921 - __main__ - INFO - Health check complete. Active recordings: 1
2025-07-27 23:17:18,951 - __main__ - INFO - Health check complete. Active recordings: 1
2025-07-27 23:17:49,576 - __main__ - INFO - Health check complete. Active recordings: 1
2025-07-27 23:17:49,577 - __main__ - INFO - Storage summary: 135 segments, 2.6 GB used
2025-07-27 23:18:20,203 - __main__ - INFO - Health check complete. Active recordings: 1
2025-07-27 23:18:50,856 - __main__ - INFO - Health check complete. Active recordings: 1
2025-07-27 23:19:21,502 - __main__ - INFO - Health check complete. Active recordings: 1
2025-07-27 23:19:43,240 - app.core.recording.continuous_recorder - INFO - Finalized segment for camera 3: camera_3_20250727_230943_600.avi (600s, 13799172 bytes)
2025-07-27 23:19:43,241 - app.core.recording.continuous_recorder - INFO - Using codec XVID for recording
2025-07-27 23:19:43,241 - app.core.recording.continuous_recorder - INFO - Started new segment for camera 3: camera_3_20250727_231943_600.mp4
2025-07-27 23:19:52,135 - __main__ - INFO - Health check complete. Active recordings: 1
2025-07-27 23:20:22,821 - __main__ - INFO - Health check complete. Active recordings: 1
2025-07-27 23:20:53,472 - __main__ - INFO - Health check complete. Active recordings: 1
2025-07-27 23:21:24,120 - __main__ - INFO - Health check complete. Active recordings: 1
2025-07-27 23:21:54,793 - __main__ - INFO - Health check complete. Active recordings: 1
2025-07-27 23:22:25,497 - __main__ - INFO - Health check complete. Active recordings: 1
2025-07-27 23:22:56,197 - __main__ - INFO - Health check complete. Active recordings: 1
2025-07-27 23:22:56,197 - __main__ - INFO - Storage summary: 136 segments, 2.6 GB used
2025-07-27 23:23:26,895 - __main__ - INFO - Health check complete. Active recordings: 1
2025-07-27 23:23:56,926 - __main__ - INFO - Health check complete. Active recordings: 1
2025-07-27 23:24:27,677 - __main__ - INFO - Health check complete. Active recordings: 1
2025-07-27 23:24:58,131 - __main__ - INFO - Health check complete. Active recordings: 1
2025-07-27 23:25:28,640 - __main__ - INFO - Health check complete. Active recordings: 1
2025-07-27 23:25:59,168 - __main__ - INFO - Health check complete. Active recordings: 1
2025-07-27 23:26:29,676 - __main__ - INFO - Health check complete. Active recordings: 1
2025-07-27 23:27:00,217 - __main__ - INFO - Health check complete. Active recordings: 1
2025-07-27 23:27:30,705 - __main__ - INFO - Health check complete. Active recordings: 1
2025-07-27 23:28:01,181 - __main__ - INFO - Health check complete. Active recordings: 1
2025-07-27 23:28:01,181 - __main__ - INFO - Storage summary: 136 segments, 2.6 GB used
2025-07-27 23:28:31,187 - __main__ - INFO - Health check complete. Active recordings: 1
2025-07-27 23:29:01,658 - __main__ - INFO - Health check complete. Active recordings: 1
2025-07-27 23:29:32,182 - __main__ - INFO - Health check complete. Active recordings: 1
2025-07-27 23:29:43,369 - app.core.recording.continuous_recorder - INFO - Finalized segment for camera 3: camera_3_20250727_231943_600.avi (600s, 13827220 bytes)
2025-07-27 23:29:43,369 - app.core.recording.continuous_recorder - INFO - Using codec XVID for recording
2025-07-27 23:29:43,369 - app.core.recording.continuous_recorder - INFO - Started new segment for camera 3: camera_3_20250727_232943_600.mp4
2025-07-27 23:30:02,672 - __main__ - INFO - Health check complete. Active recordings: 1
2025-07-27 23:30:32,709 - __main__ - INFO - Health check complete. Active recordings: 1
2025-07-27 23:31:02,739 - __main__ - INFO - Health check complete. Active recordings: 1
2025-07-27 23:31:32,770 - __main__ - INFO - Health check complete. Active recordings: 1
2025-07-27 23:32:02,800 - __main__ - INFO - Health check complete. Active recordings: 1
2025-07-27 23:32:33,239 - __main__ - INFO - Health check complete. Active recordings: 1
2025-07-27 23:33:03,755 - __main__ - INFO - Health check complete. Active recordings: 1
2025-07-27 23:33:03,757 - __main__ - INFO - Storage summary: 137 segments, 2.6 GB used
2025-07-27 23:33:33,787 - __main__ - INFO - Health check complete. Active recordings: 1
2025-07-27 23:34:03,802 - __main__ - INFO - Health check complete. Active recordings: 1
2025-07-27 23:34:34,248 - __main__ - INFO - Health check complete. Active recordings: 1
2025-07-27 23:35:04,713 - __main__ - INFO - Health check complete. Active recordings: 1
2025-07-27 23:35:35,240 - __main__ - INFO - Health check complete. Active recordings: 1
2025-07-27 23:36:05,731 - __main__ - INFO - Health check complete. Active recordings: 1
2025-07-27 23:36:36,275 - __main__ - INFO - Health check complete. Active recordings: 1
2025-07-27 23:36:43,957 - app.core.storage.storage_manager - INFO - Starting storage cleanup...
2025-07-27 23:36:43,958 - app.core.storage.storage_manager - INFO - Cleanup complete: No recordings to clean up
2025-07-27 23:36:43,977 - app.core.storage.storage_manager - INFO - Storage Health: 137 segments, 2.6 GB used, 93.1% disk free
2025-07-27 23:37:06,792 - __main__ - INFO - Health check complete. Active recordings: 1
2025-07-27 23:37:37,350 - __main__ - INFO - Health check complete. Active recordings: 1
2025-07-27 23:38:07,926 - __main__ - INFO - Health check complete. Active recordings: 1
2025-07-27 23:38:07,927 - __main__ - INFO - Storage summary: 137 segments, 2.6 GB used
2025-07-27 23:38:38,596 - __main__ - INFO - Health check complete. Active recordings: 1
2025-07-27 23:39:09,121 - __main__ - INFO - Health check complete. Active recordings: 1
2025-07-27 23:39:39,130 - __main__ - INFO - Health check complete. Active recordings: 1
2025-07-27 23:39:43,435 - app.core.recording.continuous_recorder - INFO - Finalized segment for camera 3: camera_3_20250727_232943_600.avi (600s, 13684612 bytes)
2025-07-27 23:39:43,435 - app.core.recording.continuous_recorder - INFO - Using codec XVID for recording
2025-07-27 23:39:43,435 - app.core.recording.continuous_recorder - INFO - Started new segment for camera 3: camera_3_20250727_233943_600.mp4
2025-07-27 23:40:09,696 - __main__ - INFO - Health check complete. Active recordings: 1
2025-07-27 23:40:40,300 - __main__ - INFO - Health check complete. Active recordings: 1
2025-07-27 23:41:10,876 - __main__ - INFO - Health check complete. Active recordings: 1
2025-07-27 23:41:41,475 - __main__ - INFO - Health check complete. Active recordings: 1
2025-07-27 23:42:12,064 - __main__ - INFO - Health check complete. Active recordings: 1
2025-07-27 23:42:42,670 - __main__ - INFO - Health check complete. Active recordings: 1
2025-07-27 23:43:13,298 - __main__ - INFO - Health check complete. Active recordings: 1
2025-07-27 23:43:13,299 - __main__ - INFO - Storage summary: 138 segments, 2.7 GB used
2025-07-27 23:43:43,947 - __main__ - INFO - Health check complete. Active recordings: 1
2025-07-27 23:44:14,634 - __main__ - INFO - Health check complete. Active recordings: 1
2025-07-27 23:44:45,311 - __main__ - INFO - Health check complete. Active recordings: 1
2025-07-27 23:45:16,047 - __main__ - INFO - Health check complete. Active recordings: 1
2025-07-27 23:45:46,717 - __main__ - INFO - Health check complete. Active recordings: 1
2025-07-27 23:46:17,462 - __main__ - INFO - Health check complete. Active recordings: 1
2025-07-27 23:46:47,492 - __main__ - INFO - Health check complete. Active recordings: 1
2025-07-27 23:47:18,207 - __main__ - INFO - Health check complete. Active recordings: 1
2025-07-27 23:47:48,934 - __main__ - INFO - Health check complete. Active recordings: 1
2025-07-27 23:48:19,643 - __main__ - INFO - Health check complete. Active recordings: 1
2025-07-27 23:48:19,643 - __main__ - INFO - Storage summary: 138 segments, 2.7 GB used
2025-07-27 23:48:50,359 - __main__ - INFO - Health check complete. Active recordings: 1
2025-07-27 23:49:21,075 - __main__ - INFO - Health check complete. Active recordings: 1
2025-07-27 23:49:43,478 - app.core.recording.continuous_recorder - INFO - Finalized segment for camera 3: camera_3_20250727_233943_600.avi (600s, 13751042 bytes)
2025-07-27 23:49:43,479 - app.core.recording.continuous_recorder - INFO - Using codec XVID for recording
2025-07-27 23:49:43,479 - app.core.recording.continuous_recorder - INFO - Started new segment for camera 3: camera_3_20250727_234943_600.mp4
2025-07-27 23:49:51,787 - __main__ - INFO - Health check complete. Active recordings: 1
2025-07-27 23:50:22,519 - __main__ - INFO - Health check complete. Active recordings: 1
2025-07-27 23:50:53,247 - __main__ - INFO - Health check complete. Active recordings: 1
2025-07-27 23:51:23,975 - __main__ - INFO - Health check complete. Active recordings: 1
2025-07-27 23:51:54,676 - __main__ - INFO - Health check complete. Active recordings: 1
2025-07-27 23:52:25,391 - __main__ - INFO - Health check complete. Active recordings: 1
2025-07-27 23:52:56,093 - __main__ - INFO - Health check complete. Active recordings: 1
2025-07-27 23:53:26,778 - __main__ - INFO - Health check complete. Active recordings: 1
2025-07-27 23:53:26,778 - __main__ - INFO - Storage summary: 139 segments, 2.7 GB used
2025-07-27 23:53:56,805 - __main__ - INFO - Health check complete. Active recordings: 1
2025-07-27 23:54:27,678 - __main__ - INFO - Health check complete. Active recordings: 1
2025-07-27 23:54:58,328 - __main__ - INFO - Health check complete. Active recordings: 1
2025-07-27 23:55:28,977 - __main__ - INFO - Health check complete. Active recordings: 1
2025-07-27 23:55:59,630 - __main__ - INFO - Health check complete. Active recordings: 1
2025-07-27 23:56:30,283 - __main__ - INFO - Health check complete. Active recordings: 1
2025-07-27 23:57:00,938 - __main__ - INFO - Health check complete. Active recordings: 1
2025-07-27 23:57:31,577 - __main__ - INFO - Health check complete. Active recordings: 1
2025-07-27 23:58:01,607 - __main__ - INFO - Health check complete. Active recordings: 1
2025-07-27 23:58:32,260 - __main__ - INFO - Health check complete. Active recordings: 1
2025-07-27 23:58:32,261 - __main__ - INFO - Storage summary: 139 segments, 2.7 GB used
2025-07-27 23:59:02,919 - __main__ - INFO - Health check complete. Active recordings: 1
2025-07-27 23:59:33,576 - __main__ - INFO - Health check complete. Active recordings: 1
2025-07-27 23:59:43,601 - app.core.recording.continuous_recorder - INFO - Finalized segment for camera 3: camera_3_20250727_234943_600.avi (600s, 13755230 bytes)
2025-07-27 23:59:43,601 - app.core.recording.continuous_recorder - INFO - Using codec XVID for recording
2025-07-27 23:59:43,601 - app.core.recording.continuous_recorder - INFO - Started new segment for camera 3: camera_3_20250727_235943_600.mp4
2025-07-28 00:00:04,233 - __main__ - INFO - Health check complete. Active recordings: 1
2025-07-28 00:00:34,886 - __main__ - INFO - Health check complete. Active recordings: 1
2025-07-28 00:01:05,642 - __main__ - INFO - Health check complete. Active recordings: 1
2025-07-28 00:01:36,295 - __main__ - INFO - Health check complete. Active recordings: 1
2025-07-28 00:02:06,968 - __main__ - INFO - Health check complete. Active recordings: 1
2025-07-28 00:02:37,650 - __main__ - INFO - Health check complete. Active recordings: 1
2025-07-28 00:03:08,332 - __main__ - INFO - Health check complete. Active recordings: 1
2025-07-28 00:03:39,000 - __main__ - INFO - Health check complete. Active recordings: 1
2025-07-28 00:03:39,000 - __main__ - INFO - Storage summary: 140 segments, 2.7 GB used
2025-07-28 00:04:09,686 - __main__ - INFO - Health check complete. Active recordings: 1
2025-07-28 00:04:40,382 - __main__ - INFO - Health check complete. Active recordings: 1
2025-07-28 00:05:11,137 - __main__ - INFO - Health check complete. Active recordings: 1
2025-07-28 00:05:41,167 - __main__ - INFO - Health check complete. Active recordings: 1
2025-07-28 00:06:11,891 - __main__ - INFO - Health check complete. Active recordings: 1
2025-07-28 00:06:42,630 - __main__ - INFO - Health check complete. Active recordings: 1
2025-07-28 00:07:13,357 - __main__ - INFO - Health check complete. Active recordings: 1
2025-07-28 00:07:19,619 - app.core.storage.storage_manager - INFO - Storage Health: 140 segments, 2.7 GB used, 93.1% disk free
2025-07-28 00:07:44,085 - __main__ - INFO - Health check complete. Active recordings: 1
2025-07-28 00:08:14,846 - __main__ - INFO - Health check complete. Active recordings: 1
2025-07-28 00:08:45,582 - __main__ - INFO - Health check complete. Active recordings: 1
2025-07-28 00:08:45,582 - __main__ - INFO - Storage summary: 140 segments, 2.7 GB used
2025-07-28 00:09:16,373 - __main__ - INFO - Health check complete. Active recordings: 1
2025-07-28 00:09:43,650 - app.core.recording.continuous_recorder - INFO - Finalized segment for camera 3: camera_3_20250727_235943_600.avi (600s, 14248750 bytes)
2025-07-28 00:09:43,653 - app.core.recording.continuous_recorder - INFO - Using codec XVID for recording
2025-07-28 00:09:43,653 - app.core.recording.continuous_recorder - INFO - Started new segment for camera 3: camera_3_20250728_000943_600.mp4
2025-07-28 00:09:47,164 - __main__ - INFO - Health check complete. Active recordings: 1
2025-07-28 00:10:17,940 - __main__ - INFO - Health check complete. Active recordings: 1
2025-07-28 00:10:48,717 - __main__ - INFO - Health check complete. Active recordings: 1
2025-07-28 00:11:19,482 - __main__ - INFO - Health check complete. Active recordings: 1
2025-07-28 00:11:50,255 - __main__ - INFO - Health check complete. Active recordings: 1
2025-07-28 00:12:21,050 - __main__ - INFO - Health check complete. Active recordings: 1
2025-07-28 00:12:51,080 - __main__ - INFO - Health check complete. Active recordings: 1
2025-07-28 00:13:21,817 - __main__ - INFO - Health check complete. Active recordings: 1
2025-07-28 00:13:52,495 - __main__ - INFO - Health check complete. Active recordings: 1
2025-07-28 00:13:52,495 - __main__ - INFO - Storage summary: 141 segments, 2.7 GB used
2025-07-28 00:14:23,219 - __main__ - INFO - Health check complete. Active recordings: 1
2025-07-28 00:14:53,955 - __main__ - INFO - Health check complete. Active recordings: 1
2025-07-28 00:15:24,683 - __main__ - INFO - Health check complete. Active recordings: 1
2025-07-28 00:15:55,403 - __main__ - INFO - Health check complete. Active recordings: 1
2025-07-28 00:16:26,137 - __main__ - INFO - Health check complete. Active recordings: 1
2025-07-28 00:16:56,846 - __main__ - INFO - Health check complete. Active recordings: 1
2025-07-28 00:17:27,584 - __main__ - INFO - Health check complete. Active recordings: 1
2025-07-28 00:17:58,308 - __main__ - INFO - Health check complete. Active recordings: 1
2025-07-28 00:18:29,027 - __main__ - INFO - Health check complete. Active recordings: 1
2025-07-28 00:18:59,729 - __main__ - INFO - Health check complete. Active recordings: 1
2025-07-28 00:18:59,729 - __main__ - INFO - Storage summary: 141 segments, 2.7 GB used
2025-07-28 00:19:30,416 - __main__ - INFO - Health check complete. Active recordings: 1
2025-07-28 00:19:43,699 - app.core.recording.continuous_recorder - INFO - Finalized segment for camera 3: camera_3_20250728_000943_600.avi (600s, 14039692 bytes)
2025-07-28 00:19:43,700 - app.core.recording.continuous_recorder - INFO - Using codec XVID for recording
2025-07-28 00:19:43,700 - app.core.recording.continuous_recorder - INFO - Started new segment for camera 3: camera_3_20250728_001943_600.mp4
2025-07-28 00:20:01,083 - __main__ - INFO - Health check complete. Active recordings: 1
2025-07-28 00:20:31,101 - __main__ - INFO - Health check complete. Active recordings: 1
2025-07-28 00:21:01,774 - __main__ - INFO - Health check complete. Active recordings: 1
2025-07-28 00:21:32,729 - __main__ - INFO - Health check complete. Active recordings: 1
2025-07-28 00:22:03,467 - __main__ - INFO - Health check complete. Active recordings: 1
2025-07-28 00:22:34,149 - __main__ - INFO - Health check complete. Active recordings: 1
2025-07-28 00:23:04,909 - __main__ - INFO - Health check complete. Active recordings: 1
2025-07-28 00:23:35,620 - __main__ - INFO - Health check complete. Active recordings: 1
2025-07-28 00:24:06,365 - __main__ - INFO - Health check complete. Active recordings: 1
2025-07-28 00:24:06,366 - __main__ - INFO - Storage summary: 142 segments, 2.7 GB used
2025-07-28 00:24:37,110 - __main__ - INFO - Health check complete. Active recordings: 1
2025-07-28 00:25:07,838 - __main__ - INFO - Health check complete. Active recordings: 1
2025-07-28 00:25:38,617 - __main__ - INFO - Health check complete. Active recordings: 1
2025-07-28 00:26:09,400 - __main__ - INFO - Health check complete. Active recordings: 1
2025-07-28 00:26:40,167 - __main__ - INFO - Health check complete. Active recordings: 1
2025-07-28 00:27:10,998 - __main__ - INFO - Health check complete. Active recordings: 1
2025-07-28 00:27:41,027 - __main__ - INFO - Health check complete. Active recordings: 1
2025-07-28 00:28:11,827 - __main__ - INFO - Health check complete. Active recordings: 1
2025-07-28 00:28:42,614 - __main__ - INFO - Health check complete. Active recordings: 1
2025-07-28 00:29:13,392 - __main__ - INFO - Health check complete. Active recordings: 1
2025-07-28 00:29:13,392 - __main__ - INFO - Storage summary: 142 segments, 2.7 GB used
2025-07-28 00:29:43,723 - app.core.recording.continuous_recorder - INFO - Finalized segment for camera 3: camera_3_20250728_001943_600.avi (600s, 13779486 bytes)
2025-07-28 00:29:43,724 - app.core.recording.continuous_recorder - INFO - Using codec XVID for recording
2025-07-28 00:29:43,724 - app.core.recording.continuous_recorder - INFO - Started new segment for camera 3: camera_3_20250728_002943_600.mp4
2025-07-28 00:29:44,251 - __main__ - INFO - Health check complete. Active recordings: 1
2025-07-28 00:30:15,083 - __main__ - INFO - Health check complete. Active recordings: 1
2025-07-28 00:30:45,958 - __main__ - INFO - Health check complete. Active recordings: 1
2025-07-28 00:31:16,845 - __main__ - INFO - Health check complete. Active recordings: 1
2025-07-28 00:31:47,669 - __main__ - INFO - Health check complete. Active recordings: 1
2025-07-28 00:32:18,429 - __main__ - INFO - Health check complete. Active recordings: 1
2025-07-28 00:32:49,284 - __main__ - INFO - Health check complete. Active recordings: 1
2025-07-28 00:33:20,110 - __main__ - INFO - Health check complete. Active recordings: 1
2025-07-28 00:33:50,935 - __main__ - INFO - Health check complete. Active recordings: 1
2025-07-28 00:34:21,737 - __main__ - INFO - Health check complete. Active recordings: 1
2025-07-28 00:34:21,738 - __main__ - INFO - Storage summary: 143 segments, 2.7 GB used
2025-07-28 00:34:52,565 - __main__ - INFO - Health check complete. Active recordings: 1
2025-07-28 00:35:22,593 - __main__ - INFO - Health check complete. Active recordings: 1
2025-07-28 00:35:53,394 - __main__ - INFO - Health check complete. Active recordings: 1
2025-07-28 00:36:24,195 - __main__ - INFO - Health check complete. Active recordings: 1
2025-07-28 00:36:54,994 - __main__ - INFO - Health check complete. Active recordings: 1
2025-07-28 00:37:25,773 - __main__ - INFO - Health check complete. Active recordings: 1
2025-07-28 00:37:56,527 - __main__ - INFO - Health check complete. Active recordings: 1
2025-07-28 00:38:01,310 - app.core.storage.storage_manager - INFO - Starting storage cleanup...
2025-07-28 00:38:01,310 - app.core.storage.storage_manager - INFO - Cleanup complete: No recordings to clean up
2025-07-28 00:38:01,333 - app.core.storage.storage_manager - INFO - Storage Health: 143 segments, 2.7 GB used, 93.1% disk free
2025-07-28 00:38:27,293 - __main__ - INFO - Health check complete. Active recordings: 1
2025-07-28 00:38:58,018 - __main__ - INFO - Health check complete. Active recordings: 1
2025-07-28 00:39:28,643 - __main__ - INFO - Health check complete. Active recordings: 1
2025-07-28 00:39:28,643 - __main__ - INFO - Storage summary: 143 segments, 2.7 GB used
2025-07-28 00:39:43,781 - app.core.recording.continuous_recorder - INFO - Finalized segment for camera 3: camera_3_20250728_002943_600.avi (600s, 13640372 bytes)
2025-07-28 00:39:43,782 - app.core.recording.continuous_recorder - INFO - Using codec XVID for recording
2025-07-28 00:39:43,782 - app.core.recording.continuous_recorder - INFO - Started new segment for camera 3: camera_3_20250728_003943_600.mp4
2025-07-28 00:39:59,274 - __main__ - INFO - Health check complete. Active recordings: 1
2025-07-28 00:40:30,131 - __main__ - INFO - Health check complete. Active recordings: 1
2025-07-28 00:41:00,860 - __main__ - INFO - Health check complete. Active recordings: 1
2025-07-28 00:41:31,636 - __main__ - INFO - Health check complete. Active recordings: 1
2025-07-28 00:42:02,389 - __main__ - INFO - Health check complete. Active recordings: 1
2025-07-28 00:42:32,419 - __main__ - INFO - Health check complete. Active recordings: 1
2025-07-28 00:43:03,221 - __main__ - INFO - Health check complete. Active recordings: 1
2025-07-28 00:43:33,964 - __main__ - INFO - Health check complete. Active recordings: 1
2025-07-28 00:44:04,749 - __main__ - INFO - Health check complete. Active recordings: 1
2025-07-28 00:44:35,550 - __main__ - INFO - Health check complete. Active recordings: 1
2025-07-28 00:44:35,551 - __main__ - INFO - Storage summary: 144 segments, 2.7 GB used
2025-07-28 00:45:05,556 - __main__ - INFO - Health check complete. Active recordings: 1
2025-07-28 00:45:35,580 - __main__ - INFO - Health check complete. Active recordings: 1
2025-07-28 00:46:05,588 - __main__ - INFO - Health check complete. Active recordings: 1
2025-07-28 00:46:35,619 - __main__ - INFO - Health check complete. Active recordings: 1
2025-07-28 00:47:05,648 - __main__ - INFO - Health check complete. Active recordings: 1
2025-07-28 00:47:15,462 - app.core.recording.continuous_recorder - WARNING - Lost connection to camera 3, reconnecting...
2025-07-28 00:47:16,464 - app.core.recording.continuous_recorder - INFO - Connecting to camera 3 at rtsp://admin:Mekus_1987@10.0.0.181:554/h264Preview_01_sub
2025-07-28 00:47:20,002 - app.core.recording.continuous_recorder - ERROR - Capture error for camera 3: Failed to open camera stream
2025-07-28 00:47:25,002 - app.core.recording.continuous_recorder - INFO - Connecting to camera 3 at rtsp://admin:Mekus_1987@10.0.0.181:554/h264Preview_01_sub
2025-07-28 00:47:25,012 - app.core.recording.continuous_recorder - ERROR - Capture error for camera 3: Failed to open camera stream
2025-07-28 00:47:30,012 - app.core.recording.continuous_recorder - INFO - Connecting to camera 3 at rtsp://admin:Mekus_1987@10.0.0.181:554/h264Preview_01_sub
2025-07-28 00:47:32,003 - app.core.recording.continuous_recorder - ERROR - Capture error for camera 3: Failed to open camera stream
2025-07-28 00:47:35,676 - __main__ - INFO - Health check complete. Active recordings: 1
2025-07-28 00:47:37,003 - app.core.recording.continuous_recorder - INFO - Connecting to camera 3 at rtsp://admin:Mekus_1987@10.0.0.181:554/h264Preview_01_sub
2025-07-28 00:47:42,008 - app.core.recording.continuous_recorder - ERROR - Capture error for camera 3: Failed to open camera stream
2025-07-28 00:47:47,008 - app.core.recording.continuous_recorder - INFO - Connecting to camera 3 at rtsp://admin:Mekus_1987@10.0.0.181:554/h264Preview_01_sub
2025-07-28 00:47:49,503 - app.core.recording.continuous_recorder - ERROR - Capture error for camera 3: Failed to open camera stream
2025-07-28 00:47:54,504 - app.core.recording.continuous_recorder - INFO - Connecting to camera 3 at rtsp://admin:Mekus_1987@10.0.0.181:554/h264Preview_01_sub
2025-07-28 00:47:57,003 - app.core.recording.continuous_recorder - ERROR - Capture error for camera 3: Failed to open camera stream
2025-07-28 00:48:02,003 - app.core.recording.continuous_recorder - INFO - Connecting to camera 3 at rtsp://admin:Mekus_1987@10.0.0.181:554/h264Preview_01_sub
2025-07-28 00:48:05,678 - __main__ - INFO - Health check complete. Active recordings: 1
2025-07-28 00:48:32,038 - app.core.recording.continuous_recorder - ERROR - Capture error for camera 3: Failed to open camera stream
2025-07-28 00:48:35,709 - __main__ - INFO - Health check complete. Active recordings: 1
2025-07-28 00:48:37,039 - app.core.recording.continuous_recorder - INFO - Connecting to camera 3 at rtsp://admin:Mekus_1987@10.0.0.181:554/h264Preview_01_sub
2025-07-28 00:49:05,740 - __main__ - INFO - Health check complete. Active recordings: 1
2025-07-28 00:49:07,131 - app.core.recording.continuous_recorder - INFO - Successfully connected to camera 3
2025-07-28 00:49:35,768 - __main__ - INFO - Health check complete. Active recordings: 1
2025-07-28 00:49:35,769 - __main__ - INFO - Storage summary: 144 segments, 2.7 GB used
2025-07-28 00:50:05,801 - __main__ - INFO - Health check complete. Active recordings: 1
2025-07-28 00:50:11,313 - app.core.recording.continuous_recorder - INFO - Finalized segment for camera 3: camera_3_20250728_003943_600.avi (627s, 9315728 bytes)
2025-07-28 00:50:11,314 - app.core.recording.continuous_recorder - INFO - Using codec XVID for recording
2025-07-28 00:50:11,314 - app.core.recording.continuous_recorder - INFO - Started new segment for camera 3: camera_3_20250728_005011_600.mp4
2025-07-28 00:50:35,833 - __main__ - INFO - Health check complete. Active recordings: 1
2025-07-28 00:50:56,089 - app.core.recording.continuous_recorder - WARNING - Lost connection to camera 3, reconnecting...
2025-07-28 00:50:57,091 - app.core.recording.continuous_recorder - INFO - Connecting to camera 3 at rtsp://admin:Mekus_1987@10.0.0.181:554/h264Preview_01_sub
2025-07-28 00:51:05,863 - __main__ - INFO - Health check complete. Active recordings: 1
2025-07-28 00:51:27,190 - app.core.recording.continuous_recorder - INFO - Successfully connected to camera 3
2025-07-28 00:51:35,871 - __main__ - INFO - Health check complete. Active recordings: 1
2025-07-28 00:52:05,902 - __main__ - INFO - Health check complete. Active recordings: 1
2025-07-28 00:52:35,932 - __main__ - INFO - Health check complete. Active recordings: 1
2025-07-28 00:53:05,963 - __main__ - INFO - Health check complete. Active recordings: 1
2025-07-28 00:53:35,995 - __main__ - INFO - Health check complete. Active recordings: 1
2025-07-28 00:54:06,026 - __main__ - INFO - Health check complete. Active recordings: 1
2025-07-28 00:54:36,530 - __main__ - INFO - Health check complete. Active recordings: 1
2025-07-28 00:54:36,531 - __main__ - INFO - Storage summary: 145 segments, 2.7 GB used
2025-07-28 00:55:06,562 - __main__ - INFO - Health check complete. Active recordings: 1
2025-07-28 00:55:36,593 - __main__ - INFO - Health check complete. Active recordings: 1
2025-07-28 00:56:06,623 - __main__ - INFO - Health check complete. Active recordings: 1
2025-07-28 00:56:12,630 - app.core.recording.continuous_recorder - WARNING - Lost connection to camera 3, reconnecting...
2025-07-28 00:56:13,632 - app.core.recording.continuous_recorder - INFO - Connecting to camera 3 at rtsp://admin:Mekus_1987@10.0.0.181:554/h264Preview_01_sub
2025-07-28 00:56:26,894 - app.core.recording.continuous_recorder - INFO - Successfully connected to camera 3
2025-07-28 00:56:36,654 - __main__ - INFO - Health check complete. Active recordings: 1
2025-07-28 00:57:06,685 - __main__ - INFO - Health check complete. Active recordings: 1
2025-07-28 00:57:36,716 - __main__ - INFO - Health check complete. Active recordings: 1
2025-07-28 00:57:57,726 - app.core.recording.continuous_recorder - WARNING - Lost connection to camera 3, reconnecting...
2025-07-28 00:57:58,728 - app.core.recording.continuous_recorder - INFO - Connecting to camera 3 at rtsp://admin:Mekus_1987@10.0.0.181:554/h264Preview_01_sub
2025-07-28 00:58:07,224 - __main__ - INFO - Health check complete. Active recordings: 1
2025-07-28 10:41:52,483 - app.core.recording.continuous_recorder - ERROR - Capture error for camera 3: Failed to open camera stream
2025-07-28 10:41:57,483 - app.core.recording.continuous_recorder - INFO - Connecting to camera 3 at rtsp://admin:Mekus_1987@10.0.0.181:554/h264Preview_01_sub
2025-07-28 10:42:00,480 - __main__ - INFO - Health check complete. Active recordings: 1
2025-07-28 10:42:26,302 - app.core.recording.continuous_recorder - ERROR - Capture error for camera 3: Failed to open camera stream
2025-07-28 10:42:29,303 - __main__ - INFO - Health check complete. Active recordings: 1
2025-07-28 10:42:31,303 - app.core.recording.continuous_recorder - INFO - Connecting to camera 3 at rtsp://admin:Mekus_1987@10.0.0.181:554/h264Preview_01_sub
2025-07-28 10:42:58,216 - __main__ - INFO - Health check complete. Active recordings: 1
2025-07-28 10:42:58,216 - __main__ - INFO - Storage summary: 145 segments, 2.7 GB used
2025-07-28 10:43:00,192 - app.core.recording.continuous_recorder - ERROR - Capture error for camera 3: Failed to open camera stream
2025-07-28 10:43:05,192 - app.core.recording.continuous_recorder - INFO - Connecting to camera 3 at rtsp://admin:Mekus_1987@10.0.0.181:554/h264Preview_01_sub
2025-07-28 10:43:27,010 - __main__ - INFO - Health check complete. Active recordings: 1
2025-07-28 10:43:34,050 - app.core.recording.continuous_recorder - ERROR - Capture error for camera 3: Failed to open camera stream
2025-07-28 10:43:39,050 - app.core.recording.continuous_recorder - INFO - Connecting to camera 3 at rtsp://admin:Mekus_1987@10.0.0.181:554/h264Preview_01_sub
2025-07-28 10:43:57,030 - __main__ - INFO - Health check complete. Active recordings: 1
2025-07-28 10:44:07,703 - app.core.recording.continuous_recorder - ERROR - Capture error for camera 3: Failed to open camera stream
2025-07-28 10:44:12,704 - app.core.recording.continuous_recorder - INFO - Connecting to camera 3 at rtsp://admin:Mekus_1987@10.0.0.181:554/h264Preview_01_sub
2025-07-28 10:44:25,700 - __main__ - INFO - Health check complete. Active recordings: 1
2025-07-28 10:44:41,401 - app.core.recording.continuous_recorder - INFO - Successfully connected to camera 3
2025-07-28 10:44:41,416 - app.core.recording.continuous_recorder - INFO - Finalized segment for camera 3: camera_3_20250728_005011_600.avi (35670s, 885708 bytes)
2025-07-28 10:44:41,417 - app.core.recording.continuous_recorder - INFO - Using codec XVID for recording
2025-07-28 10:44:41,417 - app.core.recording.continuous_recorder - INFO - Started new segment for camera 3: camera_3_20250728_104441_600.mp4
2025-07-28 10:44:54,325 - __main__ - INFO - Health check complete. Active recordings: 1
2025-07-28 10:45:23,076 - __main__ - INFO - Health check complete. Active recordings: 1
2025-07-28 10:45:38,947 - app.core.recording.continuous_recorder - WARNING - Lost connection to camera 3, reconnecting...
2025-07-28 10:45:39,949 - app.core.recording.continuous_recorder - INFO - Connecting to camera 3 at rtsp://admin:Mekus_1987@10.0.0.181:554/h264Preview_01_sub
2025-07-28 10:45:51,836 - __main__ - INFO - Health check complete. Active recordings: 1
2025-07-28 10:46:08,645 - app.core.recording.continuous_recorder - ERROR - Capture error for camera 3: Failed to open camera stream
2025-07-28 10:46:13,645 - app.core.recording.continuous_recorder - INFO - Connecting to camera 3 at rtsp://admin:Mekus_1987@10.0.0.181:554/h264Preview_01_sub
2025-07-28 10:46:20,528 - __main__ - INFO - Health check complete. Active recordings: 1
2025-07-28 10:46:42,343 - app.core.recording.continuous_recorder - INFO - Successfully connected to camera 3
2025-07-28 10:46:49,248 - __main__ - INFO - Health check complete. Active recordings: 1
2025-07-28 10:47:17,999 - __main__ - INFO - Health check complete. Active recordings: 1
2025-07-28 10:47:46,712 - __main__ - INFO - Health check complete. Active recordings: 1
2025-07-28 10:47:46,713 - __main__ - INFO - Storage summary: 146 segments, 2.7 GB used
2025-07-28 10:48:15,455 - __main__ - INFO - Health check complete. Active recordings: 1
2025-07-28 10:48:44,157 - __main__ - INFO - Health check complete. Active recordings: 1
2025-07-28 10:49:05,919 - app.core.recording.continuous_recorder - WARNING - Lost connection to camera 3, reconnecting...
2025-07-28 10:49:06,926 - app.core.recording.continuous_recorder - INFO - Connecting to camera 3 at rtsp://admin:Mekus_1987@10.0.0.181:554/h264Preview_01_sub
2025-07-28 10:49:12,900 - __main__ - INFO - Health check complete. Active recordings: 1
2025-07-28 10:49:36,983 - app.core.recording.continuous_recorder - ERROR - Capture error for camera 3: Failed to open camera stream
2025-07-28 10:49:40,477 - app.core.recording.continuous_recorder - INFO - Connecting to camera 3 at rtsp://admin:Mekus_1987@10.0.0.181:554/h264Preview_01_sub
2025-07-28 10:49:41,416 - __main__ - INFO - Health check complete. Active recordings: 1
2025-07-28 10:50:09,237 - app.core.recording.continuous_recorder - INFO - Successfully connected to camera 3
2025-07-28 10:50:10,140 - __main__ - INFO - Health check complete. Active recordings: 1
2025-07-28 10:50:38,672 - __main__ - INFO - Health check complete. Active recordings: 1
2025-07-28 10:50:55,985 - app.core.recording.continuous_recorder - WARNING - Lost connection to camera 3, reconnecting...
2025-07-28 10:50:56,988 - app.core.recording.continuous_recorder - INFO - Connecting to camera 3 at rtsp://admin:Mekus_1987@10.0.0.181:554/h264Preview_01_sub
2025-07-28 10:51:08,684 - __main__ - INFO - Health check complete. Active recordings: 1
2025-07-28 10:51:10,604 - app.core.storage.storage_manager - INFO - Storage Health: 146 segments, 2.7 GB used, 93.1% disk free
2025-07-28 10:51:25,594 - app.core.recording.continuous_recorder - INFO - Successfully connected to camera 3
2025-07-28 10:51:37,267 - __main__ - INFO - Health check complete. Active recordings: 1
2025-07-28 10:52:05,947 - __main__ - INFO - Health check complete. Active recordings: 1
2025-07-28 10:52:08,324 - app.core.recording.continuous_recorder - WARNING - Lost connection to camera 3, reconnecting...
2025-07-28 10:52:09,329 - app.core.recording.continuous_recorder - INFO - Connecting to camera 3 at rtsp://admin:Mekus_1987@10.0.0.181:554/h264Preview_01_sub
2025-07-28 10:52:34,584 - __main__ - INFO - Health check complete. Active recordings: 1
2025-07-28 10:52:34,584 - __main__ - INFO - Storage summary: 146 segments, 2.7 GB used
2025-07-28 10:52:38,053 - app.core.recording.continuous_recorder - ERROR - Capture error for camera 3: Failed to open camera stream
2025-07-28 10:52:41,685 - app.core.recording.continuous_recorder - INFO - Connecting to camera 3 at rtsp://admin:Mekus_1987@10.0.0.181:554/h264Preview_01_sub
2025-07-28 10:53:03,228 - __main__ - INFO - Health check complete. Active recordings: 1
2025-07-28 10:53:11,701 - app.core.recording.continuous_recorder - ERROR - Capture error for camera 3: Failed to open camera stream
2025-07-28 10:53:15,211 - app.core.recording.continuous_recorder - INFO - Connecting to camera 3 at rtsp://admin:Mekus_1987@10.0.0.181:554/h264Preview_01_sub
2025-07-28 10:53:31,738 - __main__ - INFO - Health check complete. Active recordings: 1
2025-07-28 10:53:43,669 - app.core.recording.continuous_recorder - INFO - Successfully connected to camera 3
2025-07-28 10:54:00,156 - __main__ - INFO - Health check complete. Active recordings: 1
2025-07-28 10:54:28,698 - __main__ - INFO - Health check complete. Active recordings: 1
2025-07-28 10:54:42,281 - app.core.recording.continuous_recorder - WARNING - Lost connection to camera 3, reconnecting...
2025-07-28 10:54:43,283 - app.core.recording.continuous_recorder - INFO - Connecting to camera 3 at rtsp://admin:Mekus_1987@10.0.0.181:554/h264Preview_01_sub
2025-07-28 10:54:57,343 - __main__ - INFO - Health check complete. Active recordings: 1
2025-07-28 10:55:11,973 - app.core.recording.continuous_recorder - ERROR - Capture error for camera 3: Failed to open camera stream
2025-07-28 10:55:15,535 - app.core.recording.continuous_recorder - INFO - Connecting to camera 3 at rtsp://admin:Mekus_1987@10.0.0.181:554/h264Preview_01_sub
2025-07-28 10:55:25,914 - __main__ - INFO - Health check complete. Active recordings: 1
2025-07-28 10:55:45,608 - app.core.recording.continuous_recorder - INFO - Successfully connected to camera 3
2025-07-28 10:55:45,623 - app.core.recording.continuous_recorder - INFO - Finalized segment for camera 3: camera_3_20250728_104441_600.avi (664s, 3534660 bytes)
2025-07-28 10:55:45,624 - app.core.recording.continuous_recorder - INFO - Using codec XVID for recording
2025-07-28 10:55:45,624 - app.core.recording.continuous_recorder - INFO - Started new segment for camera 3: camera_3_20250728_105545_600.mp4
2025-07-28 10:55:54,507 - __main__ - INFO - Health check complete. Active recordings: 1
2025-07-28 10:56:23,071 - __main__ - INFO - Health check complete. Active recordings: 1
2025-07-28 10:56:42,779 - app.core.recording.continuous_recorder - WARNING - Lost connection to camera 3, reconnecting...
2025-07-28 10:56:43,797 - app.core.recording.continuous_recorder - INFO - Connecting to camera 3 at rtsp://admin:Mekus_1987@10.0.0.181:554/h264Preview_01_sub
2025-07-28 10:56:51,567 - __main__ - INFO - Health check complete. Active recordings: 1
2025-07-28 10:57:12,304 - app.core.recording.continuous_recorder - INFO - Successfully connected to camera 3
2025-07-28 10:57:20,152 - __main__ - INFO - Health check complete. Active recordings: 1
2025-07-28 10:57:20,152 - __main__ - INFO - Storage summary: 147 segments, 2.7 GB used
2025-07-28 10:57:50,180 - __main__ - INFO - Health check complete. Active recordings: 1
2025-07-28 10:58:09,446 - app.core.recording.continuous_recorder - WARNING - Lost connection to camera 3, reconnecting...
2025-07-28 10:58:10,449 - app.core.recording.continuous_recorder - INFO - Connecting to camera 3 at rtsp://admin:Mekus_1987@10.0.0.181:554/h264Preview_01_sub
2025-07-28 10:58:15,024 - app.core.recording.continuous_recorder - INFO - Successfully connected to camera 3
2025-07-28 10:58:18,745 - __main__ - INFO - Health check complete. Active recordings: 1
2025-07-28 10:58:47,296 - __main__ - INFO - Health check complete. Active recordings: 1
2025-07-28 10:59:15,741 - __main__ - INFO - Health check complete. Active recordings: 1
2025-07-28 10:59:44,243 - __main__ - INFO - Health check complete. Active recordings: 1
2025-07-28 11:00:12,803 - __main__ - INFO - Health check complete. Active recordings: 1
2025-07-28 11:00:41,355 - __main__ - INFO - Health check complete. Active recordings: 1
2025-07-28 11:01:09,888 - __main__ - INFO - Health check complete. Active recordings: 1
2025-07-28 11:01:38,439 - __main__ - INFO - Health check complete. Active recordings: 1
2025-07-28 11:02:06,958 - __main__ - INFO - Health check complete. Active recordings: 1
2025-07-28 11:02:06,959 - __main__ - INFO - Storage summary: 147 segments, 2.7 GB used
2025-07-28 11:02:35,404 - __main__ - INFO - Health check complete. Active recordings: 1
2025-07-28 11:03:03,905 - __main__ - INFO - Health check complete. Active recordings: 1
2025-07-28 11:03:32,430 - __main__ - INFO - Health check complete. Active recordings: 1
2025-07-28 11:04:00,964 - __main__ - INFO - Health check complete. Active recordings: 1
2025-07-28 11:04:29,396 - __main__ - INFO - Health check complete. Active recordings: 1
2025-07-28 11:04:59,424 - __main__ - INFO - Health check complete. Active recordings: 1
2025-07-28 11:05:27,802 - __main__ - INFO - Health check complete. Active recordings: 1
2025-07-28 11:05:45,681 - app.core.recording.continuous_recorder - INFO - Finalized segment for camera 3: camera_3_20250728_105545_600.avi (600s, 24221566 bytes)
2025-07-28 11:05:45,682 - app.core.recording.continuous_recorder - INFO - Using codec XVID for recording
2025-07-28 11:05:45,682 - app.core.recording.continuous_recorder - INFO - Started new segment for camera 3: camera_3_20250728_110545_600.mp4
2025-07-28 11:05:56,287 - __main__ - INFO - Health check complete. Active recordings: 1
2025-07-28 11:06:24,844 - __main__ - INFO - Health check complete. Active recordings: 1
2025-07-29 01:04:53,762 - __main__ - INFO - Loaded storage configuration from config/storage_settings.json
2025-07-29 01:04:53,762 - __main__ - INFO - Retention: 30 days
2025-07-29 01:04:53,762 - __main__ - INFO - Cleanup interval: 1 hours
2025-07-29 01:04:53,762 - app.core.storage.storage_manager - INFO - Storage manager initialized with base path: recordings
2025-07-29 01:04:53,762 - app.core.recording.recording_manager - INFO - Recording manager initialized with storage management
2025-07-29 01:04:53,762 - __main__ - INFO - ============================================================
2025-07-29 01:04:53,762 - __main__ - INFO - Starting 24/7 Recording Service
2025-07-29 01:04:53,762 - __main__ - INFO - Started at: 2025-07-29T01:04:53.762889
2025-07-29 01:04:53,762 - __main__ - INFO - ============================================================
2025-07-29 01:04:53,762 - app.core.recording.recording_manager - INFO - Starting all camera recordings...
2025-07-29 01:04:53,762 - app.core.storage.storage_manager - INFO - Storage manager started
2025-07-29 01:04:53,763 - app.core.recording.recording_manager - INFO - Storage manager started
2025-07-29 01:04:53,763 - app.core.recording.continuous_recorder - INFO - Created recording directory: recordings/camera_3
2025-07-29 01:04:53,764 - app.core.recording.continuous_recorder - INFO - Initialized recording database for camera 3
2025-07-29 01:04:53,764 - app.core.recording.continuous_recorder - INFO - Connecting to camera 3 at rtsp://admin:Mekus_1987@10.0.0.181:554/h264Preview_01_sub
2025-07-29 01:04:53,764 - app.core.recording.continuous_recorder - INFO - Started continuous recording for camera 3 (Test Camera 1)
2025-07-29 01:04:53,764 - app.core.recording.recording_manager - INFO - Started recording for camera 3: Test Camera 1
2025-07-29 01:04:53,765 - app.core.recording.recording_manager - INFO - Started recording for 1 cameras with storage management
2025-07-29 01:04:53,765 - __main__ - INFO - All recordings started successfully
2025-07-29 01:04:53,765 - app.core.storage.storage_manager - INFO - Starting storage cleanup...
2025-07-29 01:04:53,765 - app.core.storage.storage_manager - INFO - Cleanup complete: No recordings to clean up
2025-07-29 01:04:53,765 - app.core.storage.storage_manager - INFO - Storage Health: 148 segments, 2.8 GB used, 93.1% disk free
2025-07-29 01:05:00,000 - app.core.recording.continuous_recorder - INFO - Successfully connected to camera 3
2025-07-29 01:05:00,005 - app.core.recording.continuous_recorder - INFO - Camera 3 frame dimensions: 640x360
2025-07-29 01:05:00,015 - app.core.recording.continuous_recorder - INFO - Using codec XVID for recording
2025-07-29 01:05:00,015 - app.core.recording.continuous_recorder - INFO - Started new segment for camera 3: camera_3_20250729_010500_600.mp4
2025-07-29 01:05:23,796 - __main__ - INFO - Health check complete. Active recordings: 1
2025-07-29 01:05:53,824 - __main__ - INFO - Health check complete. Active recordings: 1
2025-07-29 01:06:23,840 - __main__ - INFO - Health check complete. Active recordings: 1
2025-07-29 01:06:53,872 - __main__ - INFO - Health check complete. Active recordings: 1
2025-07-29 01:07:23,892 - __main__ - INFO - Health check complete. Active recordings: 1
2025-07-29 01:07:53,923 - __main__ - INFO - Health check complete. Active recordings: 1
2025-07-29 01:08:23,924 - __main__ - INFO - Health check complete. Active recordings: 1
2025-07-29 01:08:53,930 - __main__ - INFO - Health check complete. Active recordings: 1
2025-07-29 01:09:23,960 - __main__ - INFO - Health check complete. Active recordings: 1
2025-07-29 01:09:53,988 - __main__ - INFO - Health check complete. Active recordings: 1
2025-07-29 01:09:53,988 - __main__ - INFO - Storage summary: 148 segments, 2.8 GB used
2025-07-29 01:10:23,996 - __main__ - INFO - Health check complete. Active recordings: 1
2025-07-29 01:10:54,026 - __main__ - INFO - Health check complete. Active recordings: 1
2025-07-29 01:11:24,052 - __main__ - INFO - Health check complete. Active recordings: 1
2025-07-29 01:11:54,083 - __main__ - INFO - Health check complete. Active recordings: 1
2025-07-29 01:12:24,113 - __main__ - INFO - Health check complete. Active recordings: 1
2025-07-29 01:12:54,144 - __main__ - INFO - Health check complete. Active recordings: 1
2025-07-29 01:13:24,175 - __main__ - INFO - Health check complete. Active recordings: 1
2025-07-29 01:13:54,200 - __main__ - INFO - Health check complete. Active recordings: 1
2025-07-29 01:14:24,208 - __main__ - INFO - Health check complete. Active recordings: 1
2025-07-29 01:14:54,239 - __main__ - INFO - Health check complete. Active recordings: 1
2025-07-29 01:14:54,239 - __main__ - INFO - Storage summary: 148 segments, 2.8 GB used
2025-07-29 01:15:00,056 - app.core.recording.continuous_recorder - INFO - Finalized segment for camera 3: camera_3_20250729_010500_600.avi (600s, 25755346 bytes)
2025-07-29 01:15:00,056 - app.core.recording.continuous_recorder - INFO - Using codec XVID for recording
2025-07-29 01:15:00,057 - app.core.recording.continuous_recorder - INFO - Started new segment for camera 3: camera_3_20250729_011500_600.mp4
2025-07-29 01:15:24,268 - __main__ - INFO - Health check complete. Active recordings: 1
2025-07-29 01:15:54,296 - __main__ - INFO - Health check complete. Active recordings: 1
2025-07-29 01:16:24,316 - __main__ - INFO - Health check complete. Active recordings: 1
2025-07-29 01:16:54,340 - __main__ - INFO - Health check complete. Active recordings: 1
2025-07-29 01:17:24,371 - __main__ - INFO - Health check complete. Active recordings: 1
2025-07-29 01:17:54,372 - __main__ - INFO - Health check complete. Active recordings: 1
2025-07-29 01:18:24,400 - __main__ - INFO - Health check complete. Active recordings: 1
2025-07-29 01:18:54,431 - __main__ - INFO - Health check complete. Active recordings: 1
2025-07-29 01:19:24,461 - __main__ - INFO - Health check complete. Active recordings: 1
2025-07-29 01:19:54,464 - __main__ - INFO - Health check complete. Active recordings: 1
2025-07-29 01:19:54,464 - __main__ - INFO - Storage summary: 149 segments, 2.8 GB used
2025-07-29 01:20:24,488 - __main__ - INFO - Health check complete. Active recordings: 1
2025-07-29 01:20:54,515 - __main__ - INFO - Health check complete. Active recordings: 1
2025-07-29 01:21:24,524 - __main__ - INFO - Health check complete. Active recordings: 1
2025-07-29 01:21:54,537 - __main__ - INFO - Health check complete. Active recordings: 1
2025-07-29 01:22:24,563 - __main__ - INFO - Health check complete. Active recordings: 1
2025-07-29 01:22:54,592 - __main__ - INFO - Health check complete. Active recordings: 1
2025-07-29 01:23:24,612 - __main__ - INFO - Health check complete. Active recordings: 1
2025-07-29 01:23:54,643 - __main__ - INFO - Health check complete. Active recordings: 1
2025-07-29 01:24:24,672 - __main__ - INFO - Health check complete. Active recordings: 1
2025-07-29 01:24:54,702 - __main__ - INFO - Health check complete. Active recordings: 1
2025-07-29 01:24:54,703 - __main__ - INFO - Storage summary: 149 segments, 2.8 GB used
2025-07-29 01:25:00,090 - app.core.recording.continuous_recorder - INFO - Finalized segment for camera 3: camera_3_20250729_011500_600.avi (600s, 26820644 bytes)
2025-07-29 01:25:00,091 - app.core.recording.continuous_recorder - INFO - Using codec XVID for recording
2025-07-29 01:25:00,091 - app.core.recording.continuous_recorder - INFO - Started new segment for camera 3: camera_3_20250729_012500_600.mp4
2025-07-29 01:25:24,732 - __main__ - INFO - Health check complete. Active recordings: 1
2025-07-29 01:25:54,763 - __main__ - INFO - Health check complete. Active recordings: 1
2025-07-29 01:26:24,792 - __main__ - INFO - Health check complete. Active recordings: 1
2025-07-29 01:26:54,794 - __main__ - INFO - Health check complete. Active recordings: 1
2025-07-29 01:27:24,812 - __main__ - INFO - Health check complete. Active recordings: 1
2025-07-29 01:27:54,840 - __main__ - INFO - Health check complete. Active recordings: 1
2025-07-29 01:28:24,848 - __main__ - INFO - Health check complete. Active recordings: 1
2025-07-29 01:28:54,860 - __main__ - INFO - Health check complete. Active recordings: 1
2025-07-29 01:29:24,877 - __main__ - INFO - Health check complete. Active recordings: 1
2025-07-29 01:29:54,895 - __main__ - INFO - Health check complete. Active recordings: 1
2025-07-29 01:29:54,895 - __main__ - INFO - Storage summary: 150 segments, 2.8 GB used
2025-07-29 01:30:24,903 - __main__ - INFO - Health check complete. Active recordings: 1
2025-07-29 01:30:54,910 - __main__ - INFO - Health check complete. Active recordings: 1
2025-07-29 01:31:24,926 - __main__ - INFO - Health check complete. Active recordings: 1
2025-07-29 01:31:54,928 - __main__ - INFO - Health check complete. Active recordings: 1
2025-07-29 01:32:24,936 - __main__ - INFO - Health check complete. Active recordings: 1
2025-07-29 01:32:54,967 - __main__ - INFO - Health check complete. Active recordings: 1
2025-07-29 01:33:24,996 - __main__ - INFO - Health check complete. Active recordings: 1
2025-07-29 01:33:55,027 - __main__ - INFO - Health check complete. Active recordings: 1
2025-07-29 01:34:25,057 - __main__ - INFO - Health check complete. Active recordings: 1
2025-07-29 01:34:53,776 - app.core.storage.storage_manager - INFO - Storage Health: 150 segments, 2.8 GB used, 93.1% disk free
2025-07-29 01:34:55,060 - __main__ - INFO - Health check complete. Active recordings: 1
2025-07-29 01:34:55,061 - __main__ - INFO - Storage summary: 150 segments, 2.8 GB used
2025-07-29 01:35:00,154 - app.core.recording.continuous_recorder - INFO - Finalized segment for camera 3: camera_3_20250729_012500_600.avi (600s, 26422564 bytes)
2025-07-29 01:35:00,154 - app.core.recording.continuous_recorder - INFO - Using codec XVID for recording
2025-07-29 01:35:00,154 - app.core.recording.continuous_recorder - INFO - Started new segment for camera 3: camera_3_20250729_013500_600.mp4
2025-07-29 01:35:25,070 - __main__ - INFO - Health check complete. Active recordings: 1
2025-07-29 01:35:55,100 - __main__ - INFO - Health check complete. Active recordings: 1
2025-07-29 01:36:25,108 - __main__ - INFO - Health check complete. Active recordings: 1
2025-07-29 01:36:55,136 - __main__ - INFO - Health check complete. Active recordings: 1
2025-07-29 01:37:25,152 - __main__ - INFO - Health check complete. Active recordings: 1
2025-07-29 01:37:55,183 - __main__ - INFO - Health check complete. Active recordings: 1
2025-07-29 01:38:25,214 - __main__ - INFO - Health check complete. Active recordings: 1
2025-07-29 01:38:55,245 - __main__ - INFO - Health check complete. Active recordings: 1
2025-07-29 01:39:25,276 - __main__ - INFO - Health check complete. Active recordings: 1
2025-07-29 01:39:55,304 - __main__ - INFO - Health check complete. Active recordings: 1
2025-07-29 01:39:55,304 - __main__ - INFO - Storage summary: 151 segments, 2.8 GB used
2025-07-29 01:40:25,327 - __main__ - INFO - Health check complete. Active recordings: 1
2025-07-29 01:40:55,358 - __main__ - INFO - Health check complete. Active recordings: 1
2025-07-29 01:41:25,379 - __main__ - INFO - Health check complete. Active recordings: 1
2025-07-29 01:41:55,406 - __main__ - INFO - Health check complete. Active recordings: 1
2025-07-29 01:42:25,436 - __main__ - INFO - Health check complete. Active recordings: 1
2025-07-29 01:42:55,464 - __main__ - INFO - Health check complete. Active recordings: 1
2025-07-29 01:43:25,493 - __main__ - INFO - Health check complete. Active recordings: 1
2025-07-29 01:43:55,524 - __main__ - INFO - Health check complete. Active recordings: 1
2025-07-29 01:44:25,549 - __main__ - INFO - Health check complete. Active recordings: 1
2025-07-29 01:44:55,580 - __main__ - INFO - Health check complete. Active recordings: 1
2025-07-29 01:44:55,580 - __main__ - INFO - Storage summary: 151 segments, 2.8 GB used
2025-07-29 01:45:00,310 - app.core.recording.continuous_recorder - INFO - Finalized segment for camera 3: camera_3_20250729_013500_600.avi (600s, 27140212 bytes)
2025-07-29 01:45:00,311 - app.core.recording.continuous_recorder - INFO - Using codec XVID for recording
2025-07-29 01:45:00,311 - app.core.recording.continuous_recorder - INFO - Started new segment for camera 3: camera_3_20250729_014500_600.mp4
2025-07-29 01:45:25,608 - __main__ - INFO - Health check complete. Active recordings: 1
2025-07-29 01:45:55,634 - __main__ - INFO - Health check complete. Active recordings: 1
2025-07-29 01:46:25,657 - __main__ - INFO - Health check complete. Active recordings: 1
2025-07-29 01:46:55,688 - __main__ - INFO - Health check complete. Active recordings: 1
2025-07-29 01:47:25,715 - __main__ - INFO - Health check complete. Active recordings: 1
2025-07-29 01:47:55,746 - __main__ - INFO - Health check complete. Active recordings: 1
2025-07-29 01:48:25,760 - __main__ - INFO - Health check complete. Active recordings: 1
2025-07-29 01:48:55,780 - __main__ - INFO - Health check complete. Active recordings: 1
2025-07-29 01:49:25,811 - __main__ - INFO - Health check complete. Active recordings: 1
2025-07-29 01:49:55,840 - __main__ - INFO - Health check complete. Active recordings: 1
2025-07-29 01:49:55,840 - __main__ - INFO - Storage summary: 152 segments, 2.9 GB used
2025-07-29 01:50:25,857 - __main__ - INFO - Health check complete. Active recordings: 1
2025-07-29 01:50:55,881 - __main__ - INFO - Health check complete. Active recordings: 1
2025-07-29 01:51:25,888 - __main__ - INFO - Health check complete. Active recordings: 1
2025-07-29 01:51:55,916 - __main__ - INFO - Health check complete. Active recordings: 1
2025-07-29 01:52:25,940 - __main__ - INFO - Health check complete. Active recordings: 1
2025-07-29 01:52:55,950 - __main__ - INFO - Health check complete. Active recordings: 1
2025-07-29 01:53:25,960 - __main__ - INFO - Health check complete. Active recordings: 1
2025-07-29 01:53:55,980 - __main__ - INFO - Health check complete. Active recordings: 1
2025-07-29 01:54:25,991 - __main__ - INFO - Health check complete. Active recordings: 1
2025-07-29 01:54:56,013 - __main__ - INFO - Health check complete. Active recordings: 1
2025-07-29 01:54:56,013 - __main__ - INFO - Storage summary: 152 segments, 2.9 GB used
2025-07-29 01:55:00,334 - app.core.recording.continuous_recorder - INFO - Finalized segment for camera 3: camera_3_20250729_014500_600.avi (600s, 26707218 bytes)
2025-07-29 01:55:00,335 - app.core.recording.continuous_recorder - INFO - Using codec XVID for recording
2025-07-29 01:55:00,335 - app.core.recording.continuous_recorder - INFO - Started new segment for camera 3: camera_3_20250729_015500_600.mp4
2025-07-29 01:55:26,044 - __main__ - INFO - Health check complete. Active recordings: 1
2025-07-29 01:55:56,066 - __main__ - INFO - Health check complete. Active recordings: 1
2025-07-29 01:56:26,096 - __main__ - INFO - Health check complete. Active recordings: 1
2025-07-29 01:56:56,103 - __main__ - INFO - Health check complete. Active recordings: 1
2025-07-29 01:57:26,134 - __main__ - INFO - Health check complete. Active recordings: 1
2025-07-29 01:57:56,152 - __main__ - INFO - Health check complete. Active recordings: 1
2025-07-29 01:58:26,168 - __main__ - INFO - Health check complete. Active recordings: 1
2025-07-29 01:58:56,198 - __main__ - INFO - Health check complete. Active recordings: 1
2025-07-29 01:59:26,228 - __main__ - INFO - Health check complete. Active recordings: 1
2025-07-29 01:59:56,232 - __main__ - INFO - Health check complete. Active recordings: 1
2025-07-29 01:59:56,232 - __main__ - INFO - Storage summary: 153 segments, 2.9 GB used
2025-07-29 02:00:26,252 - __main__ - INFO - Health check complete. Active recordings: 1
2025-07-29 02:00:56,270 - __main__ - INFO - Health check complete. Active recordings: 1
2025-07-29 02:01:26,301 - __main__ - INFO - Health check complete. Active recordings: 1
2025-07-29 02:01:56,332 - __main__ - INFO - Health check complete. Active recordings: 1
2025-07-29 02:02:26,335 - __main__ - INFO - Health check complete. Active recordings: 1
2025-07-29 02:02:56,366 - __main__ - INFO - Health check complete. Active recordings: 1
2025-07-29 02:03:26,397 - __main__ - INFO - Health check complete. Active recordings: 1
2025-07-29 02:03:56,428 - __main__ - INFO - Health check complete. Active recordings: 1
2025-07-29 02:04:26,444 - __main__ - INFO - Health check complete. Active recordings: 1
2025-07-29 02:04:53,793 - app.core.storage.storage_manager - INFO - Starting storage cleanup...
2025-07-29 02:04:53,794 - app.core.storage.storage_manager - INFO - Cleanup complete: No recordings to clean up
2025-07-29 02:04:53,794 - app.core.storage.storage_manager - INFO - Storage Health: 153 segments, 2.9 GB used, 93.1% disk free
2025-07-29 02:04:56,448 - __main__ - INFO - Health check complete. Active recordings: 1
2025-07-29 02:04:56,449 - __main__ - INFO - Storage summary: 153 segments, 2.9 GB used
2025-07-29 02:05:00,397 - app.core.recording.continuous_recorder - INFO - Finalized segment for camera 3: camera_3_20250729_015500_600.avi (600s, 26053750 bytes)
2025-07-29 02:05:00,398 - app.core.recording.continuous_recorder - INFO - Using codec XVID for recording
2025-07-29 02:05:00,398 - app.core.recording.continuous_recorder - INFO - Started new segment for camera 3: camera_3_20250729_020500_600.mp4
2025-07-29 02:05:26,476 - __main__ - INFO - Health check complete. Active recordings: 1
2025-07-29 02:05:56,505 - __main__ - INFO - Health check complete. Active recordings: 1
2025-07-29 02:06:26,536 - __main__ - INFO - Health check complete. Active recordings: 1
2025-07-29 02:06:56,539 - __main__ - INFO - Health check complete. Active recordings: 1
2025-07-29 02:07:26,570 - __main__ - INFO - Health check complete. Active recordings: 1
2025-07-29 02:07:56,600 - __main__ - INFO - Health check complete. Active recordings: 1
2025-07-29 02:08:26,628 - __main__ - INFO - Health check complete. Active recordings: 1
2025-07-29 02:08:56,656 - __main__ - INFO - Health check complete. Active recordings: 1
2025-07-29 02:09:26,684 - __main__ - INFO - Health check complete. Active recordings: 1
2025-07-29 02:09:56,694 - __main__ - INFO - Health check complete. Active recordings: 1
2025-07-29 02:09:56,695 - __main__ - INFO - Storage summary: 154 segments, 2.9 GB used
2025-07-29 02:10:26,710 - __main__ - INFO - Health check complete. Active recordings: 1
2025-07-29 02:10:56,740 - __main__ - INFO - Health check complete. Active recordings: 1
2025-07-29 02:11:26,770 - __main__ - INFO - Health check complete. Active recordings: 1
2025-07-29 02:11:56,785 - __main__ - INFO - Health check complete. Active recordings: 1
2025-07-29 02:12:26,816 - __main__ - INFO - Health check complete. Active recordings: 1
2025-07-29 02:12:56,842 - __main__ - INFO - Health check complete. Active recordings: 1
2025-07-29 02:13:26,844 - __main__ - INFO - Health check complete. Active recordings: 1
2025-07-29 02:13:56,875 - __main__ - INFO - Health check complete. Active recordings: 1
2025-07-29 02:14:26,888 - __main__ - INFO - Health check complete. Active recordings: 1
2025-07-29 02:14:56,919 - __main__ - INFO - Health check complete. Active recordings: 1
2025-07-29 02:14:56,919 - __main__ - INFO - Storage summary: 154 segments, 2.9 GB used
2025-07-29 02:15:00,413 - app.core.recording.continuous_recorder - INFO - Finalized segment for camera 3: camera_3_20250729_020500_600.avi (600s, 27110714 bytes)
2025-07-29 02:15:00,413 - app.core.recording.continuous_recorder - INFO - Using codec XVID for recording
2025-07-29 02:15:00,413 - app.core.recording.continuous_recorder - INFO - Started new segment for camera 3: camera_3_20250729_021500_600.mp4
2025-07-29 02:15:26,950 - __main__ - INFO - Health check complete. Active recordings: 1
2025-07-29 02:15:56,981 - __main__ - INFO - Health check complete. Active recordings: 1
2025-07-29 02:16:27,012 - __main__ - INFO - Health check complete. Active recordings: 1
2025-07-29 02:16:57,036 - __main__ - INFO - Health check complete. Active recordings: 1
2025-07-29 02:17:27,055 - __main__ - INFO - Health check complete. Active recordings: 1
2025-07-29 02:17:57,065 - __main__ - INFO - Health check complete. Active recordings: 1
2025-07-29 02:18:27,092 - __main__ - INFO - Health check complete. Active recordings: 1
2025-07-29 02:18:57,120 - __main__ - INFO - Health check complete. Active recordings: 1
2025-07-29 02:19:27,148 - __main__ - INFO - Health check complete. Active recordings: 1
2025-07-29 02:19:57,172 - __main__ - INFO - Health check complete. Active recordings: 1
2025-07-29 02:19:57,172 - __main__ - INFO - Storage summary: 155 segments, 2.9 GB used
2025-07-29 02:20:27,200 - __main__ - INFO - Health check complete. Active recordings: 1
2025-07-29 02:20:57,228 - __main__ - INFO - Health check complete. Active recordings: 1
2025-07-29 02:21:27,256 - __main__ - INFO - Health check complete. Active recordings: 1
2025-07-29 02:21:57,284 - __main__ - INFO - Health check complete. Active recordings: 1
2025-07-29 02:22:27,304 - __main__ - INFO - Health check complete. Active recordings: 1
2025-07-29 02:22:57,305 - __main__ - INFO - Health check complete. Active recordings: 1
2025-07-29 02:23:27,336 - __main__ - INFO - Health check complete. Active recordings: 1
2025-07-29 02:23:57,366 - __main__ - INFO - Health check complete. Active recordings: 1
2025-07-29 02:24:27,396 - __main__ - INFO - Health check complete. Active recordings: 1
2025-07-29 02:24:57,412 - __main__ - INFO - Health check complete. Active recordings: 1
2025-07-29 02:24:57,412 - __main__ - INFO - Storage summary: 155 segments, 2.9 GB used
2025-07-29 02:25:00,511 - app.core.recording.continuous_recorder - INFO - Finalized segment for camera 3: camera_3_20250729_021500_600.avi (600s, 26526320 bytes)
2025-07-29 02:25:00,511 - app.core.recording.continuous_recorder - INFO - Using codec XVID for recording
2025-07-29 02:25:00,511 - app.core.recording.continuous_recorder - INFO - Started new segment for camera 3: camera_3_20250729_022500_600.mp4
2025-07-29 02:25:27,443 - __main__ - INFO - Health check complete. Active recordings: 1
2025-07-29 02:25:57,474 - __main__ - INFO - Health check complete. Active recordings: 1
2025-07-29 02:26:27,505 - __main__ - INFO - Health check complete. Active recordings: 1
2025-07-29 02:26:57,532 - __main__ - INFO - Health check complete. Active recordings: 1
2025-07-29 02:27:27,560 - __main__ - INFO - Health check complete. Active recordings: 1
2025-07-29 02:27:57,588 - __main__ - INFO - Health check complete. Active recordings: 1
2025-07-29 02:28:27,618 - __main__ - INFO - Health check complete. Active recordings: 1
2025-07-29 02:28:57,648 - __main__ - INFO - Health check complete. Active recordings: 1
2025-07-29 02:29:27,678 - __main__ - INFO - Health check complete. Active recordings: 1
2025-07-29 02:29:57,708 - __main__ - INFO - Health check complete. Active recordings: 1
2025-07-29 02:29:57,708 - __main__ - INFO - Storage summary: 156 segments, 3.0 GB used
2025-07-29 02:30:27,732 - __main__ - INFO - Health check complete. Active recordings: 1
2025-07-29 02:30:57,760 - __main__ - INFO - Health check complete. Active recordings: 1
2025-07-29 02:31:27,791 - __main__ - INFO - Health check complete. Active recordings: 1
2025-07-29 02:31:57,821 - __main__ - INFO - Health check complete. Active recordings: 1
2025-07-29 02:32:27,852 - __main__ - INFO - Health check complete. Active recordings: 1
2025-07-29 02:32:57,883 - __main__ - INFO - Health check complete. Active recordings: 1
2025-07-29 02:33:27,912 - __main__ - INFO - Health check complete. Active recordings: 1
2025-07-29 02:33:57,943 - __main__ - INFO - Health check complete. Active recordings: 1
2025-07-29 02:34:27,973 - __main__ - INFO - Health check complete. Active recordings: 1
2025-07-29 02:34:53,797 - app.core.storage.storage_manager - INFO - Storage Health: 156 segments, 3.0 GB used, 93.1% disk free
2025-07-29 02:34:57,979 - __main__ - INFO - Health check complete. Active recordings: 1
2025-07-29 02:34:57,980 - __main__ - INFO - Storage summary: 156 segments, 3.0 GB used
2025-07-29 02:35:00,522 - app.core.recording.continuous_recorder - INFO - Finalized segment for camera 3: camera_3_20250729_022500_600.avi (600s, 26348926 bytes)
2025-07-29 02:35:00,523 - app.core.recording.continuous_recorder - INFO - Using codec XVID for recording
2025-07-29 02:35:00,523 - app.core.recording.continuous_recorder - INFO - Started new segment for camera 3: camera_3_20250729_023500_600.mp4
2025-07-29 02:35:28,011 - __main__ - INFO - Health check complete. Active recordings: 1
2025-07-29 02:35:58,040 - __main__ - INFO - Health check complete. Active recordings: 1
2025-07-29 02:36:28,071 - __main__ - INFO - Health check complete. Active recordings: 1
2025-07-29 02:36:58,101 - __main__ - INFO - Health check complete. Active recordings: 1
2025-07-29 02:37:28,132 - __main__ - INFO - Health check complete. Active recordings: 1
2025-07-29 02:37:58,152 - __main__ - INFO - Health check complete. Active recordings: 1
2025-07-29 02:38:28,183 - __main__ - INFO - Health check complete. Active recordings: 1
2025-07-29 02:38:58,214 - __main__ - INFO - Health check complete. Active recordings: 1
2025-07-29 02:39:28,244 - __main__ - INFO - Health check complete. Active recordings: 1
2025-07-29 02:39:58,248 - __main__ - INFO - Health check complete. Active recordings: 1
2025-07-29 02:39:58,248 - __main__ - INFO - Storage summary: 157 segments, 3.0 GB used
2025-07-29 02:40:28,268 - __main__ - INFO - Health check complete. Active recordings: 1
2025-07-29 02:40:58,296 - __main__ - INFO - Health check complete. Active recordings: 1
2025-07-29 02:41:28,311 - __main__ - INFO - Health check complete. Active recordings: 1
2025-07-29 02:41:58,340 - __main__ - INFO - Health check complete. Active recordings: 1
2025-07-29 02:42:28,368 - __main__ - INFO - Health check complete. Active recordings: 1
2025-07-29 02:42:58,399 - __main__ - INFO - Health check complete. Active recordings: 1
2025-07-29 02:43:28,430 - __main__ - INFO - Health check complete. Active recordings: 1
2025-07-29 02:43:58,461 - __main__ - INFO - Health check complete. Active recordings: 1
2025-07-29 02:44:28,491 - __main__ - INFO - Health check complete. Active recordings: 1
2025-07-29 02:44:58,497 - __main__ - INFO - Health check complete. Active recordings: 1
2025-07-29 02:44:58,497 - __main__ - INFO - Storage summary: 157 segments, 3.0 GB used
2025-07-29 02:45:00,630 - app.core.recording.continuous_recorder - INFO - Finalized segment for camera 3: camera_3_20250729_023500_600.avi (600s, 25878726 bytes)
2025-07-29 02:45:00,631 - app.core.recording.continuous_recorder - INFO - Using codec XVID for recording
2025-07-29 02:45:00,631 - app.core.recording.continuous_recorder - INFO - Started new segment for camera 3: camera_3_20250729_024500_600.mp4
2025-07-29 02:45:28,528 - __main__ - INFO - Health check complete. Active recordings: 1
2025-07-29 02:45:58,559 - __main__ - INFO - Health check complete. Active recordings: 1
2025-07-29 02:46:28,588 - __main__ - INFO - Health check complete. Active recordings: 1
2025-07-29 02:46:58,618 - __main__ - INFO - Health check complete. Active recordings: 1
2025-07-29 02:47:28,648 - __main__ - INFO - Health check complete. Active recordings: 1
2025-07-29 02:47:58,666 - __main__ - INFO - Health check complete. Active recordings: 1
2025-07-29 02:48:28,696 - __main__ - INFO - Health check complete. Active recordings: 1
2025-07-29 02:48:58,723 - __main__ - INFO - Health check complete. Active recordings: 1
2025-07-29 02:49:28,744 - __main__ - INFO - Health check complete. Active recordings: 1
2025-07-29 02:49:58,775 - __main__ - INFO - Health check complete. Active recordings: 1
2025-07-29 02:49:58,775 - __main__ - INFO - Storage summary: 158 segments, 3.0 GB used
2025-07-29 02:50:28,777 - __main__ - INFO - Health check complete. Active recordings: 1
2025-07-29 02:50:58,808 - __main__ - INFO - Health check complete. Active recordings: 1
2025-07-29 02:51:28,837 - __main__ - INFO - Health check complete. Active recordings: 1
2025-07-29 02:51:58,868 - __main__ - INFO - Health check complete. Active recordings: 1
2025-07-29 02:52:28,876 - __main__ - INFO - Health check complete. Active recordings: 1
2025-07-29 02:52:58,892 - __main__ - INFO - Health check complete. Active recordings: 1
2025-07-29 02:53:28,920 - __main__ - INFO - Health check complete. Active recordings: 1
2025-07-29 02:53:58,949 - __main__ - INFO - Health check complete. Active recordings: 1
2025-07-29 02:54:28,976 - __main__ - INFO - Health check complete. Active recordings: 1
2025-07-29 02:54:59,006 - __main__ - INFO - Health check complete. Active recordings: 1
2025-07-29 02:54:59,007 - __main__ - INFO - Storage summary: 158 segments, 3.0 GB used
2025-07-29 02:55:00,738 - app.core.recording.continuous_recorder - INFO - Finalized segment for camera 3: camera_3_20250729_024500_600.avi (600s, 26612826 bytes)
2025-07-29 02:55:00,738 - app.core.recording.continuous_recorder - INFO - Using codec XVID for recording
2025-07-29 02:55:00,738 - app.core.recording.continuous_recorder - INFO - Started new segment for camera 3: camera_3_20250729_025500_600.mp4
2025-07-29 02:55:29,036 - __main__ - INFO - Health check complete. Active recordings: 1
2025-07-29 02:55:59,064 - __main__ - INFO - Health check complete. Active recordings: 1
2025-07-29 02:56:29,068 - __main__ - INFO - Health check complete. Active recordings: 1
2025-07-29 02:56:59,084 - __main__ - INFO - Health check complete. Active recordings: 1
2025-07-29 02:57:29,112 - __main__ - INFO - Health check complete. Active recordings: 1
2025-07-29 02:57:59,116 - __main__ - INFO - Health check complete. Active recordings: 1
2025-07-29 02:58:29,137 - __main__ - INFO - Health check complete. Active recordings: 1
2025-07-29 02:58:59,146 - __main__ - INFO - Health check complete. Active recordings: 1
2025-07-29 02:59:29,176 - __main__ - INFO - Health check complete. Active recordings: 1
2025-07-29 02:59:59,178 - __main__ - INFO - Health check complete. Active recordings: 1
2025-07-29 02:59:59,179 - __main__ - INFO - Storage summary: 159 segments, 3.0 GB used
2025-07-29 03:00:29,205 - __main__ - INFO - Health check complete. Active recordings: 1
2025-07-29 03:00:59,236 - __main__ - INFO - Health check complete. Active recordings: 1
2025-07-29 03:01:29,267 - __main__ - INFO - Health check complete. Active recordings: 1
2025-07-29 03:01:59,284 - __main__ - INFO - Health check complete. Active recordings: 1
2025-07-29 03:02:29,314 - __main__ - INFO - Health check complete. Active recordings: 1
2025-07-29 03:02:59,343 - __main__ - INFO - Health check complete. Active recordings: 1
2025-07-29 03:03:29,344 - __main__ - INFO - Health check complete. Active recordings: 1
2025-07-29 03:03:59,369 - __main__ - INFO - Health check complete. Active recordings: 1
2025-07-29 03:04:29,400 - __main__ - INFO - Health check complete. Active recordings: 1
2025-07-29 03:04:53,819 - app.core.storage.storage_manager - INFO - Starting storage cleanup...
2025-07-29 03:04:53,820 - app.core.storage.storage_manager - INFO - Cleanup complete: No recordings to clean up
2025-07-29 03:04:53,820 - app.core.storage.storage_manager - INFO - Storage Health: 159 segments, 3.0 GB used, 93.1% disk free
2025-07-29 03:04:59,407 - __main__ - INFO - Health check complete. Active recordings: 1
2025-07-29 03:04:59,407 - __main__ - INFO - Storage summary: 159 segments, 3.0 GB used
2025-07-29 03:05:00,764 - app.core.recording.continuous_recorder - INFO - Finalized segment for camera 3: camera_3_20250729_025500_600.avi (600s, 26639500 bytes)
2025-07-29 03:05:00,765 - app.core.recording.continuous_recorder - INFO - Using codec XVID for recording
2025-07-29 03:05:00,765 - app.core.recording.continuous_recorder - INFO - Started new segment for camera 3: camera_3_20250729_030500_600.mp4
2025-07-29 03:05:29,422 - __main__ - INFO - Health check complete. Active recordings: 1
2025-07-29 03:05:59,453 - __main__ - INFO - Health check complete. Active recordings: 1
2025-07-29 03:06:29,484 - __main__ - INFO - Health check complete. Active recordings: 1
2025-07-29 03:06:59,491 - __main__ - INFO - Health check complete. Active recordings: 1
2025-07-29 03:07:29,512 - __main__ - INFO - Health check complete. Active recordings: 1
2025-07-29 03:07:59,540 - __main__ - INFO - Health check complete. Active recordings: 1
2025-07-29 03:08:29,552 - __main__ - INFO - Health check complete. Active recordings: 1
2025-07-29 03:08:59,583 - __main__ - INFO - Health check complete. Active recordings: 1
2025-07-29 03:09:29,613 - __main__ - INFO - Health check complete. Active recordings: 1
2025-07-29 03:09:59,644 - __main__ - INFO - Health check complete. Active recordings: 1
2025-07-29 03:09:59,644 - __main__ - INFO - Storage summary: 160 segments, 3.1 GB used
2025-07-29 03:10:29,674 - __main__ - INFO - Health check complete. Active recordings: 1
2025-07-29 03:10:59,705 - __main__ - INFO - Health check complete. Active recordings: 1
2025-07-29 03:11:29,736 - __main__ - INFO - Health check complete. Active recordings: 1
2025-07-29 03:11:59,746 - __main__ - INFO - Health check complete. Active recordings: 1
2025-07-29 03:12:29,756 - __main__ - INFO - Health check complete. Active recordings: 1
2025-07-29 03:12:59,764 - __main__ - INFO - Health check complete. Active recordings: 1
2025-07-29 03:13:29,786 - __main__ - INFO - Health check complete. Active recordings: 1
2025-07-29 03:13:59,807 - __main__ - INFO - Health check complete. Active recordings: 1
2025-07-29 03:14:29,838 - __main__ - INFO - Health check complete. Active recordings: 1
2025-07-29 03:14:59,868 - __main__ - INFO - Health check complete. Active recordings: 1
2025-07-29 03:14:59,868 - __main__ - INFO - Storage summary: 160 segments, 3.1 GB used
2025-07-29 03:15:00,831 - app.core.recording.continuous_recorder - INFO - Finalized segment for camera 3: camera_3_20250729_030500_600.avi (600s, 26833108 bytes)
2025-07-29 03:15:00,832 - app.core.recording.continuous_recorder - INFO - Using codec XVID for recording
2025-07-29 03:15:00,832 - app.core.recording.continuous_recorder - INFO - Started new segment for camera 3: camera_3_20250729_031500_600.mp4
2025-07-29 03:15:29,889 - __main__ - INFO - Health check complete. Active recordings: 1
2025-07-29 03:15:59,920 - __main__ - INFO - Health check complete. Active recordings: 1
2025-07-29 03:16:29,943 - __main__ - INFO - Health check complete. Active recordings: 1
2025-07-29 03:16:59,974 - __main__ - INFO - Health check complete. Active recordings: 1
2025-07-29 03:17:30,004 - __main__ - INFO - Health check complete. Active recordings: 1
2025-07-29 03:18:00,016 - __main__ - INFO - Health check complete. Active recordings: 1
2025-07-29 03:18:30,046 - __main__ - INFO - Health check complete. Active recordings: 1
2025-07-29 03:19:00,077 - __main__ - INFO - Health check complete. Active recordings: 1
2025-07-29 03:19:30,108 - __main__ - INFO - Health check complete. Active recordings: 1
2025-07-29 03:20:00,136 - __main__ - INFO - Health check complete. Active recordings: 1
2025-07-29 03:20:00,136 - __main__ - INFO - Storage summary: 161 segments, 3.1 GB used
2025-07-29 03:20:30,164 - __main__ - INFO - Health check complete. Active recordings: 1
2025-07-29 03:21:00,191 - __main__ - INFO - Health check complete. Active recordings: 1
2025-07-29 03:21:30,221 - __main__ - INFO - Health check complete. Active recordings: 1
2025-07-29 03:22:00,228 - __main__ - INFO - Health check complete. Active recordings: 1
2025-07-29 03:22:30,240 - __main__ - INFO - Health check complete. Active recordings: 1
2025-07-29 03:23:00,256 - __main__ - INFO - Health check complete. Active recordings: 1
2025-07-29 03:23:30,284 - __main__ - INFO - Health check complete. Active recordings: 1
2025-07-29 03:24:00,312 - __main__ - INFO - Health check complete. Active recordings: 1
2025-07-29 03:24:30,340 - __main__ - INFO - Health check complete. Active recordings: 1
2025-07-29 03:25:00,368 - __main__ - INFO - Health check complete. Active recordings: 1
2025-07-29 03:25:00,368 - __main__ - INFO - Storage summary: 161 segments, 3.1 GB used
2025-07-29 03:25:00,879 - app.core.recording.continuous_recorder - INFO - Finalized segment for camera 3: camera_3_20250729_031500_600.avi (600s, 26378950 bytes)
2025-07-29 03:25:00,879 - app.core.recording.continuous_recorder - INFO - Using codec XVID for recording
2025-07-29 03:25:00,879 - app.core.recording.continuous_recorder - INFO - Started new segment for camera 3: camera_3_20250729_032500_600.mp4
2025-07-29 03:25:30,399 - __main__ - INFO - Health check complete. Active recordings: 1
2025-07-29 03:26:00,410 - __main__ - INFO - Health check complete. Active recordings: 1
2025-07-29 03:26:30,440 - __main__ - INFO - Health check complete. Active recordings: 1
2025-07-29 03:27:00,446 - __main__ - INFO - Health check complete. Active recordings: 1
2025-07-29 03:27:30,465 - __main__ - INFO - Health check complete. Active recordings: 1
2025-07-29 03:28:00,488 - __main__ - INFO - Health check complete. Active recordings: 1
2025-07-29 03:28:30,490 - __main__ - INFO - Health check complete. Active recordings: 1
2025-07-29 03:29:00,520 - __main__ - INFO - Health check complete. Active recordings: 1
2025-07-29 03:29:30,529 - __main__ - INFO - Health check complete. Active recordings: 1
2025-07-29 03:30:00,532 - __main__ - INFO - Health check complete. Active recordings: 1
2025-07-29 03:30:00,532 - __main__ - INFO - Storage summary: 162 segments, 3.1 GB used
2025-07-29 03:30:30,563 - __main__ - INFO - Health check complete. Active recordings: 1
2025-07-29 03:31:00,567 - __main__ - INFO - Health check complete. Active recordings: 1
2025-07-29 03:31:30,597 - __main__ - INFO - Health check complete. Active recordings: 1
2025-07-29 03:32:00,604 - __main__ - INFO - Health check complete. Active recordings: 1
2025-07-29 03:32:30,611 - __main__ - INFO - Health check complete. Active recordings: 1
2025-07-29 03:33:00,642 - __main__ - INFO - Health check complete. Active recordings: 1
2025-07-29 03:33:30,672 - __main__ - INFO - Health check complete. Active recordings: 1
2025-07-29 03:34:00,703 - __main__ - INFO - Health check complete. Active recordings: 1
2025-07-29 03:34:30,732 - __main__ - INFO - Health check complete. Active recordings: 1
2025-07-29 03:34:53,829 - app.core.storage.storage_manager - INFO - Storage Health: 162 segments, 3.1 GB used, 93.1% disk free
2025-07-29 03:35:00,735 - __main__ - INFO - Health check complete. Active recordings: 1
2025-07-29 03:35:00,735 - __main__ - INFO - Storage summary: 162 segments, 3.1 GB used
2025-07-29 03:35:00,907 - app.core.recording.continuous_recorder - INFO - Finalized segment for camera 3: camera_3_20250729_032500_600.avi (600s, 25655950 bytes)
2025-07-29 03:35:00,907 - app.core.recording.continuous_recorder - INFO - Using codec XVID for recording
2025-07-29 03:35:00,907 - app.core.recording.continuous_recorder - INFO - Started new segment for camera 3: camera_3_20250729_033500_600.mp4
2025-07-29 03:35:30,764 - __main__ - INFO - Health check complete. Active recordings: 1
2025-07-29 03:36:00,789 - __main__ - INFO - Health check complete. Active recordings: 1
2025-07-29 03:36:30,795 - __main__ - INFO - Health check complete. Active recordings: 1
2025-07-29 03:37:00,824 - __main__ - INFO - Health check complete. Active recordings: 1
2025-07-29 03:37:30,854 - __main__ - INFO - Health check complete. Active recordings: 1
2025-07-29 03:38:00,884 - __main__ - INFO - Health check complete. Active recordings: 1
2025-07-29 03:38:30,912 - __main__ - INFO - Health check complete. Active recordings: 1
2025-07-29 03:39:00,940 - __main__ - INFO - Health check complete. Active recordings: 1
2025-07-29 03:39:30,970 - __main__ - INFO - Health check complete. Active recordings: 1
2025-07-29 03:40:01,000 - __main__ - INFO - Health check complete. Active recordings: 1
2025-07-29 03:40:01,000 - __main__ - INFO - Storage summary: 163 segments, 3.1 GB used
2025-07-29 03:40:31,011 - __main__ - INFO - Health check complete. Active recordings: 1
2025-07-29 03:41:01,042 - __main__ - INFO - Health check complete. Active recordings: 1
2025-07-29 03:41:31,073 - __main__ - INFO - Health check complete. Active recordings: 1
2025-07-29 03:42:01,078 - __main__ - INFO - Health check complete. Active recordings: 1
2025-07-29 03:42:31,109 - __main__ - INFO - Health check complete. Active recordings: 1
2025-07-29 03:43:01,140 - __main__ - INFO - Health check complete. Active recordings: 1
2025-07-29 03:43:31,170 - __main__ - INFO - Health check complete. Active recordings: 1
2025-07-29 03:44:01,200 - __main__ - INFO - Health check complete. Active recordings: 1
2025-07-29 03:44:31,216 - __main__ - INFO - Health check complete. Active recordings: 1
2025-07-29 03:45:00,931 - app.core.recording.continuous_recorder - INFO - Finalized segment for camera 3: camera_3_20250729_033500_600.avi (600s, 26411372 bytes)
2025-07-29 03:45:00,931 - app.core.recording.continuous_recorder - INFO - Using codec XVID for recording
2025-07-29 03:45:00,931 - app.core.recording.continuous_recorder - INFO - Started new segment for camera 3: camera_3_20250729_034500_600.mp4
2025-07-29 03:45:01,228 - __main__ - INFO - Health check complete. Active recordings: 1
2025-07-29 03:45:01,228 - __main__ - INFO - Storage summary: 164 segments, 3.2 GB used
2025-07-29 03:45:31,256 - __main__ - INFO - Health check complete. Active recordings: 1
2025-07-29 03:46:01,286 - __main__ - INFO - Health check complete. Active recordings: 1
2025-07-29 03:46:31,317 - __main__ - INFO - Health check complete. Active recordings: 1
2025-07-29 03:47:01,348 - __main__ - INFO - Health check complete. Active recordings: 1
2025-07-29 03:47:31,376 - __main__ - INFO - Health check complete. Active recordings: 1
2025-07-29 03:48:01,397 - __main__ - INFO - Health check complete. Active recordings: 1
2025-07-29 03:48:31,428 - __main__ - INFO - Health check complete. Active recordings: 1
2025-07-29 03:49:01,459 - __main__ - INFO - Health check complete. Active recordings: 1
2025-07-29 03:49:31,490 - __main__ - INFO - Health check complete. Active recordings: 1
2025-07-29 03:50:01,501 - __main__ - INFO - Health check complete. Active recordings: 1
2025-07-29 03:50:01,502 - __main__ - INFO - Storage summary: 164 segments, 3.2 GB used
2025-07-29 03:50:31,532 - __main__ - INFO - Health check complete. Active recordings: 1
2025-07-29 03:51:01,534 - __main__ - INFO - Health check complete. Active recordings: 1
2025-07-29 03:51:31,564 - __main__ - INFO - Health check complete. Active recordings: 1
2025-07-29 03:52:01,592 - __main__ - INFO - Health check complete. Active recordings: 1
2025-07-29 03:52:31,620 - __main__ - INFO - Health check complete. Active recordings: 1
2025-07-29 03:53:01,651 - __main__ - INFO - Health check complete. Active recordings: 1
2025-07-29 03:53:31,680 - __main__ - INFO - Health check complete. Active recordings: 1
2025-07-29 03:54:01,708 - __main__ - INFO - Health check complete. Active recordings: 1
2025-07-29 03:54:31,714 - __main__ - INFO - Health check complete. Active recordings: 1
2025-07-29 03:55:01,073 - app.core.recording.continuous_recorder - INFO - Finalized segment for camera 3: camera_3_20250729_034500_600.avi (600s, 26375936 bytes)
2025-07-29 03:55:01,074 - app.core.recording.continuous_recorder - INFO - Using codec XVID for recording
2025-07-29 03:55:01,074 - app.core.recording.continuous_recorder - INFO - Started new segment for camera 3: camera_3_20250729_035501_600.mp4
2025-07-29 03:55:01,720 - __main__ - INFO - Health check complete. Active recordings: 1
2025-07-29 03:55:01,720 - __main__ - INFO - Storage summary: 165 segments, 3.2 GB used
2025-07-29 03:55:31,752 - __main__ - INFO - Health check complete. Active recordings: 1
2025-07-29 03:56:01,771 - __main__ - INFO - Health check complete. Active recordings: 1
2025-07-29 03:56:31,800 - __main__ - INFO - Health check complete. Active recordings: 1
2025-07-29 03:57:01,828 - __main__ - INFO - Health check complete. Active recordings: 1
2025-07-29 03:57:31,858 - __main__ - INFO - Health check complete. Active recordings: 1
2025-07-29 03:58:01,888 - __main__ - INFO - Health check complete. Active recordings: 1
2025-07-29 03:58:31,916 - __main__ - INFO - Health check complete. Active recordings: 1
2025-07-29 03:59:01,936 - __main__ - INFO - Health check complete. Active recordings: 1
2025-07-29 03:59:31,966 - __main__ - INFO - Health check complete. Active recordings: 1
2025-07-29 04:00:01,997 - __main__ - INFO - Health check complete. Active recordings: 1
2025-07-29 04:00:01,997 - __main__ - INFO - Storage summary: 165 segments, 3.2 GB used
2025-07-29 04:00:32,028 - __main__ - INFO - Health check complete. Active recordings: 1
2025-07-29 04:01:02,033 - __main__ - INFO - Health check complete. Active recordings: 1
2025-07-29 04:01:32,043 - __main__ - INFO - Health check complete. Active recordings: 1
2025-07-29 04:02:02,074 - __main__ - INFO - Health check complete. Active recordings: 1
2025-07-29 04:02:32,076 - __main__ - INFO - Health check complete. Active recordings: 1
2025-07-29 04:03:02,082 - __main__ - INFO - Health check complete. Active recordings: 1
2025-07-29 04:03:32,092 - __main__ - INFO - Health check complete. Active recordings: 1
2025-07-29 04:04:02,120 - __main__ - INFO - Health check complete. Active recordings: 1
2025-07-29 04:04:32,148 - __main__ - INFO - Health check complete. Active recordings: 1
2025-07-29 04:04:53,827 - app.core.storage.storage_manager - INFO - Starting storage cleanup...
2025-07-29 04:04:53,828 - app.core.storage.storage_manager - INFO - Cleanup complete: No recordings to clean up
2025-07-29 04:04:53,830 - app.core.storage.storage_manager - INFO - Storage Health: 165 segments, 3.2 GB used, 93.0% disk free
2025-07-29 04:05:01,092 - app.core.recording.continuous_recorder - INFO - Finalized segment for camera 3: camera_3_20250729_035501_600.avi (600s, 26432284 bytes)
2025-07-29 04:05:01,093 - app.core.recording.continuous_recorder - INFO - Using codec XVID for recording
2025-07-29 04:05:01,093 - app.core.recording.continuous_recorder - INFO - Started new segment for camera 3: camera_3_20250729_040501_600.mp4
2025-07-29 04:05:02,157 - __main__ - INFO - Health check complete. Active recordings: 1
2025-07-29 04:05:02,158 - __main__ - INFO - Storage summary: 166 segments, 3.2 GB used
2025-07-29 04:05:32,176 - __main__ - INFO - Health check complete. Active recordings: 1
2025-07-29 04:06:02,201 - __main__ - INFO - Health check complete. Active recordings: 1
2025-07-29 04:06:32,228 - __main__ - INFO - Health check complete. Active recordings: 1
2025-07-29 04:07:02,259 - __main__ - INFO - Health check complete. Active recordings: 1
2025-07-29 04:07:32,289 - __main__ - INFO - Health check complete. Active recordings: 1
2025-07-29 04:08:02,294 - __main__ - INFO - Health check complete. Active recordings: 1
2025-07-29 04:08:32,300 - __main__ - INFO - Health check complete. Active recordings: 1
2025-07-29 04:09:02,330 - __main__ - INFO - Health check complete. Active recordings: 1
2025-07-29 04:09:32,361 - __main__ - INFO - Health check complete. Active recordings: 1
2025-07-29 04:10:02,372 - __main__ - INFO - Health check complete. Active recordings: 1
2025-07-29 04:10:02,372 - __main__ - INFO - Storage summary: 166 segments, 3.2 GB used
2025-07-29 04:10:32,403 - __main__ - INFO - Health check complete. Active recordings: 1
2025-07-29 04:11:02,432 - __main__ - INFO - Health check complete. Active recordings: 1
2025-07-29 04:11:32,460 - __main__ - INFO - Health check complete. Active recordings: 1
2025-07-29 04:12:02,490 - __main__ - INFO - Health check complete. Active recordings: 1
2025-07-29 04:12:32,520 - __main__ - INFO - Health check complete. Active recordings: 1
2025-07-29 04:13:02,551 - __main__ - INFO - Health check complete. Active recordings: 1
2025-07-29 04:13:32,581 - __main__ - INFO - Health check complete. Active recordings: 1
2025-07-29 04:14:02,612 - __main__ - INFO - Health check complete. Active recordings: 1
2025-07-29 04:14:32,643 - __main__ - INFO - Health check complete. Active recordings: 1
2025-07-29 04:15:01,141 - app.core.recording.continuous_recorder - INFO - Finalized segment for camera 3: camera_3_20250729_040501_600.avi (600s, 26277548 bytes)
2025-07-29 04:15:01,142 - app.core.recording.continuous_recorder - INFO - Using codec XVID for recording
2025-07-29 04:15:01,142 - app.core.recording.continuous_recorder - INFO - Started new segment for camera 3: camera_3_20250729_041501_600.mp4
2025-07-29 04:15:02,667 - __main__ - INFO - Health check complete. Active recordings: 1
2025-07-29 04:15:02,667 - __main__ - INFO - Storage summary: 167 segments, 3.2 GB used
2025-07-29 04:15:32,698 - __main__ - INFO - Health check complete. Active recordings: 1
2025-07-29 04:16:02,712 - __main__ - INFO - Health check complete. Active recordings: 1
2025-07-29 04:16:32,740 - __main__ - INFO - Health check complete. Active recordings: 1
2025-07-29 04:17:02,771 - __main__ - INFO - Health check complete. Active recordings: 1
2025-07-29 04:17:32,802 - __main__ - INFO - Health check complete. Active recordings: 1
2025-07-29 04:18:02,832 - __main__ - INFO - Health check complete. Active recordings: 1
2025-07-29 04:18:32,860 - __main__ - INFO - Health check complete. Active recordings: 1
2025-07-29 04:19:02,888 - __main__ - INFO - Health check complete. Active recordings: 1
2025-07-29 04:19:32,918 - __main__ - INFO - Health check complete. Active recordings: 1
2025-07-29 04:20:02,949 - __main__ - INFO - Health check complete. Active recordings: 1
2025-07-29 04:20:02,949 - __main__ - INFO - Storage summary: 167 segments, 3.2 GB used
2025-07-29 04:20:32,980 - __main__ - INFO - Health check complete. Active recordings: 1
2025-07-29 04:21:03,397 - __main__ - INFO - Health check complete. Active recordings: 1
2025-07-29 04:21:33,427 - __main__ - INFO - Health check complete. Active recordings: 1
2025-07-29 04:22:03,457 - __main__ - INFO - Health check complete. Active recordings: 1
2025-07-29 04:22:33,488 - __main__ - INFO - Health check complete. Active recordings: 1
2025-07-29 04:23:03,519 - __main__ - INFO - Health check complete. Active recordings: 1
2025-07-29 04:23:33,548 - __main__ - INFO - Health check complete. Active recordings: 1
2025-07-29 04:24:03,576 - __main__ - INFO - Health check complete. Active recordings: 1
2025-07-29 04:24:33,605 - __main__ - INFO - Health check complete. Active recordings: 1
2025-07-29 04:25:01,225 - app.core.recording.continuous_recorder - INFO - Finalized segment for camera 3: camera_3_20250729_041501_600.avi (600s, 26361760 bytes)
2025-07-29 04:25:01,226 - app.core.recording.continuous_recorder - INFO - Using codec XVID for recording
2025-07-29 04:25:01,226 - app.core.recording.continuous_recorder - INFO - Started new segment for camera 3: camera_3_20250729_042501_600.mp4
2025-07-29 04:25:03,632 - __main__ - INFO - Health check complete. Active recordings: 1
2025-07-29 04:25:03,633 - __main__ - INFO - Storage summary: 168 segments, 3.3 GB used
2025-07-29 04:25:33,662 - __main__ - INFO - Health check complete. Active recordings: 1
2025-07-29 04:26:03,679 - __main__ - INFO - Health check complete. Active recordings: 1
2025-07-29 04:26:33,708 - __main__ - INFO - Health check complete. Active recordings: 1
2025-07-29 04:27:03,736 - __main__ - INFO - Health check complete. Active recordings: 1
2025-07-29 09:47:35,595 - __main__ - INFO - Health check complete. Active recordings: 1
2025-07-29 09:47:52,538 - app.core.recording.continuous_recorder - INFO - Finalized segment for camera 3: camera_3_20250729_042501_600.avi (19371s, 6158282 bytes)
2025-07-29 09:47:52,539 - app.core.recording.continuous_recorder - INFO - Using codec XVID for recording
2025-07-29 09:47:52,539 - app.core.recording.continuous_recorder - INFO - Started new segment for camera 3: camera_3_20250729_094752_600.mp4
2025-07-29 09:48:05,603 - __main__ - INFO - Health check complete. Active recordings: 1
2025-07-29 09:48:35,614 - __main__ - INFO - Health check complete. Active recordings: 1
2025-07-29 09:48:52,650 - app.core.recording.continuous_recorder - WARNING - Lost connection to camera 3, reconnecting...
2025-07-29 09:48:53,652 - app.core.recording.continuous_recorder - INFO - Connecting to camera 3 at rtsp://admin:Mekus_1987@10.0.0.181:554/h264Preview_01_sub
2025-07-29 09:49:00,061 - app.core.recording.continuous_recorder - INFO - Successfully connected to camera 3
2025-07-29 09:49:05,623 - __main__ - INFO - Health check complete. Active recordings: 1
2025-07-29 09:49:35,629 - __main__ - INFO - Health check complete. Active recordings: 1
2025-07-29 09:50:05,659 - __main__ - INFO - Health check complete. Active recordings: 1
2025-07-29 09:50:05,660 - __main__ - INFO - Storage summary: 169 segments, 3.3 GB used
2025-07-29 09:50:35,666 - __main__ - INFO - Health check complete. Active recordings: 1
2025-07-29 09:51:05,697 - __main__ - INFO - Health check complete. Active recordings: 1
2025-07-29 09:51:35,728 - __main__ - INFO - Health check complete. Active recordings: 1
2025-07-29 09:52:05,759 - __main__ - INFO - Health check complete. Active recordings: 1
2025-07-29 09:52:35,764 - __main__ - INFO - Health check complete. Active recordings: 1
2025-07-29 09:53:05,782 - __main__ - INFO - Health check complete. Active recordings: 1
2025-07-29 09:53:35,797 - __main__ - INFO - Health check complete. Active recordings: 1
2025-07-29 09:54:05,808 - __main__ - INFO - Health check complete. Active recordings: 1
2025-07-29 09:54:35,837 - __main__ - INFO - Health check complete. Active recordings: 1
2025-07-29 09:54:56,089 - app.core.storage.storage_manager - INFO - Storage Health: 169 segments, 3.3 GB used, 93.0% disk free
2025-07-29 09:55:05,845 - __main__ - INFO - Health check complete. Active recordings: 1
2025-07-29 09:55:05,846 - __main__ - INFO - Storage summary: 169 segments, 3.3 GB used
2025-07-29 09:55:35,877 - __main__ - INFO - Health check complete. Active recordings: 1
2025-07-29 09:56:05,906 - __main__ - INFO - Health check complete. Active recordings: 1
2025-07-29 09:56:35,934 - __main__ - INFO - Health check complete. Active recordings: 1
2025-07-29 09:57:05,961 - __main__ - INFO - Health check complete. Active recordings: 1
2025-07-29 09:57:35,984 - __main__ - INFO - Health check complete. Active recordings: 1
2025-07-29 09:57:52,604 - app.core.recording.continuous_recorder - INFO - Finalized segment for camera 3: camera_3_20250729_094752_600.avi (600s, 27792052 bytes)
2025-07-29 09:57:52,604 - app.core.recording.continuous_recorder - INFO - Using codec XVID for recording
2025-07-29 09:57:52,604 - app.core.recording.continuous_recorder - INFO - Started new segment for camera 3: camera_3_20250729_095752_600.mp4
2025-07-29 09:58:06,014 - __main__ - INFO - Health check complete. Active recordings: 1
2025-07-29 09:58:36,041 - __main__ - INFO - Health check complete. Active recordings: 1
2025-07-29 09:59:06,070 - __main__ - INFO - Health check complete. Active recordings: 1
2025-07-29 09:59:36,099 - __main__ - INFO - Health check complete. Active recordings: 1
2025-07-29 10:00:06,129 - __main__ - INFO - Health check complete. Active recordings: 1
2025-07-29 10:00:06,130 - __main__ - INFO - Storage summary: 170 segments, 3.3 GB used
2025-07-29 10:00:36,158 - __main__ - INFO - Health check complete. Active recordings: 1
2025-07-29 10:01:06,186 - __main__ - INFO - Health check complete. Active recordings: 1
2025-07-29 10:01:36,213 - __main__ - INFO - Health check complete. Active recordings: 1
2025-07-29 10:02:06,217 - __main__ - INFO - Health check complete. Active recordings: 1
2025-07-29 10:02:36,232 - __main__ - INFO - Health check complete. Active recordings: 1
2025-07-29 10:03:06,263 - __main__ - INFO - Health check complete. Active recordings: 1
2025-07-29 10:03:36,294 - __main__ - INFO - Health check complete. Active recordings: 1
2025-07-29 10:04:06,295 - __main__ - INFO - Health check complete. Active recordings: 1
2025-07-29 10:04:36,309 - __main__ - INFO - Health check complete. Active recordings: 1
2025-07-29 10:05:06,337 - __main__ - INFO - Health check complete. Active recordings: 1
2025-07-29 10:05:06,338 - __main__ - INFO - Storage summary: 170 segments, 3.3 GB used
2025-07-29 10:05:36,361 - __main__ - INFO - Health check complete. Active recordings: 1
2025-07-29 10:06:06,389 - __main__ - INFO - Health check complete. Active recordings: 1
2025-07-29 10:06:36,420 - __main__ - INFO - Health check complete. Active recordings: 1
2025-07-29 10:07:06,450 - __main__ - INFO - Health check complete. Active recordings: 1
2025-07-29 10:07:36,479 - __main__ - INFO - Health check complete. Active recordings: 1
2025-07-29 10:07:52,620 - app.core.recording.continuous_recorder - INFO - Finalized segment for camera 3: camera_3_20250729_095752_600.avi (600s, 30995778 bytes)
2025-07-29 10:07:52,621 - app.core.recording.continuous_recorder - INFO - Using codec XVID for recording
2025-07-29 10:07:52,621 - app.core.recording.continuous_recorder - INFO - Started new segment for camera 3: camera_3_20250729_100752_600.mp4
2025-07-29 10:08:06,508 - __main__ - INFO - Health check complete. Active recordings: 1
2025-07-29 10:08:36,538 - __main__ - INFO - Health check complete. Active recordings: 1
2025-07-29 10:09:06,569 - __main__ - INFO - Health check complete. Active recordings: 1
2025-07-29 10:09:36,600 - __main__ - INFO - Health check complete. Active recordings: 1
2025-07-29 10:10:06,631 - __main__ - INFO - Health check complete. Active recordings: 1
2025-07-29 10:10:06,632 - __main__ - INFO - Storage summary: 171 segments, 3.3 GB used
2025-07-29 10:10:36,661 - __main__ - INFO - Health check complete. Active recordings: 1
2025-07-29 10:11:06,689 - __main__ - INFO - Health check complete. Active recordings: 1
2025-07-29 10:11:36,709 - __main__ - INFO - Health check complete. Active recordings: 1
2025-07-29 10:12:06,740 - __main__ - INFO - Health check complete. Active recordings: 1
2025-07-29 10:12:36,771 - __main__ - INFO - Health check complete. Active recordings: 1
2025-07-29 10:13:06,802 - __main__ - INFO - Health check complete. Active recordings: 1
2025-07-29 10:13:36,833 - __main__ - INFO - Health check complete. Active recordings: 1
2025-07-29 10:14:06,855 - __main__ - INFO - Health check complete. Active recordings: 1
2025-07-29 10:14:36,865 - __main__ - INFO - Health check complete. Active recordings: 1
2025-07-29 10:15:06,895 - __main__ - INFO - Health check complete. Active recordings: 1
2025-07-29 10:15:06,896 - __main__ - INFO - Storage summary: 171 segments, 3.3 GB used
2025-07-29 10:15:36,900 - __main__ - INFO - Health check complete. Active recordings: 1
2025-07-29 10:16:06,929 - __main__ - INFO - Health check complete. Active recordings: 1
2025-07-29 10:16:36,958 - __main__ - INFO - Health check complete. Active recordings: 1
2025-07-29 10:17:06,965 - __main__ - INFO - Health check complete. Active recordings: 1
2025-07-29 10:17:36,993 - __main__ - INFO - Health check complete. Active recordings: 1
2025-07-29 10:17:52,752 - app.core.recording.continuous_recorder - INFO - Finalized segment for camera 3: camera_3_20250729_100752_600.avi (600s, 40642468 bytes)
2025-07-29 10:17:52,753 - app.core.recording.continuous_recorder - INFO - Using codec XVID for recording
2025-07-29 10:17:52,753 - app.core.recording.continuous_recorder - INFO - Started new segment for camera 3: camera_3_20250729_101752_600.mp4
2025-07-29 10:18:06,995 - __main__ - INFO - Health check complete. Active recordings: 1
2025-07-29 10:18:37,026 - __main__ - INFO - Health check complete. Active recordings: 1
2025-07-29 10:19:07,054 - __main__ - INFO - Health check complete. Active recordings: 1
2025-07-29 10:19:37,069 - __main__ - INFO - Health check complete. Active recordings: 1
2025-07-29 10:20:07,097 - __main__ - INFO - Health check complete. Active recordings: 1
2025-07-29 10:20:07,098 - __main__ - INFO - Storage summary: 172 segments, 3.4 GB used
2025-07-29 10:20:37,126 - __main__ - INFO - Health check complete. Active recordings: 1
2025-07-29 10:21:07,137 - __main__ - INFO - Health check complete. Active recordings: 1
2025-07-29 10:21:37,168 - __main__ - INFO - Health check complete. Active recordings: 1
2025-07-29 10:22:07,175 - __main__ - INFO - Health check complete. Active recordings: 1
2025-07-29 10:22:37,205 - __main__ - INFO - Health check complete. Active recordings: 1
2025-07-29 10:23:07,236 - __main__ - INFO - Health check complete. Active recordings: 1
2025-07-29 10:23:37,255 - __main__ - INFO - Health check complete. Active recordings: 1
